Date,Ticker,Open,High,Low,Close,Adj Close,Volume
2022-12-19,AAPL,135.11000061035156,135.1999969482422,131.32000732421875,132.3699951171875,130.2808074951172,79592600
2022-12-20,AAPL,131.38999938964844,133.25,129.88999938964844,132.3000030517578,130.2119140625,77432800
2022-12-21,AAPL,132.97999572753906,136.80999755859375,132.75,135.4499969482422,133.31219482421875,85928000
2022-12-22,AAPL,134.35000610351562,134.55999755859375,130.3000030517578,132.22999572753906,130.14303588867188,77852100
2022-12-23,AAPL,130.9199981689453,132.4199981689453,129.63999938964844,131.86000061035156,129.77883911132812,63814900
2022-12-27,AAPL,131.3800048828125,131.41000366210938,128.72000122070312,130.02999877929688,127.97773742675781,69007800
2022-12-28,AAPL,129.6699981689453,131.02999877929688,125.87000274658203,126.04000091552734,124.05072021484375,85438400
2022-12-29,AAPL,127.98999786376953,130.47999572753906,127.7300033569336,129.61000061035156,127.56436157226562,75703700
2022-12-30,AAPL,128.41000366210938,129.9499969482422,127.43000030517578,129.92999267578125,127.87930297851562,77034200
2023-01-03,AAPL,130.27999877929688,130.89999389648438,124.16999816894531,125.06999969482422,123.09601593017578,112117500
2023-01-04,AAPL,126.88999938964844,128.66000366210938,125.08000183105469,126.36000061035156,124.36563873291016,89113600
2023-01-05,AAPL,127.12999725341797,127.7699966430664,124.76000213623047,125.0199966430664,123.04680633544922,80962700
2023-01-06,AAPL,126.01000213623047,130.2899932861328,124.88999938964844,129.6199951171875,127.57421875,87754700
2023-01-09,AAPL,130.47000122070312,133.41000366210938,129.88999938964844,130.14999389648438,128.09585571289062,70790800
2023-01-10,AAPL,130.25999450683594,131.25999450683594,128.1199951171875,130.72999572753906,128.6667022705078,63896200
2023-01-11,AAPL,131.25,133.50999450683594,130.4600067138672,133.49000549316406,131.3831329345703,69458900
2023-01-12,AAPL,133.8800048828125,134.25999450683594,131.44000244140625,133.41000366210938,131.30442810058594,71379600
2023-01-13,AAPL,132.02999877929688,134.9199981689453,131.66000366210938,134.75999450683594,132.63304138183594,57809700
2023-01-17,AAPL,134.8300018310547,137.2899932861328,134.1300048828125,135.94000244140625,133.7944793701172,63646600
2023-01-18,AAPL,136.82000732421875,138.61000061035156,135.02999877929688,135.2100067138672,133.0759735107422,69672800
2023-01-19,AAPL,134.0800018310547,136.25,133.77000427246094,135.27000427246094,133.1350555419922,58280400
2023-01-20,AAPL,135.27999877929688,138.02000427246094,134.22000122070312,137.8699951171875,135.69400024414062,80223600
2023-01-23,AAPL,138.1199951171875,143.32000732421875,137.89999389648438,141.11000061035156,138.88287353515625,81760300
2023-01-24,AAPL,140.30999755859375,143.16000366210938,140.3000030517578,142.52999877929688,140.2804412841797,66435100
2023-01-25,AAPL,140.88999938964844,142.42999267578125,138.80999755859375,141.86000061035156,139.6210174560547,65799300
2023-01-26,AAPL,143.1699981689453,144.25,141.89999389648438,143.9600067138672,141.6878662109375,54105100
2023-01-27,AAPL,143.16000366210938,147.22999572753906,143.0800018310547,145.92999267578125,143.6267852783203,70555800
2023-01-30,AAPL,144.9600067138672,145.5500030517578,142.85000610351562,143.0,140.74301147460938,64015300
2023-01-31,AAPL,142.6999969482422,144.33999633789062,142.27999877929688,144.2899932861328,142.01266479492188,65874500
2023-02-01,AAPL,143.97000122070312,146.61000061035156,141.32000732421875,145.42999267578125,143.13465881347656,77663600
2023-02-02,AAPL,148.89999389648438,151.17999267578125,148.1699981689453,150.82000732421875,148.43960571289062,118339000
2023-02-03,AAPL,148.02999877929688,157.3800048828125,147.8300018310547,154.5,152.06150817871094,154357300
2023-02-06,AAPL,152.57000732421875,153.10000610351562,150.77999877929688,151.72999572753906,149.3352508544922,69858300
2023-02-07,AAPL,150.63999938964844,155.22999572753906,150.63999938964844,154.64999389648438,152.20913696289062,83322600
2023-02-08,AAPL,153.8800048828125,154.5800018310547,151.1699981689453,151.9199981689453,149.52224731445312,64120100
2023-02-09,AAPL,153.77999877929688,154.3300018310547,150.4199981689453,150.8699951171875,148.48883056640625,56007100
2023-02-10,AAPL,149.4600067138672,151.33999633789062,149.22000122070312,151.00999450683594,148.85353088378906,57450700
2023-02-13,AAPL,150.9499969482422,154.25999450683594,150.9199981689453,153.85000610351562,151.65301513671875,62199000
2023-02-14,AAPL,152.1199951171875,153.77000427246094,150.86000061035156,153.1999969482422,151.01226806640625,61707600
2023-02-15,AAPL,153.11000061035156,155.5,152.8800048828125,155.3300018310547,153.11183166503906,65573800
2023-02-16,AAPL,153.50999450683594,156.3300018310547,153.35000610351562,153.7100067138672,151.5149688720703,68167900
2023-02-17,AAPL,152.35000610351562,153.0,150.85000610351562,152.5500030517578,150.3715362548828,59144100
2023-02-21,AAPL,150.1999969482422,151.3000030517578,148.41000366210938,148.47999572753906,146.35964965820312,58867200
2023-02-22,AAPL,148.8699951171875,149.9499969482422,147.16000366210938,148.91000366210938,146.7835235595703,51011300
2023-02-23,AAPL,150.08999633789062,150.33999633789062,147.24000549316406,149.39999389648438,147.26651000976562,48394200
2023-02-24,AAPL,147.11000061035156,147.19000244140625,145.72000122070312,146.7100067138672,144.61495971679688,55469600
2023-02-27,AAPL,147.7100067138672,149.1699981689453,147.4499969482422,147.9199981689453,145.80764770507812,44998500
2023-02-28,AAPL,147.0500030517578,149.0800018310547,146.8300018310547,147.41000366210938,145.3049774169922,50547000
2023-03-01,AAPL,146.8300018310547,147.22999572753906,145.00999450683594,145.30999755859375,143.2349395751953,55479000
2023-03-02,AAPL,144.3800048828125,146.7100067138672,143.89999389648438,145.91000366210938,143.8263702392578,52238100
2023-03-03,AAPL,148.0399932861328,151.11000061035156,147.3300018310547,151.02999877929688,148.87327575683594,70732300
2023-03-06,AAPL,153.7899932861328,156.3000030517578,153.4600067138672,153.8300018310547,151.63328552246094,87558000
2023-03-07,AAPL,153.6999969482422,154.02999877929688,151.1300048828125,151.60000610351562,149.4351043701172,56182000
2023-03-08,AAPL,152.80999755859375,153.47000122070312,151.8300018310547,152.8699951171875,150.68698120117188,47204800
2023-03-09,AAPL,153.55999755859375,154.5399932861328,150.22999572753906,150.58999633789062,148.4395294189453,53833600
2023-03-10,AAPL,150.2100067138672,150.94000244140625,147.61000061035156,148.5,146.37937927246094,68572400
2023-03-13,AAPL,147.80999755859375,153.13999938964844,147.6999969482422,150.47000122070312,148.32127380371094,84457100
2023-03-14,AAPL,151.27999877929688,153.39999389648438,150.10000610351562,152.58999633789062,150.41099548339844,73695900
2023-03-15,AAPL,151.19000244140625,153.25,149.9199981689453,152.99000549316406,150.80528259277344,77167900
2023-03-16,AAPL,152.16000366210938,156.4600067138672,151.63999938964844,155.85000610351562,153.6244354248047,76161100
2023-03-17,AAPL,156.0800018310547,156.74000549316406,154.27999877929688,155.0,152.7865753173828,98944600
2023-03-20,AAPL,155.07000732421875,157.82000732421875,154.14999389648438,157.39999389648438,155.15228271484375,73641400
2023-03-21,AAPL,157.32000732421875,159.39999389648438,156.5399932861328,159.27999877929688,157.0054473876953,73938300
2023-03-22,AAPL,159.3000030517578,162.13999938964844,157.80999755859375,157.8300018310547,155.576171875,75701800
2023-03-23,AAPL,158.8300018310547,161.5500030517578,157.67999267578125,158.92999267578125,156.66041564941406,67622100
2023-03-24,AAPL,158.86000061035156,160.33999633789062,157.85000610351562,160.25,157.9615936279297,59196500
2023-03-27,AAPL,159.94000244140625,160.77000427246094,157.8699951171875,158.27999877929688,156.01971435546875,52390300
2023-03-28,AAPL,157.97000122070312,158.49000549316406,155.97999572753906,157.64999389648438,155.39869689941406,45992200
2023-03-29,AAPL,159.3699951171875,161.0500030517578,159.35000610351562,160.77000427246094,158.47413635253906,51305700
2023-03-30,AAPL,161.52999877929688,162.47000122070312,161.27000427246094,162.36000061035156,160.04147338867188,49501700
2023-03-31,AAPL,162.44000244140625,165.0,161.91000366210938,164.89999389648438,162.54518127441406,68749800
2023-04-03,AAPL,164.27000427246094,166.2899932861328,164.22000122070312,166.1699981689453,163.7970428466797,56976200
2023-04-04,AAPL,166.60000610351562,166.83999633789062,165.11000061035156,165.6300048828125,163.26475524902344,46278300
2023-04-05,AAPL,164.74000549316406,165.0500030517578,161.8000030517578,163.75999450683594,161.42144775390625,51511700
2023-04-06,AAPL,162.42999267578125,164.9600067138672,162.0,164.66000366210938,162.30860900878906,45390100
2023-04-10,AAPL,161.4199981689453,162.02999877929688,160.0800018310547,162.02999877929688,159.7161407470703,47716900
2023-04-11,AAPL,162.35000610351562,162.36000061035156,160.50999450683594,160.8000030517578,158.5037384033203,47644200
2023-04-12,AAPL,161.22000122070312,162.05999755859375,159.77999877929688,160.10000610351562,157.81373596191406,50133100
2023-04-13,AAPL,161.6300048828125,165.8000030517578,161.4199981689453,165.55999755859375,163.1957550048828,68445600
2023-04-14,AAPL,164.58999633789062,166.32000732421875,163.82000732421875,165.2100067138672,162.8507843017578,49386500
2023-04-17,AAPL,165.08999633789062,165.38999938964844,164.02999877929688,165.22999572753906,162.87046813964844,41516200
2023-04-18,AAPL,166.10000610351562,167.41000366210938,165.64999389648438,166.47000122070312,164.09280395507812,49923000
2023-04-19,AAPL,165.8000030517578,168.16000366210938,165.5399932861328,167.6300048828125,165.23622131347656,47720200
2023-04-20,AAPL,166.08999633789062,167.8699951171875,165.55999755859375,166.64999389648438,164.2701873779297,52456400
2023-04-21,AAPL,165.0500030517578,166.4499969482422,164.49000549316406,165.02000427246094,162.66348266601562,58337300
2023-04-24,AAPL,165.0,165.60000610351562,163.88999938964844,165.3300018310547,162.9690399169922,41949600
2023-04-25,AAPL,165.19000244140625,166.30999755859375,163.72999572753906,163.77000427246094,161.43133544921875,48714100
2023-04-26,AAPL,163.05999755859375,165.27999877929688,162.8000030517578,163.75999450683594,161.42144775390625,45498800
2023-04-27,AAPL,165.19000244140625,168.55999755859375,165.19000244140625,168.41000366210938,166.00509643554688,64902300
2023-04-28,AAPL,168.49000549316406,169.85000610351562,167.8800048828125,169.67999267578125,167.2569122314453,55275900
2023-05-01,AAPL,169.27999877929688,170.4499969482422,168.63999938964844,169.58999633789062,167.16822814941406,52472900
2023-05-02,AAPL,170.08999633789062,170.35000610351562,167.5399932861328,168.5399932861328,166.13319396972656,48425700
2023-05-03,AAPL,169.5,170.9199981689453,167.16000366210938,167.4499969482422,165.05877685546875,65136000
2023-05-04,AAPL,164.88999938964844,167.0399932861328,164.30999755859375,165.7899932861328,163.42245483398438,81235400
2023-05-05,AAPL,170.97999572753906,174.3000030517578,170.75999450683594,173.57000732421875,171.09140014648438,113453200
2023-05-08,AAPL,172.47999572753906,173.85000610351562,172.11000061035156,173.5,171.0223846435547,55962800
2023-05-09,AAPL,173.0500030517578,173.5399932861328,171.60000610351562,171.77000427246094,169.31707763671875,45326900
2023-05-10,AAPL,173.02000427246094,174.02999877929688,171.89999389648438,173.55999755859375,171.08154296875,53724500
2023-05-11,AAPL,173.85000610351562,174.58999633789062,172.1699981689453,173.75,171.26881408691406,49514700
2023-05-12,AAPL,173.6199951171875,174.05999755859375,171.0,172.57000732421875,170.34095764160156,45533100
2023-05-15,AAPL,173.16000366210938,173.2100067138672,171.47000122070312,172.07000732421875,169.84739685058594,37266700
2023-05-16,AAPL,171.99000549316406,173.13999938964844,171.8000030517578,172.07000732421875,169.84739685058594,42110300
2023-05-17,AAPL,171.7100067138672,172.92999267578125,170.4199981689453,172.69000244140625,170.45941162109375,57951600
2023-05-18,AAPL,173.0,175.24000549316406,172.5800018310547,175.0500030517578,172.78890991210938,65496700
2023-05-19,AAPL,176.38999938964844,176.38999938964844,174.94000244140625,175.16000366210938,172.89747619628906,55809500
2023-05-22,AAPL,173.97999572753906,174.7100067138672,173.4499969482422,174.1999969482422,171.94989013671875,43570900
2023-05-23,AAPL,173.1300048828125,173.3800048828125,171.27999877929688,171.55999755859375,169.34397888183594,50747300
2023-05-24,AAPL,171.08999633789062,172.4199981689453,170.52000427246094,171.83999633789062,169.620361328125,45143500
2023-05-25,AAPL,172.41000366210938,173.89999389648438,171.69000244140625,172.99000549316406,170.7555389404297,56058300
2023-05-26,AAPL,173.32000732421875,175.77000427246094,173.11000061035156,175.42999267578125,173.16397094726562,54835000
2023-05-30,AAPL,176.9600067138672,178.99000549316406,176.57000732421875,177.3000030517578,175.00982666015625,55964400
2023-05-31,AAPL,177.3300018310547,179.35000610351562,176.75999450683594,177.25,174.96051025390625,99625300
2023-06-01,AAPL,177.6999969482422,180.1199951171875,176.92999267578125,180.08999633789062,177.7637939453125,68901800
2023-06-02,AAPL,181.02999877929688,181.77999877929688,179.25999450683594,180.9499969482422,178.6126708984375,61996900
2023-06-05,AAPL,182.6300048828125,184.9499969482422,178.0399932861328,179.5800018310547,177.2603759765625,121946500
2023-06-06,AAPL,179.97000122070312,180.1199951171875,177.42999267578125,179.2100067138672,176.8951873779297,64848400
2023-06-07,AAPL,178.44000244140625,181.2100067138672,177.32000732421875,177.82000732421875,175.52316284179688,61944600
2023-06-08,AAPL,177.89999389648438,180.83999633789062,177.4600067138672,180.57000732421875,178.23760986328125,50214900
2023-06-09,AAPL,181.5,182.22999572753906,180.6300048828125,180.9600067138672,178.62254333496094,48900000
2023-06-12,AAPL,181.27000427246094,183.88999938964844,180.97000122070312,183.7899932861328,181.41600036621094,54274900
2023-06-13,AAPL,182.8000030517578,184.14999389648438,182.44000244140625,183.30999755859375,180.94224548339844,54929100
2023-06-14,AAPL,183.3699951171875,184.38999938964844,182.02000427246094,183.9499969482422,181.57395935058594,57462900
2023-06-15,AAPL,183.9600067138672,186.52000427246094,183.77999877929688,186.00999450683594,183.60736083984375,65433200
2023-06-16,AAPL,186.72999572753906,186.99000549316406,184.27000427246094,184.9199981689453,182.53143310546875,101256200
2023-06-20,AAPL,184.41000366210938,186.10000610351562,184.41000366210938,185.00999450683594,182.6202392578125,49799100
2023-06-21,AAPL,184.89999389648438,185.41000366210938,182.58999633789062,183.9600067138672,181.58383178710938,49515700
2023-06-22,AAPL,183.74000549316406,187.0500030517578,183.6699981689453,187.0,184.5845489501953,51245300
2023-06-23,AAPL,185.5500030517578,187.55999755859375,185.00999450683594,186.67999267578125,184.26866149902344,53117000
2023-06-26,AAPL,186.8300018310547,188.0500030517578,185.22999572753906,185.27000427246094,182.87692260742188,48088700
2023-06-27,AAPL,185.88999938964844,188.38999938964844,185.6699981689453,188.05999755859375,185.630859375,50730800
2023-06-28,AAPL,187.92999267578125,189.89999389648438,187.60000610351562,189.25,186.80552673339844,51216800
2023-06-29,AAPL,189.0800018310547,190.07000732421875,188.94000244140625,189.58999633789062,187.14108276367188,46347300
2023-06-30,AAPL,191.6300048828125,194.47999572753906,191.25999450683594,193.97000122070312,191.46453857421875,85213200
2023-07-03,AAPL,193.77999877929688,193.8800048828125,191.75999450683594,192.4600067138672,189.97402954101562,31458200
2023-07-05,AAPL,191.57000732421875,192.97999572753906,190.6199951171875,191.3300018310547,188.85861206054688,46920300
2023-07-06,AAPL,189.83999633789062,192.02000427246094,189.1999969482422,191.80999755859375,189.33242797851562,45094300
2023-07-07,AAPL,191.41000366210938,192.6699981689453,190.24000549316406,190.67999267578125,188.21701049804688,46815000
2023-07-10,AAPL,189.25999450683594,189.99000549316406,187.0399932861328,188.61000061035156,186.17376708984375,59922200
2023-07-11,AAPL,189.16000366210938,189.3000030517578,186.60000610351562,188.0800018310547,185.65061950683594,46638100
2023-07-12,AAPL,189.67999267578125,191.6999969482422,188.47000122070312,189.77000427246094,187.31878662109375,60750200
2023-07-13,AAPL,190.5,191.19000244140625,189.77999877929688,190.5399932861328,188.0788116455078,41342300
2023-07-14,AAPL,190.22999572753906,191.17999267578125,189.6300048828125,190.69000244140625,188.22691345214844,41616200
2023-07-17,AAPL,191.89999389648438,194.32000732421875,191.80999755859375,193.99000549316406,191.48426818847656,50520200
2023-07-18,AAPL,193.35000610351562,194.3300018310547,192.4199981689453,193.72999572753906,191.2276153564453,48288200
2023-07-19,AAPL,193.10000610351562,198.22999572753906,192.64999389648438,195.10000610351562,192.5799560546875,80507300
2023-07-20,AAPL,195.08999633789062,196.47000122070312,192.5,193.1300048828125,190.6353759765625,59581200
2023-07-21,AAPL,194.10000610351562,194.97000122070312,191.22999572753906,191.94000244140625,189.46075439453125,71951700
2023-07-24,AAPL,193.41000366210938,194.91000366210938,192.25,192.75,190.26031494140625,45377800
2023-07-25,AAPL,193.3300018310547,194.44000244140625,192.9199981689453,193.6199951171875,191.11903381347656,37283200
2023-07-26,AAPL,193.6699981689453,195.63999938964844,193.32000732421875,194.5,191.98768615722656,47471900
2023-07-27,AAPL,196.02000427246094,197.1999969482422,192.5500030517578,193.22000122070312,190.72421264648438,47460200
2023-07-28,AAPL,194.6699981689453,196.6300048828125,194.13999938964844,195.8300018310547,193.30050659179688,48291400
2023-07-31,AAPL,196.05999755859375,196.49000549316406,195.25999450683594,196.4499969482422,193.91249084472656,38824100
2023-08-01,AAPL,196.24000549316406,196.72999572753906,195.27999877929688,195.61000061035156,193.08334350585938,35175100
2023-08-02,AAPL,195.0399932861328,195.17999267578125,191.85000610351562,192.5800018310547,190.0924835205078,50389300
2023-08-03,AAPL,191.57000732421875,192.3699951171875,190.69000244140625,191.1699981689453,188.70066833496094,61235200
2023-08-04,AAPL,185.52000427246094,187.3800048828125,181.9199981689453,181.99000549316406,179.63926696777344,115956800
2023-08-07,AAPL,182.1300048828125,183.1300048828125,177.35000610351562,178.85000610351562,176.5398406982422,97576100
2023-08-08,AAPL,179.69000244140625,180.27000427246094,177.5800018310547,179.8000030517578,177.47756958007812,67823000
2023-08-09,AAPL,180.8699951171875,180.92999267578125,177.00999450683594,178.19000244140625,175.8883514404297,60378500
2023-08-10,AAPL,179.47999572753906,180.75,177.60000610351562,177.97000122070312,175.67117309570312,54686900
2023-08-11,AAPL,177.32000732421875,178.6199951171875,176.5500030517578,177.7899932861328,175.73048400878906,52036700
2023-08-14,AAPL,177.97000122070312,179.69000244140625,177.30999755859375,179.4600067138672,177.38119506835938,43675600
2023-08-15,AAPL,178.8800048828125,179.47999572753906,177.0500030517578,177.4499969482422,175.3944549560547,43622600
2023-08-16,AAPL,177.1300048828125,178.5399932861328,176.5,176.57000732421875,174.52462768554688,46964900
2023-08-17,AAPL,177.13999938964844,177.50999450683594,173.47999572753906,174.0,171.98440551757812,66062900
2023-08-18,AAPL,172.3000030517578,175.10000610351562,171.9600067138672,174.49000549316406,172.46873474121094,61172200
2023-08-21,AAPL,175.07000732421875,176.1300048828125,173.74000549316406,175.83999633789062,173.8031005859375,46311900
2023-08-22,AAPL,177.05999755859375,177.67999267578125,176.25,177.22999572753906,175.17697143554688,42038900
2023-08-23,AAPL,178.52000427246094,181.5500030517578,178.3300018310547,181.1199951171875,179.02194213867188,52722800
2023-08-24,AAPL,180.6699981689453,181.10000610351562,176.00999450683594,176.3800048828125,174.33680725097656,54945800
2023-08-25,AAPL,177.3800048828125,179.14999389648438,175.82000732421875,178.61000061035156,176.54098510742188,51449600
2023-08-28,AAPL,180.08999633789062,180.58999633789062,178.5500030517578,180.19000244140625,178.1027069091797,43820700
2023-08-29,AAPL,179.6999969482422,184.89999389648438,179.5,184.1199951171875,181.98715209960938,53003900
2023-08-30,AAPL,184.94000244140625,187.85000610351562,184.74000549316406,187.64999389648438,185.47628784179688,60813900
2023-08-31,AAPL,187.83999633789062,189.1199951171875,187.47999572753906,187.8699951171875,185.69375610351562,60794500
2023-09-01,AAPL,189.49000549316406,189.9199981689453,188.27999877929688,189.4600067138672,187.2653350830078,45766500
2023-09-05,AAPL,188.27999877929688,189.97999572753906,187.61000061035156,189.6999969482422,187.50254821777344,45280000
2023-09-06,AAPL,188.39999389648438,188.85000610351562,181.47000122070312,182.91000366210938,180.79119873046875,81755800
2023-09-07,AAPL,175.17999267578125,178.2100067138672,173.5399932861328,177.55999755859375,175.503173828125,112488800
2023-09-08,AAPL,178.35000610351562,180.24000549316406,177.7899932861328,178.17999267578125,176.11598205566406,65551300
2023-09-11,AAPL,180.07000732421875,180.3000030517578,177.33999633789062,179.36000061035156,177.28228759765625,58953100
2023-09-12,AAPL,179.49000549316406,180.1300048828125,174.82000732421875,176.3000030517578,174.2577667236328,90370200
2023-09-13,AAPL,176.50999450683594,177.3000030517578,173.97999572753906,174.2100067138672,172.1919708251953,84267900
2023-09-14,AAPL,174.0,176.10000610351562,173.5800018310547,175.74000549316406,173.7042694091797,60895800
2023-09-15,AAPL,176.47999572753906,176.5,173.82000732421875,175.00999450683594,172.98269653320312,109259500
2023-09-18,AAPL,176.47999572753906,179.3800048828125,176.1699981689453,177.97000122070312,175.90841674804688,67257600
2023-09-19,AAPL,177.52000427246094,179.6300048828125,177.1300048828125,179.07000732421875,176.99566650390625,51826900
2023-09-20,AAPL,179.25999450683594,179.6999969482422,175.39999389648438,175.49000549316406,173.4571533203125,58436200
2023-09-21,AAPL,174.5500030517578,176.3000030517578,173.86000061035156,173.92999267578125,171.9152069091797,63149100
2023-09-22,AAPL,174.6699981689453,177.0800018310547,174.0500030517578,174.7899932861328,172.7652587890625,56725400
2023-09-25,AAPL,174.1999969482422,176.97000122070312,174.14999389648438,176.0800018310547,174.0403289794922,46172700
2023-09-26,AAPL,174.82000732421875,175.1999969482422,171.66000366210938,171.9600067138672,169.96804809570312,64588900
2023-09-27,AAPL,172.6199951171875,173.0399932861328,169.0500030517578,170.42999267578125,168.45574951171875,66921800
2023-09-28,AAPL,169.33999633789062,172.02999877929688,167.6199951171875,170.69000244140625,168.7127685546875,56294400
2023-09-29,AAPL,172.02000427246094,173.07000732421875,170.33999633789062,171.2100067138672,169.22671508789062,51861100
2023-10-02,AAPL,171.22000122070312,174.3000030517578,170.92999267578125,173.75,171.73728942871094,52164500
2023-10-03,AAPL,172.25999450683594,173.6300048828125,170.82000732421875,172.39999389648438,170.40296936035156,49594600
2023-10-04,AAPL,171.08999633789062,174.2100067138672,170.97000122070312,173.66000366210938,171.64834594726562,53020300
2023-10-05,AAPL,173.7899932861328,175.4499969482422,172.67999267578125,174.91000366210938,172.8838653564453,48527900
2023-10-06,AAPL,173.8000030517578,177.99000549316406,173.17999267578125,177.49000549316406,175.4340057373047,57266700
2023-10-09,AAPL,176.80999755859375,179.0500030517578,175.8000030517578,178.99000549316406,176.91659545898438,42390800
2023-10-10,AAPL,178.10000610351562,179.72000122070312,177.9499969482422,178.38999938964844,176.32354736328125,43698000
2023-10-11,AAPL,178.1999969482422,179.85000610351562,177.60000610351562,179.8000030517578,177.71722412109375,47551100
2023-10-12,AAPL,180.07000732421875,182.33999633789062,179.0399932861328,180.7100067138672,178.61669921875,56743100
2023-10-13,AAPL,181.4199981689453,181.92999267578125,178.13999938964844,178.85000610351562,176.77822875976562,51427100
2023-10-16,AAPL,176.75,179.0800018310547,176.50999450683594,178.72000122070312,176.64976501464844,52517000
2023-10-17,AAPL,176.64999389648438,178.4199981689453,174.8000030517578,177.14999389648438,175.097900390625,57549400
2023-10-18,AAPL,175.5800018310547,177.5800018310547,175.11000061035156,175.83999633789062,173.8031005859375,54764400
2023-10-19,AAPL,176.0399932861328,177.83999633789062,175.19000244140625,175.4600067138672,173.42750549316406,59302900
2023-10-20,AAPL,175.30999755859375,175.4199981689453,172.63999938964844,172.8800048828125,170.87738037109375,64244000
2023-10-23,AAPL,170.91000366210938,174.00999450683594,169.92999267578125,173.0,170.99598693847656,55980100
2023-10-24,AAPL,173.0500030517578,173.6699981689453,171.4499969482422,173.44000244140625,171.43092346191406,43816600
2023-10-25,AAPL,171.8800048828125,173.05999755859375,170.64999389648438,171.10000610351562,169.11802673339844,57157000
2023-10-26,AAPL,170.3699951171875,171.3800048828125,165.6699981689453,166.88999938964844,164.95680236816406,70625300
2023-10-27,AAPL,166.91000366210938,168.9600067138672,166.8300018310547,168.22000122070312,166.2713623046875,58499100
2023-10-30,AAPL,169.02000427246094,171.1699981689453,168.8699951171875,170.2899932861328,168.31735229492188,51131000
2023-10-31,AAPL,169.35000610351562,170.89999389648438,167.89999389648438,170.77000427246094,168.79183959960938,44846000
2023-11-01,AAPL,171.0,174.22999572753906,170.1199951171875,173.97000122070312,171.9547576904297,56934900
2023-11-02,AAPL,175.52000427246094,177.77999877929688,175.4600067138672,177.57000732421875,175.51307678222656,77334800
2023-11-03,AAPL,174.24000549316406,176.82000732421875,173.35000610351562,176.64999389648438,174.60369873046875,79829200
2023-11-06,AAPL,176.3800048828125,179.42999267578125,176.2100067138672,179.22999572753906,177.15380859375,63841300
2023-11-07,AAPL,179.17999267578125,182.44000244140625,178.97000122070312,181.82000732421875,179.7138214111328,70530000
2023-11-08,AAPL,182.35000610351562,183.4499969482422,181.58999633789062,182.88999938964844,180.77139282226562,49340300
2023-11-09,AAPL,182.9600067138672,184.1199951171875,181.80999755859375,182.41000366210938,180.29696655273438,53763500
2023-11-10,AAPL,183.97000122070312,186.57000732421875,183.52999877929688,186.39999389648438,184.4834747314453,66133400
2023-11-13,AAPL,185.82000732421875,186.02999877929688,184.2100067138672,184.8000030517578,182.8999481201172,43627500
2023-11-14,AAPL,187.6999969482422,188.11000061035156,186.3000030517578,187.44000244140625,185.51280212402344,60108400
2023-11-15,AAPL,187.85000610351562,189.5,187.77999877929688,188.00999450683594,186.07693481445312,53790500
2023-11-16,AAPL,189.57000732421875,190.9600067138672,188.64999389648438,189.7100067138672,187.75949096679688,54412900
2023-11-17,AAPL,190.25,190.3800048828125,188.57000732421875,189.69000244140625,187.73968505859375,50922700
2023-11-20,AAPL,189.88999938964844,191.91000366210938,189.8800048828125,191.4499969482422,189.48158264160156,46505100
2023-11-21,AAPL,191.41000366210938,191.52000427246094,189.74000549316406,190.63999938964844,188.67990112304688,38134500
2023-11-22,AAPL,191.49000549316406,192.92999267578125,190.8300018310547,191.30999755859375,189.34300231933594,39617700
2023-11-24,AAPL,190.8699951171875,190.89999389648438,189.25,189.97000122070312,188.0167999267578,24048300
2023-11-27,AAPL,189.9199981689453,190.6699981689453,188.89999389648438,189.7899932861328,187.83863830566406,40552600
2023-11-28,AAPL,189.77999877929688,191.0800018310547,189.39999389648438,190.39999389648438,188.44236755371094,38415400
2023-11-29,AAPL,190.89999389648438,192.08999633789062,188.97000122070312,189.3699951171875,187.42294311523438,43014200
2023-11-30,AAPL,189.83999633789062,190.32000732421875,188.19000244140625,189.9499969482422,187.99697875976562,48794400
2023-12-01,AAPL,190.3300018310547,191.55999755859375,189.22999572753906,191.24000549316406,189.2737274169922,45704800
2023-12-04,AAPL,189.97999572753906,190.0500030517578,187.4499969482422,189.42999267578125,187.4823455810547,43389500
2023-12-05,AAPL,190.2100067138672,194.39999389648438,190.17999267578125,193.4199981689453,191.4313201904297,66628400
2023-12-06,AAPL,194.4499969482422,194.75999450683594,192.11000061035156,192.32000732421875,190.3426513671875,41089700
2023-12-07,AAPL,193.6300048828125,195.0,193.58999633789062,194.27000427246094,192.27256774902344,47477700
2023-12-08,AAPL,194.1999969482422,195.99000549316406,193.6699981689453,195.7100067138672,193.69778442382812,53406400
2023-12-11,AAPL,193.11000061035156,193.49000549316406,191.4199981689453,193.17999267578125,191.19378662109375,60943700
2023-12-12,AAPL,193.0800018310547,194.72000122070312,191.72000122070312,194.7100067138672,192.7080535888672,52696900
2023-12-13,AAPL,195.08999633789062,198.0,194.85000610351562,197.9600067138672,195.9246368408203,70404200
2023-12-14,AAPL,198.02000427246094,199.6199951171875,196.16000366210938,198.11000061035156,196.07310485839844,66831600
2023-12-15,AAPL,197.52999877929688,198.39999389648438,197.0,197.57000732421875,195.53866577148438,128538400
2023-01-10,AMD,66.66999816894531,68.1500015258789,66.55999755859375,68.05000305175781,68.05000305175781,41149600
2023-01-11,AMD,68.38999938964844,69.12999725341797,67.22000122070312,69.05999755859375,69.05999755859375,44470100
2023-01-12,AMD,70.06999969482422,71.6500015258789,67.18000030517578,70.80000305175781,70.80000305175781,70066200
2023-01-13,AMD,69.83999633789062,71.0999984741211,69.2300033569336,71.0,71.0,45757400
2023-01-17,AMD,70.87000274658203,72.66000366210938,70.6500015258789,71.58999633789062,71.58999633789062,42621300
2023-01-18,AMD,71.87000274658203,72.77999877929688,70.5,70.52999877929688,70.52999877929688,39538700
2023-01-19,AMD,68.97000122070312,69.25,67.2699966430664,67.70999908447266,67.70999908447266,47189900
2023-01-20,AMD,68.01000213623047,70.12999725341797,67.44999694824219,70.06999969482422,70.06999969482422,47757600
2023-01-23,AMD,72.22000122070312,76.58999633789062,71.54000091552734,76.52999877929688,76.52999877929688,84293200
2023-01-24,AMD,73.75,75.63999938964844,73.41999816894531,74.69999694824219,74.69999694824219,60822600
2023-01-25,AMD,72.9000015258789,75.12000274658203,72.08999633789062,74.91000366210938,74.91000366210938,49932600
2023-01-26,AMD,76.5,77.08000183105469,74.27999877929688,75.16000366210938,75.16000366210938,49583900
2023-01-27,AMD,73.69999694824219,76.73999786376953,73.48999786376953,75.4000015258789,75.4000015258789,58118600
2023-01-30,AMD,74.2300033569336,74.63999938964844,72.4000015258789,72.44999694824219,72.44999694824219,48105200
2023-01-31,AMD,72.26000213623047,75.19999694824219,72.02999877929688,75.1500015258789,75.1500015258789,71669100
2023-02-01,AMD,78.47000122070312,85.4800033569336,77.87999725341797,84.63999938964844,84.63999938964844,152548200
2023-02-02,AMD,84.29000091552734,88.94000244140625,83.19999694824219,88.30999755859375,88.30999755859375,97762100
2023-02-03,AMD,86.66000366210938,88.80000305175781,85.83000183105469,86.08999633789062,86.08999633789062,66557800
2023-02-06,AMD,84.62999725341797,86.27999877929688,83.22000122070312,83.68000030517578,83.68000030517578,53008900
2023-02-07,AMD,84.31999969482422,86.25,82.5199966430664,85.91000366210938,85.91000366210938,65291900
2023-02-08,AMD,85.87999725341797,88.0,84.54000091552734,84.69000244140625,84.69000244140625,54140400
2023-02-09,AMD,85.87999725341797,86.66999816894531,82.76000213623047,83.20999908447266,83.20999908447266,46525400
2023-02-10,AMD,82.29000091552734,82.70999908447266,80.47000122070312,81.4800033569336,81.4800033569336,49332600
2023-02-13,AMD,81.56999969482422,84.1500015258789,80.9000015258789,83.12999725341797,83.12999725341797,45400000
2023-02-14,AMD,82.69999694824219,86.19000244140625,81.7699966430664,85.94999694824219,85.94999694824219,55979700
2023-02-15,AMD,85.0999984741211,85.88999938964844,83.31999969482422,85.18000030517578,85.18000030517578,46430200
2023-02-16,AMD,82.9800033569336,83.3499984741211,80.05000305175781,80.08000183105469,80.08000183105469,57755200
2023-02-17,AMD,79.5999984741211,79.6500015258789,77.37000274658203,78.5,78.5,47826600
2023-02-21,AMD,77.1500015258789,78.45999908447266,76.44999694824219,76.7699966430664,76.7699966430664,44045600
2023-02-22,AMD,76.93000030517578,78.12999725341797,75.91999816894531,76.61000061035156,76.61000061035156,50286800
2023-02-23,AMD,80.62999725341797,81.79000091552734,77.97000122070312,79.75,79.75,76391300
2023-02-24,AMD,77.75,78.80999755859375,76.94000244140625,78.08999633789062,78.08999633789062,46700000
2023-02-27,AMD,79.63999938964844,80.12000274658203,78.52999877929688,78.7699966430664,78.7699966430664,45617300
2023-02-28,AMD,77.87000274658203,80.13999938964844,77.41999816894531,78.58000183105469,78.58000183105469,44220100
2023-03-01,AMD,78.55000305175781,80.29000091552734,77.87999725341797,78.29000091552734,78.29000091552734,44266000
2023-03-02,AMD,77.56999969482422,80.91999816894531,76.6500015258789,80.44000244140625,80.44000244140625,60108600
2023-03-03,AMD,80.4000015258789,81.62999725341797,79.33999633789062,81.5199966430664,81.5199966430664,54536200
2023-03-06,AMD,82.02999877929688,83.30000305175781,81.04000091552734,81.16000366210938,81.16000366210938,54541300
2023-03-07,AMD,81.06999969482422,84.8499984741211,80.66999816894531,82.11000061035156,82.11000061035156,70959000
2023-03-08,AMD,82.79000091552734,85.7699966430664,82.27999877929688,85.37000274658203,85.37000274658203,69529800
2023-03-09,AMD,85.29000091552734,87.80999755859375,83.58999633789062,84.02999877929688,84.02999877929688,79496700
2023-03-10,AMD,84.47000122070312,85.44999694824219,81.62999725341797,82.66999816894531,82.66999816894531,70273600
2023-03-13,AMD,81.38999938964844,83.83000183105469,78.5199966430664,82.01000213623047,82.01000213623047,65269100
2023-03-14,AMD,83.66999816894531,88.30000305175781,83.58999633789062,87.44999694824219,87.44999694824219,66616300
2023-03-15,AMD,86.7699966430664,90.41999816894531,86.22000122070312,89.68000030517578,89.68000030517578,86177400
2023-03-16,AMD,89.72000122070312,96.69000244140625,89.0199966430664,96.5999984741211,96.5999984741211,115839200
2023-03-17,AMD,96.66000366210938,98.75,95.94000244140625,97.83999633789062,97.83999633789062,94080800
2023-03-20,AMD,96.30000305175781,96.94000244140625,92.9000015258789,96.80999755859375,96.80999755859375,92008900
2023-03-21,AMD,97.0,99.45999908447266,93.63999938964844,95.93000030517578,95.93000030517578,85285300
2023-03-22,AMD,95.6500015258789,101.69999694824219,95.63999938964844,97.58000183105469,97.58000183105469,110816300
2023-03-23,AMD,100.05000305175781,102.43000030517578,98.66999816894531,100.27999877929688,100.27999877929688,84088900
2023-03-24,AMD,99.18000030517578,99.5199966430664,96.73999786376953,97.94999694824219,97.94999694824219,64712400
2023-03-27,AMD,98.0199966430664,98.93000030517578,95.43000030517578,96.61000061035156,96.61000061035156,57461400
2023-03-28,AMD,96.7699966430664,96.94000244140625,92.87000274658203,94.55999755859375,94.55999755859375,59150100
2023-03-29,AMD,96.06999969482422,96.91000366210938,94.87000274658203,96.08999633789062,96.08999633789062,55326000
2023-03-30,AMD,98.0,99.52999877929688,97.25,97.87999725341797,97.87999725341797,59678500
2023-03-31,AMD,96.33999633789062,98.36000061035156,95.2699966430664,98.01000213623047,98.01000213623047,55861100
2023-04-03,AMD,96.69999694824219,96.79000091552734,94.80999755859375,96.55999755859375,96.55999755859375,50655300
2023-04-04,AMD,97.04000091552734,97.2699966430664,95.20999908447266,95.87000274658203,95.87000274658203,43195900
2023-04-05,AMD,94.3499984741211,94.5,91.36000061035156,92.55999755859375,92.55999755859375,52979300
2023-04-06,AMD,91.47000122070312,92.91000366210938,90.62000274658203,92.47000122070312,92.47000122070312,47778400
2023-04-10,AMD,91.31999969482422,95.80000305175781,91.0199966430664,95.4800033569336,95.4800033569336,52536300
2023-04-11,AMD,96.05999755859375,96.06999969482422,92.69000244140625,94.02999877929688,94.02999877929688,51935800
2023-04-12,AMD,94.97000122070312,95.0,91.73999786376953,92.33000183105469,92.33000183105469,53383100
2023-04-13,AMD,92.79000091552734,93.16000366210938,91.83000183105469,92.08999633789062,92.08999633789062,40572500
2023-04-14,AMD,91.81999969482422,92.97000122070312,90.5,91.75,91.75,38734800
2023-04-17,AMD,90.2300033569336,90.69000244140625,88.30000305175781,89.87000274658203,89.87000274658203,47250800
2023-04-18,AMD,91.61000061035156,92.16000366210938,89.33000183105469,89.77999877929688,89.77999877929688,46246300
2023-04-19,AMD,88.51000213623047,90.54000091552734,88.22000122070312,89.94000244140625,89.94000244140625,37344500
2023-04-20,AMD,88.83000183105469,91.58000183105469,88.7300033569336,90.11000061035156,90.11000061035156,47082700
2023-04-21,AMD,89.80000305175781,89.80000305175781,88.05999755859375,88.43000030517578,88.43000030517578,41118300
2023-04-24,AMD,88.11000061035156,88.63999938964844,86.33999633789062,87.56999969482422,87.56999969482422,40423800
2023-04-25,AMD,86.9000015258789,87.05999755859375,83.76000213623047,83.80000305175781,83.80000305175781,52771500
2023-04-26,AMD,86.51000213623047,87.3499984741211,85.31999969482422,85.94000244140625,85.94000244140625,47786600
2023-04-27,AMD,86.41000366210938,87.56999969482422,84.08999633789062,87.44000244140625,87.44000244140625,53087200
2023-04-28,AMD,87.0199966430664,89.75,86.44000244140625,89.37000274658203,89.37000274658203,50686100
2023-05-01,AMD,91.02999877929688,91.04000091552734,88.61000061035156,89.69000244140625,89.69000244140625,59358700
2023-05-02,AMD,89.31999969482422,90.45999908447266,88.12000274658203,89.91000366210938,89.91000366210938,70483500
2023-05-03,AMD,83.54000091552734,85.4800033569336,81.0199966430664,81.62000274658203,81.62000274658203,109482200
2023-05-04,AMD,81.56999969482422,91.63999938964844,81.11000061035156,86.61000061035156,86.61000061035156,122840500
2023-05-05,AMD,84.98999786376953,90.43000030517578,84.72000122070312,89.83999633789062,89.83999633789062,78491100
2023-05-08,AMD,89.98999786376953,95.66000366210938,89.16999816894531,95.04000091552734,95.04000091552734,95503200
2023-05-09,AMD,94.88999938964844,96.16000366210938,93.43000030517578,95.05999755859375,95.05999755859375,68674800
2023-05-10,AMD,96.41999816894531,99.94000244140625,96.12000274658203,97.0199966430664,97.0199966430664,95619500
2023-05-11,AMD,98.16000366210938,99.19000244140625,96.13999938964844,97.0999984741211,97.0999984741211,57061000
2023-05-12,AMD,96.83000183105469,97.44999694824219,93.68000030517578,95.26000213623047,95.26000213623047,53829700
2023-05-15,AMD,95.19999694824219,97.43000030517578,93.44999694824219,97.4000015258789,97.4000015258789,51749200
2023-05-16,AMD,97.38999938964844,103.27999877929688,97.30999755859375,101.4800033569336,101.4800033569336,90622900
2023-05-17,AMD,101.79000091552734,104.13999938964844,100.05000305175781,103.75,103.75,75240900
2023-05-18,AMD,103.9800033569336,108.0999984741211,103.93000030517578,107.93000030517578,107.93000030517578,74338700
2023-05-19,AMD,106.36000061035156,107.29000091552734,104.62000274658203,105.81999969482422,105.81999969482422,67880200
2023-05-22,AMD,104.68000030517578,108.79000091552734,103.48999786376953,108.0,108.0,65424200
2023-05-23,AMD,107.25,110.98999786376953,107.19000244140625,108.12000274658203,108.12000274658203,73099100
2023-05-24,AMD,105.9800033569336,108.91000366210938,105.63999938964844,108.2699966430664,108.2699966430664,65910500
2023-05-25,AMD,117.30999755859375,120.69000244140625,115.80000305175781,120.3499984741211,120.3499984741211,108514700
2023-05-26,AMD,122.45999908447266,127.43000030517578,120.88999938964844,127.02999877929688,127.02999877929688,92922800
2023-05-30,AMD,130.4199981689453,130.7899932861328,123.51000213623047,125.2699966430664,125.2699966430664,98902300
2023-05-31,AMD,122.41999816894531,123.95999908447266,117.86000061035156,118.20999908447266,118.20999908447266,87552200
2023-06-01,AMD,117.29000091552734,121.27999877929688,116.5999984741211,119.47000122070312,119.47000122070312,66032900
2023-06-02,AMD,120.75,121.66000366210938,117.68000030517578,117.86000061035156,117.86000061035156,52382400
2023-06-05,AMD,116.58999633789062,119.31999969482422,116.41999816894531,117.93000030517578,117.93000030517578,52602900
2023-06-06,AMD,117.91000366210938,124.41999816894531,117.73999786376953,124.2300033569336,124.2300033569336,75257500
2023-06-07,AMD,124.02999877929688,125.33999633789062,117.06999969482422,117.83000183105469,117.83000183105469,81755200
2023-06-08,AMD,118.30000305175781,122.20999908447266,117.05000305175781,121.05000305175781,121.05000305175781,65246900
2023-06-09,AMD,123.56999969482422,127.25,123.55000305175781,124.91999816894531,124.91999816894531,75105000
2023-06-12,AMD,128.52000427246094,130.47999572753906,126.4000015258789,129.19000244140625,129.19000244140625,85394700
2023-06-13,AMD,132.32000732421875,132.8300018310547,122.44999694824219,124.52999877929688,124.52999877929688,132461900
2023-06-14,AMD,126.52999877929688,127.7300033569336,123.80999755859375,127.33000183105469,127.33000183105469,95888100
2023-06-15,AMD,125.38999938964844,125.69999694824219,122.26000213623047,124.23999786376953,124.23999786376953,85587100
2023-06-16,AMD,125.81999969482422,125.8499984741211,119.9000015258789,120.08000183105469,120.08000183105469,82007100
2023-06-20,AMD,119.08999633789062,121.75,117.69999694824219,118.93000030517578,118.93000030517578,58851800
2023-06-21,AMD,118.48999786376953,119.19000244140625,111.66999816894531,112.11000061035156,112.11000061035156,82835600
2023-06-22,AMD,112.23999786376953,114.0,109.8499984741211,110.69999694824219,110.69999694824219,70754800
2023-06-23,AMD,109.30999755859375,111.0999984741211,107.45999908447266,110.01000213623047,110.01000213623047,73622000
2023-06-26,AMD,110.94999694824219,112.55000305175781,107.19999694824219,107.51000213623047,107.51000213623047,68557000
2023-06-27,AMD,108.56999969482422,110.97000122070312,107.08000183105469,110.38999938964844,110.38999938964844,59381600
2023-06-28,AMD,108.20999908447266,111.77999877929688,107.62999725341797,110.16999816894531,110.16999816894531,67534100
2023-06-29,AMD,112.06999969482422,112.76000213623047,109.83999633789062,111.23999786376953,111.23999786376953,58347200
2023-06-30,AMD,113.02999877929688,114.69000244140625,112.41000366210938,113.91000366210938,113.91000366210938,53378800
2023-07-03,AMD,115.16000366210938,116.7300033569336,114.51000213623047,115.81999969482422,115.81999969482422,31860000
2023-07-05,AMD,116.0999984741211,117.66000366210938,113.86000061035156,113.94999694824219,113.94999694824219,49501600
2023-07-06,AMD,112.06999969482422,113.79000091552734,110.30999755859375,113.4800033569336,113.4800033569336,42342000
2023-07-07,AMD,114.16000366210938,115.33000183105469,113.04000091552734,113.16999816894531,113.16999816894531,37211300
2023-07-10,AMD,113.0,113.61000061035156,109.87999725341797,113.58000183105469,113.58000183105469,49330200
2023-07-11,AMD,111.66000366210938,113.2699966430664,109.5,111.31999969482422,111.31999969482422,59899500
2023-07-12,AMD,112.88999938964844,115.4000015258789,112.30999755859375,114.58000183105469,114.58000183105469,57993100
2023-07-13,AMD,115.76000213623047,116.16000366210938,113.58000183105469,115.91999816894531,115.91999816894531,49206700
2023-07-14,AMD,116.16999816894531,122.12000274658203,115.25,115.94000244140625,115.94000244140625,91927200
2023-07-17,AMD,115.94999694824219,118.83999633789062,112.7300033569336,118.31999969482422,118.31999969482422,68593300
2023-07-18,AMD,117.55000305175781,118.43000030517578,115.19000244140625,117.93000030517578,117.93000030517578,57980100
2023-07-19,AMD,121.30000305175781,121.66999816894531,115.55000305175781,116.43000030517578,116.43000030517578,70363100
2023-07-20,AMD,114.95999908447266,115.05000305175781,109.23999786376953,110.25,110.25,76340400
2023-07-21,AMD,110.97000122070312,112.30000305175781,109.54000091552734,110.94999694824219,110.94999694824219,76815400
2023-07-24,AMD,110.62000274658203,111.30999755859375,108.55000305175781,110.61000061035156,110.61000061035156,45583600
2023-07-25,AMD,111.13999938964844,114.05000305175781,111.0,113.0,113.0,44916300
2023-07-26,AMD,111.91000366210938,112.36000061035156,109.30000305175781,110.08999633789062,110.08999633789062,51721700
2023-07-27,AMD,111.79000091552734,115.08000183105469,110.51000213623047,111.0999984741211,111.0999984741211,70678000
2023-07-28,AMD,113.37999725341797,114.86000061035156,112.44000244140625,112.95999908447266,112.95999908447266,55526000
2023-07-31,AMD,114.16000366210938,114.68000030517578,112.3499984741211,114.4000015258789,114.4000015258789,54187300
2023-08-01,AMD,114.26000213623047,118.19000244140625,113.16000366210938,117.5999984741211,117.5999984741211,95279300
2023-08-02,AMD,119.48999786376953,119.5,107.37999725341797,109.3499984741211,109.3499984741211,173372000
2023-08-03,AMD,108.94999694824219,114.95999908447266,108.94999694824219,113.1500015258789,113.1500015258789,90605400
2023-08-04,AMD,114.4800033569336,118.8499984741211,113.95999908447266,115.81999969482422,115.81999969482422,83169700
2023-08-07,AMD,116.36000061035156,119.08000183105469,115.48999786376953,116.80999755859375,116.80999755859375,65854800
2023-08-08,AMD,114.94000244140625,115.45999908447266,111.41000366210938,113.2300033569336,113.2300033569336,54141800
2023-08-09,AMD,112.88999938964844,113.1500015258789,108.77999877929688,110.47000122070312,110.47000122070312,56257100
2023-08-10,AMD,111.30000305175781,113.88999938964844,109.47000122070312,110.2300033569336,110.2300033569336,57297800
2023-08-11,AMD,108.8499984741211,109.06999969482422,106.4800033569336,107.56999969482422,107.56999969482422,55667700
2023-08-14,AMD,106.75,111.98999786376953,105.41999816894531,111.9800033569336,111.9800033569336,57421800
2023-08-15,AMD,111.98999786376953,113.18000030517578,110.16999816894531,111.3499984741211,111.3499984741211,53816600
2023-08-16,AMD,110.08999633789062,110.44000244140625,106.9800033569336,107.19000244140625,107.19000244140625,54327300
2023-08-17,AMD,107.62000274658203,107.8499984741211,104.0999984741211,104.44000244140625,104.44000244140625,59064300
2023-08-18,AMD,102.4000015258789,106.06999969482422,101.68000030517578,105.44999694824219,105.44999694824219,59916700
2023-08-21,AMD,106.19999694824219,108.54000091552734,105.66999816894531,108.22000122070312,108.22000122070312,49319200
2023-08-22,AMD,109.4000015258789,109.72000122070312,104.8499984741211,105.66000366210938,105.66000366210938,47295200
2023-08-23,AMD,105.6500015258789,110.08000183105469,105.0,109.43000030517578,109.43000030517578,54656300
2023-08-24,AMD,111.05999755859375,111.63999938964844,100.87000274658203,101.80000305175781,101.80000305175781,109179100
2023-08-25,AMD,101.16999816894531,104.12000274658203,99.58000183105469,102.25,102.25,74793100
2023-08-28,AMD,103.47000122070312,104.06999969482422,100.88999938964844,102.61000061035156,102.61000061035156,55386800
2023-08-29,AMD,102.11000061035156,106.56999969482422,101.79000091552734,105.91999816894531,105.91999816894531,50850300
2023-08-30,AMD,105.4000015258789,107.66999816894531,104.5,106.58999633789062,106.58999633789062,54847300
2023-08-31,AMD,106.19000244140625,108.05999755859375,104.86000061035156,105.72000122070312,105.72000122070312,58919000
2023-09-01,AMD,107.0,110.05999755859375,106.61000061035156,109.44999694824219,109.44999694824219,54856100
2023-09-05,AMD,109.0,111.81999969482422,106.30000305175781,110.77999877929688,110.77999877929688,66042200
2023-09-06,AMD,110.55999755859375,111.33000183105469,108.22000122070312,109.27999877929688,109.27999877929688,47736700
2023-09-07,AMD,106.13999938964844,107.69000244140625,105.08999633789062,106.58999633789062,106.58999633789062,49080100
2023-09-08,AMD,107.0199966430664,109.73999786376953,105.75,106.08999633789062,106.08999633789062,46232000
2023-09-11,AMD,107.31999969482422,107.51000213623047,103.0,105.31999969482422,105.31999969482422,50611300
2023-09-12,AMD,104.19999694824219,106.73999786376953,103.18000030517578,105.30999755859375,105.30999755859375,44413600
2023-09-13,AMD,105.0999984741211,108.73999786376953,104.83000183105469,107.70999908447266,107.70999908447266,44702300
2023-09-14,AMD,108.43000030517578,109.1500015258789,106.22000122070312,106.62999725341797,106.62999725341797,45920600
2023-09-15,AMD,106.06999969482422,106.76000213623047,101.27999877929688,101.48999786376953,101.48999786376953,71103600
2023-09-18,AMD,100.81999969482422,102.98999786376953,99.44999694824219,102.37000274658203,102.37000274658203,49061300
2023-09-19,AMD,101.75,102.86000061035156,100.69999694824219,101.61000061035156,101.61000061035156,41704100
2023-09-20,AMD,102.36000061035156,103.94000244140625,100.27999877929688,100.33999633789062,100.33999633789062,55180600
2023-09-21,AMD,98.5999984741211,98.87000274658203,95.83999633789062,96.11000061035156,96.11000061035156,59704300
2023-09-22,AMD,96.91999816894531,98.41999816894531,95.61000061035156,96.19999694824219,96.19999694824219,52169400
2023-09-25,AMD,95.94999694824219,97.44999694824219,94.45999908447266,97.37999725341797,97.37999725341797,43223700
2023-09-26,AMD,96.5,97.83000183105469,95.2699966430664,95.95999908447266,95.95999908447266,42866500
2023-09-27,AMD,96.81999969482422,99.2300033569336,96.3499984741211,98.06999969482422,98.06999969482422,51261500
2023-09-28,AMD,97.94000244140625,104.19999694824219,97.76000213623047,102.76000213623047,102.76000213623047,72542100
2023-09-29,AMD,104.69000244140625,104.94000244140625,102.55999755859375,102.81999969482422,102.81999969482422,56078600
2023-10-02,AMD,102.20999908447266,103.70999908447266,101.69999694824219,103.2699966430664,103.2699966430664,45118600
2023-10-03,AMD,101.80000305175781,103.29000091552734,99.16999816894531,100.08000183105469,100.08000183105469,48117000
2023-10-04,AMD,100.6500015258789,104.4000015258789,100.33999633789062,104.06999969482422,104.06999969482422,51023200
2023-10-05,AMD,103.41000366210938,103.73999786376953,100.2699966430664,102.91000366210938,102.91000366210938,51789700
2023-10-06,AMD,102.16000366210938,107.87000274658203,102.02999877929688,107.23999786376953,107.23999786376953,64864100
2023-10-09,AMD,106.01000213623047,107.30999755859375,104.79000091552734,106.97000122070312,106.97000122070312,39593200
2023-10-10,AMD,107.48999786376953,110.12000274658203,106.4000015258789,109.01000213623047,109.01000213623047,57105500
2023-10-11,AMD,109.13999938964844,110.0999984741211,106.93000030517578,108.30999755859375,108.30999755859375,51085600
2023-10-12,AMD,108.4000015258789,111.30999755859375,107.51000213623047,108.79000091552734,108.79000091552734,60959400
2023-10-13,AMD,108.6500015258789,108.97000122070312,104.75,105.08999633789062,105.08999633789062,52881500
2023-10-16,AMD,105.41999816894531,107.4800033569336,105.02999877929688,106.45999908447266,106.45999908447266,42464500
2023-10-17,AMD,103.54000091552734,106.29000091552734,101.66000366210938,105.13999938964844,105.13999938964844,49642100
2023-10-18,AMD,103.37999725341797,104.77999877929688,101.73999786376953,102.16999816894531,102.16999816894531,50450000
2023-10-19,AMD,103.80999755859375,105.5999984741211,101.83999633789062,102.4000015258789,102.4000015258789,52734200
2023-10-20,AMD,102.27999877929688,104.33999633789062,101.44000244140625,101.80999755859375,101.80999755859375,61317900
2023-10-23,AMD,100.80999755859375,102.41999816894531,99.31999969482422,100.01000213623047,100.01000213623047,50817400
2023-10-24,AMD,100.97000122070312,101.79000091552734,99.37999725341797,101.66999816894531,101.66999816894531,51982900
2023-10-25,AMD,100.41999816894531,101.02999877929688,95.2300033569336,96.05999755859375,96.05999755859375,53424500
2023-10-26,AMD,95.98999786376953,97.5199966430664,93.12000274658203,93.66999816894531,93.66999816894531,49896400
2023-10-27,AMD,95.80000305175781,97.3499984741211,94.58999633789062,96.43000030517578,96.43000030517578,52458700
2023-10-30,AMD,96.13999938964844,97.04000091552734,94.69999694824219,96.18000030517578,96.18000030517578,43716600
2023-10-31,AMD,96.23999786376953,98.81999969482422,94.06999969482422,98.5,98.5,79547100
2023-11-01,AMD,98.58000183105469,108.1500015258789,98.5,108.04000091552734,108.04000091552734,138641500
2023-11-02,AMD,107.95999908447266,109.41000366210938,105.91000366210938,107.83000183105469,107.83000183105469,71377000
2023-11-03,AMD,109.05000305175781,113.38999938964844,107.86000061035156,112.25,112.25,65632200
2023-11-06,AMD,112.5999984741211,113.08000183105469,110.22000122070312,111.75,111.75,49270400
2023-11-07,AMD,111.86000061035156,114.6500015258789,111.22000122070312,113.44999694824219,113.44999694824219,50550200
2023-11-08,AMD,113.55000305175781,115.31999969482422,112.87999725341797,113.58999633789062,113.58999633789062,41880600
2023-11-09,AMD,114.0999984741211,115.80999755859375,113.05999755859375,113.48999786376953,113.48999786376953,61146900
2023-11-10,AMD,114.3499984741211,119.69999694824219,114.02999877929688,118.58999633789062,118.58999633789062,75135900
2023-11-13,AMD,118.33999633789062,118.68000030517578,116.0,116.79000091552734,116.79000091552734,46741900
2023-11-14,AMD,119.69999694824219,122.11000061035156,119.22000122070312,119.87999725341797,119.87999725341797,61017400
2023-11-15,AMD,120.54000091552734,120.58999633789062,116.87000274658203,118.0,118.0,59555600
2023-11-16,AMD,117.19999694824219,120.7300033569336,116.41000366210938,119.83000183105469,119.83000183105469,49661900
2023-11-17,AMD,119.63999938964844,121.48999786376953,118.81999969482422,120.62000274658203,120.62000274658203,38508900
2023-11-20,AMD,120.69999694824219,121.93000030517578,120.06999969482422,121.52999877929688,121.52999877929688,43138700
2023-11-21,AMD,120.54000091552734,120.6500015258789,117.94000244140625,119.16000366210938,119.16000366210938,41064800
2023-11-22,AMD,120.0,124.76000213623047,119.94999694824219,122.51000213623047,122.51000213623047,56862200
2023-11-24,AMD,122.02999877929688,123.25,121.54000091552734,122.30999755859375,122.30999755859375,19001000
2023-11-27,AMD,122.06999969482422,123.88999938964844,121.7699966430664,122.6500015258789,122.6500015258789,32743000
2023-11-28,AMD,121.9800033569336,122.54000091552734,120.79000091552734,122.01000213623047,122.01000213623047,32047100
2023-11-29,AMD,123.9800033569336,125.7300033569336,123.4800033569336,123.8499984741211,123.8499984741211,37876300
2023-11-30,AMD,123.61000061035156,124.05000305175781,119.6500015258789,121.16000366210938,121.16000366210938,44494200
2023-12-01,AMD,119.87999725341797,121.4000015258789,118.6500015258789,121.38999938964844,121.38999938964844,37048000
2023-12-04,AMD,119.75,119.9000015258789,116.37000274658203,118.56999969482422,118.56999969482422,39854400
2023-12-05,AMD,117.43000030517578,118.48999786376953,116.44999694824219,118.37999725341797,118.37999725341797,39191600
2023-12-06,AMD,120.69000244140625,122.83000183105469,116.37999725341797,116.81999969482422,116.81999969482422,60599000
2023-12-07,AMD,120.79000091552734,128.67999267578125,119.55999755859375,128.3699951171875,128.3699951171875,118579100
2023-12-08,AMD,129.5399932861328,131.0,126.88999938964844,128.9199981689453,128.9199981689453,89341000
2023-12-11,AMD,130.55999755859375,135.0399932861328,128.25,134.41000366210938,134.41000366210938,98668300
2023-12-12,AMD,132.25,139.88999938964844,131.89999389648438,137.61000061035156,137.61000061035156,111677800
2023-12-13,AMD,137.97000122070312,139.24000549316406,136.02999877929688,138.19000244140625,138.19000244140625,70651600
2023-12-14,AMD,138.88999938964844,141.82000732421875,135.72999572753906,138.0,138.0,76115200
2023-12-15,AMD,139.52000427246094,140.88999938964844,137.25,139.14999389648438,139.14999389648438,70211800
2023-12-18,AMD,139.14999389648438,139.7899932861328,137.64999389648438,138.89999389648438,138.89999389648438,45199500
2023-12-19,AMD,138.57000732421875,143.47000122070312,138.55999755859375,140.14999389648438,140.14999389648438,63739800
2023-12-20,AMD,139.0,139.5800018310547,135.3699951171875,135.47000122070312,135.47000122070312,54671700
2023-12-21,AMD,138.13999938964844,139.97999572753906,137.3800048828125,139.91000366210938,139.91000366210938,47179400
2023-12-22,AMD,140.47999572753906,140.6999969482422,138.30999755859375,139.60000610351562,139.60000610351562,35396600
2023-12-26,AMD,140.07000732421875,143.85000610351562,139.9199981689453,143.41000366210938,143.41000366210938,47157400
2023-12-27,AMD,144.72000122070312,146.25,143.17999267578125,146.07000732421875,146.07000732421875,49033400
2023-12-28,AMD,146.8000030517578,150.41000366210938,145.9499969482422,148.75999450683594,148.75999450683594,63800700
2023-12-29,AMD,149.5,151.0500030517578,147.1999969482422,147.41000366210938,147.41000366210938,62079200
2024-01-02,AMD,144.27999877929688,144.39999389648438,137.42999267578125,138.5800018310547,138.5800018310547,64902000
2024-01-03,AMD,135.7100067138672,137.42999267578125,133.74000549316406,135.32000732421875,135.32000732421875,61988600
2024-01-04,AMD,134.3000030517578,137.6999969482422,134.0,136.00999450683594,136.00999450683594,58610300
2024-01-05,AMD,136.77999877929688,141.00999450683594,136.44000244140625,138.5800018310547,138.5800018310547,69657700
2024-01-08,AMD,140.36000061035156,147.14999389648438,140.14999389648438,146.17999267578125,146.17999267578125,71756900
2024-01-09,AMD,145.9499969482422,149.86000061035156,145.0800018310547,149.25999450683594,149.25999450683594,67875700
2024-01-10,AMD,150.07000732421875,150.8800048828125,146.64999389648438,148.5399932861328,148.5399932861328,56951200
2023-03-09,AMZN,93.68000030517578,96.20999908447266,92.18000030517578,92.25,92.25,56218700
2023-03-10,AMZN,92.66999816894531,93.56999969482422,90.25,90.7300033569336,90.7300033569336,69827500
2023-03-13,AMZN,89.97000122070312,94.0199966430664,88.12000274658203,92.43000030517578,92.43000030517578,72397100
2023-03-14,AMZN,93.83000183105469,95.06999969482422,92.70999908447266,94.87999725341797,94.87999725341797,60912700
2023-03-15,AMZN,93.22000122070312,96.66999816894531,93.06999969482422,96.19999694824219,96.19999694824219,70731800
2023-03-16,AMZN,95.75,100.98999786376953,95.61000061035156,100.04000091552734,100.04000091552734,84446900
2023-03-17,AMZN,99.79000091552734,100.66000366210938,97.45999908447266,98.94999694824219,98.94999694824219,87300200
2023-03-20,AMZN,98.41000366210938,98.4800033569336,95.69999694824219,97.70999908447266,97.70999908447266,62388900
2023-03-21,AMZN,98.13999938964844,100.8499984741211,98.0,100.61000061035156,100.61000061035156,58597300
2023-03-22,AMZN,100.44999694824219,102.0999984741211,98.61000061035156,98.69999694824219,98.69999694824219,57475400
2023-03-23,AMZN,100.43000030517578,101.05999755859375,97.62000274658203,98.70999908447266,98.70999908447266,57559300
2023-03-24,AMZN,98.06999969482422,98.30000305175781,96.4000015258789,98.12999725341797,98.12999725341797,56095400
2023-03-27,AMZN,99.06999969482422,99.33999633789062,97.08000183105469,98.04000091552734,98.04000091552734,46721300
2023-03-28,AMZN,98.11000061035156,98.44000244140625,96.29000091552734,97.23999786376953,97.23999786376953,38720100
2023-03-29,AMZN,98.69000244140625,100.41999816894531,98.55999755859375,100.25,100.25,49783300
2023-03-30,AMZN,101.55000305175781,103.04000091552734,101.01000213623047,102.0,102.0,53633400
2023-03-31,AMZN,102.16000366210938,103.48999786376953,101.94999694824219,103.29000091552734,103.29000091552734,56750300
2023-04-03,AMZN,102.30000305175781,103.29000091552734,101.43000030517578,102.41000366210938,102.41000366210938,41135700
2023-04-04,AMZN,102.75,104.19999694824219,102.11000061035156,103.94999694824219,103.94999694824219,48662500
2023-04-05,AMZN,103.91000366210938,103.91000366210938,100.75,101.0999984741211,101.0999984741211,45175400
2023-04-06,AMZN,100.75,102.37999725341797,99.80000305175781,102.05999755859375,102.05999755859375,43808000
2023-04-10,AMZN,100.95999908447266,102.19999694824219,99.56999969482422,102.16999816894531,102.16999816894531,37261200
2023-04-11,AMZN,100.80000305175781,101.0,99.01000213623047,99.91999816894531,99.91999816894531,60417800
2023-04-12,AMZN,100.4000015258789,100.51000213623047,97.70999908447266,97.83000183105469,97.83000183105469,56735000
2023-04-13,AMZN,98.94999694824219,102.56999969482422,98.70999908447266,102.4000015258789,102.4000015258789,67925100
2023-04-14,AMZN,102.06999969482422,103.19999694824219,101.11000061035156,102.51000213623047,102.51000213623047,51450500
2023-04-17,AMZN,103.16000366210938,103.7300033569336,101.58999633789062,102.73999786376953,102.73999786376953,39919500
2023-04-18,AMZN,103.94999694824219,104.19999694824219,101.5199966430664,102.30000305175781,102.30000305175781,39790500
2023-04-19,AMZN,101.58000183105469,105.12000274658203,101.38999938964844,104.30000305175781,104.30000305175781,58398900
2023-04-20,AMZN,103.52999877929688,105.25,103.20999908447266,103.80999755859375,103.80999755859375,57696900
2023-04-21,AMZN,106.0999984741211,108.1500015258789,105.08000183105469,106.95999908447266,106.95999908447266,86774200
2023-04-24,AMZN,107.66000366210938,109.2300033569336,105.06999969482422,106.20999908447266,106.20999908447266,69575600
2023-04-25,AMZN,104.91000366210938,105.44999694824219,102.44999694824219,102.56999969482422,102.56999969482422,65026800
2023-04-26,AMZN,105.04000091552734,106.62000274658203,104.0999984741211,104.9800033569336,104.9800033569336,73803800
2023-04-27,AMZN,108.16000366210938,110.86000061035156,106.80000305175781,109.81999969482422,109.81999969482422,149961200
2023-04-28,AMZN,107.7300033569336,109.4800033569336,104.33000183105469,105.44999694824219,105.44999694824219,130715900
2023-05-01,AMZN,104.94999694824219,105.2300033569336,101.81999969482422,102.05000305175781,102.05000305175781,74728100
2023-05-02,AMZN,101.47000122070312,103.9000015258789,101.1500015258789,103.62999725341797,103.62999725341797,73469400
2023-05-03,AMZN,103.73999786376953,105.95999908447266,103.27999877929688,103.6500015258789,103.6500015258789,65051900
2023-05-04,AMZN,104.04000091552734,105.38999938964844,103.30999755859375,104.0,104.0,45345500
2023-05-05,AMZN,104.2699966430664,105.76000213623047,103.55000305175781,105.66000366210938,105.66000366210938,56951700
2023-05-08,AMZN,105.04000091552734,106.0999984741211,104.69999694824219,105.83000183105469,105.83000183105469,49430900
2023-05-09,AMZN,105.4800033569336,106.79000091552734,105.16000366210938,106.62000274658203,106.62000274658203,44089400
2023-05-10,AMZN,108.0999984741211,110.66999816894531,108.05000305175781,110.19000244140625,110.19000244140625,78627600
2023-05-11,AMZN,111.02999877929688,113.27999877929688,110.48999786376953,112.18000030517578,112.18000030517578,74924800
2023-05-12,AMZN,112.16000366210938,112.63999938964844,109.31999969482422,110.26000213623047,110.26000213623047,49852700
2023-05-15,AMZN,111.1500015258789,112.29000091552734,109.25,111.19999694824219,111.19999694824219,53011100
2023-05-16,AMZN,111.05000305175781,114.79000091552734,111.05000305175781,113.4000015258789,113.4000015258789,71472900
2023-05-17,AMZN,114.88999938964844,115.83000183105469,114.22000122070312,115.5,115.5,65655200
2023-05-18,AMZN,116.69000244140625,118.5999984741211,116.33999633789062,118.1500015258789,118.1500015258789,73174100
2023-05-19,AMZN,118.16000366210938,118.30999755859375,115.69999694824219,116.25,116.25,55056300
2023-05-22,AMZN,116.7699966430664,116.7699966430664,114.25,115.01000213623047,115.01000213623047,70741100
2023-05-23,AMZN,114.2699966430664,117.13999938964844,113.77999877929688,114.98999786376953,114.98999786376953,67576300
2023-05-24,AMZN,115.3499984741211,117.33999633789062,115.0199966430664,116.75,116.75,63487900
2023-05-25,AMZN,116.62999725341797,116.87000274658203,114.30999755859375,115.0,115.0,66496700
2023-05-26,AMZN,116.04000091552734,121.5,116.0199966430664,120.11000061035156,120.11000061035156,96779900
2023-05-30,AMZN,122.37000274658203,122.91999816894531,119.86000061035156,121.66000366210938,121.66000366210938,64314800
2023-05-31,AMZN,121.44999694824219,122.04000091552734,119.16999816894531,120.58000183105469,120.58000183105469,72800800
2023-06-01,AMZN,120.69000244140625,123.48999786376953,119.93000030517578,122.7699966430664,122.7699966430664,54375100
2023-06-02,AMZN,124.91999816894531,126.38999938964844,124.0199966430664,124.25,124.25,61264400
2023-06-05,AMZN,123.36000061035156,125.80000305175781,123.02999877929688,125.30000305175781,125.30000305175781,47950100
2023-06-06,AMZN,125.06999969482422,127.4000015258789,125.0,126.61000061035156,126.61000061035156,45695200
2023-06-07,AMZN,127.01000213623047,127.37000274658203,120.62999725341797,121.2300033569336,121.2300033569336,95663300
2023-06-08,AMZN,123.01000213623047,125.62999725341797,122.26000213623047,124.25,124.25,62159300
2023-06-09,AMZN,124.08000183105469,125.80000305175781,123.19000244140625,123.43000030517578,123.43000030517578,51396000
2023-06-12,AMZN,124.0199966430664,126.77999877929688,123.52999877929688,126.56999969482422,126.56999969482422,51338000
2023-06-13,AMZN,128.1199951171875,128.41000366210938,125.18000030517578,126.66000366210938,126.66000366210938,50564800
2023-06-14,AMZN,126.69999694824219,126.94999694824219,124.12000274658203,126.41999816894531,126.41999816894531,52422500
2023-06-15,AMZN,125.20999908447266,127.69000244140625,124.31999969482422,127.11000061035156,127.11000061035156,60458500
2023-06-16,AMZN,127.70999908447266,127.9000015258789,125.30000305175781,125.48999786376953,125.48999786376953,84247100
2023-06-20,AMZN,124.97000122070312,127.25,124.5,125.77999877929688,125.77999877929688,56930100
2023-06-21,AMZN,125.63999938964844,126.7300033569336,123.8499984741211,124.83000183105469,124.83000183105469,52137700
2023-06-22,AMZN,125.30999755859375,130.3300018310547,125.13999938964844,130.14999389648438,130.14999389648438,90354600
2023-06-23,AMZN,129.11000061035156,130.83999633789062,128.27999877929688,129.3300018310547,129.3300018310547,71927800
2023-06-26,AMZN,129.3300018310547,131.49000549316406,127.0999984741211,127.33000183105469,127.33000183105469,59989300
2023-06-27,AMZN,128.6300048828125,130.08999633789062,127.55000305175781,129.17999267578125,129.17999267578125,46801000
2023-06-28,AMZN,128.94000244140625,131.47999572753906,128.44000244140625,129.0399932861328,129.0399932861328,52149500
2023-06-29,AMZN,128.77000427246094,129.25999450683594,127.26000213623047,127.9000015258789,127.9000015258789,40761000
2023-06-30,AMZN,129.47000122070312,131.25,128.9499969482422,130.36000061035156,130.36000061035156,54350700
2023-07-03,AMZN,130.82000732421875,131.85000610351562,130.07000732421875,130.22000122070312,130.22000122070312,28264800
2023-07-05,AMZN,130.24000549316406,131.39999389648438,129.63999938964844,130.3800048828125,130.3800048828125,35895400
2023-07-06,AMZN,128.25,128.72999572753906,127.37000274658203,128.36000061035156,128.36000061035156,40639900
2023-07-07,AMZN,128.58999633789062,130.97000122070312,128.1300048828125,129.77999877929688,129.77999877929688,41992300
2023-07-10,AMZN,129.07000732421875,129.27999877929688,125.91999816894531,127.12999725341797,127.12999725341797,61889300
2023-07-11,AMZN,127.75,129.77000427246094,127.3499984741211,128.77999877929688,128.77999877929688,49951500
2023-07-12,AMZN,130.30999755859375,131.25999450683594,128.8300018310547,130.8000030517578,130.8000030517578,54022800
2023-07-13,AMZN,134.0399932861328,134.6699981689453,132.7100067138672,134.3000030517578,134.3000030517578,61170900
2023-07-14,AMZN,134.05999755859375,136.64999389648438,134.05999755859375,134.67999267578125,134.67999267578125,54487100
2023-07-17,AMZN,134.55999755859375,135.6199951171875,133.2100067138672,133.55999755859375,133.55999755859375,48450200
2023-07-18,AMZN,132.7100067138672,133.86000061035156,131.35000610351562,132.8300018310547,132.8300018310547,54882900
2023-07-19,AMZN,133.38999938964844,135.99000549316406,132.52999877929688,135.36000061035156,135.36000061035156,54531000
2023-07-20,AMZN,134.07000732421875,134.7899932861328,129.3300018310547,129.9600067138672,129.9600067138672,59820600
2023-07-21,AMZN,131.33999633789062,131.3699951171875,128.4199981689453,130.0,130.0,133307300
2023-07-24,AMZN,130.30999755859375,131.66000366210938,128.35000610351562,128.8000030517578,128.8000030517578,45591100
2023-07-25,AMZN,129.30999755859375,129.5800018310547,128.52999877929688,129.1300048828125,129.1300048828125,39236700
2023-07-26,AMZN,126.51000213623047,129.0800018310547,126.11000061035156,128.14999389648438,128.14999389648438,53910100
2023-07-27,AMZN,131.0,132.6300048828125,127.79000091552734,128.25,128.25,52610700
2023-07-28,AMZN,129.69000244140625,133.00999450683594,129.3300018310547,132.2100067138672,132.2100067138672,46317400
2023-07-31,AMZN,133.1999969482422,133.8699951171875,132.3800048828125,133.67999267578125,133.67999267578125,41901500
2023-08-01,AMZN,133.5500030517578,133.69000244140625,131.6199951171875,131.69000244140625,131.69000244140625,42098500
2023-08-02,AMZN,130.14999389648438,130.22999572753906,126.81999969482422,128.2100067138672,128.2100067138672,51027600
2023-08-03,AMZN,127.4800033569336,129.83999633789062,126.41000366210938,128.91000366210938,128.91000366210938,88585200
2023-08-04,AMZN,141.05999755859375,143.6300048828125,139.32000732421875,139.57000732421875,139.57000732421875,153128500
2023-08-07,AMZN,140.99000549316406,142.5399932861328,138.9499969482422,142.22000122070312,142.22000122070312,71213100
2023-08-08,AMZN,140.6199951171875,140.83999633789062,138.4199981689453,139.94000244140625,139.94000244140625,51710500
2023-08-09,AMZN,139.97000122070312,140.32000732421875,137.10000610351562,137.85000610351562,137.85000610351562,50017300
2023-08-10,AMZN,139.07000732421875,140.41000366210938,137.49000549316406,138.55999755859375,138.55999755859375,58928400
2023-08-11,AMZN,137.39999389648438,139.3300018310547,137.0,138.41000366210938,138.41000366210938,42905800
2023-08-14,AMZN,138.3000030517578,140.58999633789062,137.75,140.57000732421875,140.57000732421875,47148700
2023-08-15,AMZN,140.0500030517578,141.27999877929688,137.22999572753906,137.6699981689453,137.6699981689453,42781500
2023-08-16,AMZN,137.19000244140625,137.27000427246094,135.00999450683594,135.07000732421875,135.07000732421875,41675900
2023-08-17,AMZN,135.4600067138672,136.08999633789062,133.52999877929688,133.97999572753906,133.97999572753906,48354100
2023-08-18,AMZN,131.6199951171875,134.07000732421875,131.14999389648438,133.22000122070312,133.22000122070312,48497700
2023-08-21,AMZN,133.74000549316406,135.19000244140625,132.7100067138672,134.67999267578125,134.67999267578125,41442500
2023-08-22,AMZN,135.0800018310547,135.64999389648438,133.72999572753906,134.25,134.25,32905400
2023-08-23,AMZN,134.5,135.9499969482422,133.22000122070312,135.52000427246094,135.52000427246094,42801000
2023-08-24,AMZN,136.39999389648438,136.77999877929688,131.8300018310547,131.83999633789062,131.83999633789062,43646300
2023-08-25,AMZN,132.47000122070312,133.8699951171875,130.5800018310547,133.25999450683594,133.25999450683594,44147500
2023-08-28,AMZN,133.77999877929688,133.9499969482422,131.85000610351562,133.13999938964844,133.13999938964844,34108400
2023-08-29,AMZN,133.3800048828125,135.13999938964844,133.25,134.91000366210938,134.91000366210938,38646100
2023-08-30,AMZN,134.92999267578125,135.67999267578125,133.9199981689453,135.07000732421875,135.07000732421875,36137000
2023-08-31,AMZN,135.05999755859375,138.7899932861328,135.0,138.00999450683594,138.00999450683594,58781300
2023-09-01,AMZN,139.4600067138672,139.9600067138672,136.8800048828125,138.1199951171875,138.1199951171875,40991500
2023-09-05,AMZN,137.72999572753906,137.8000030517578,135.82000732421875,137.27000427246094,137.27000427246094,40636700
2023-09-06,AMZN,136.32000732421875,137.4499969482422,134.61000061035156,135.36000061035156,135.36000061035156,41785500
2023-09-07,AMZN,133.89999389648438,138.02999877929688,133.16000366210938,137.85000610351562,137.85000610351562,48498900
2023-09-08,AMZN,136.86000061035156,138.85000610351562,136.75,138.22999572753906,138.22999572753906,38348200
2023-09-11,AMZN,138.75,143.6199951171875,138.63999938964844,143.10000610351562,143.10000610351562,56764500
2023-09-12,AMZN,142.32000732421875,143.0,140.61000061035156,141.22999572753906,141.22999572753906,42668500
2023-09-13,AMZN,140.9499969482422,144.97999572753906,140.8699951171875,144.85000610351562,144.85000610351562,60465200
2023-09-14,AMZN,145.0800018310547,145.86000061035156,142.9499969482422,144.72000122070312,144.72000122070312,64033600
2023-09-15,AMZN,142.69000244140625,143.57000732421875,140.08999633789062,140.38999938964844,140.38999938964844,102909300
2023-09-18,AMZN,140.47999572753906,141.75,139.22000122070312,139.97999572753906,139.97999572753906,42823500
2023-09-19,AMZN,138.6999969482422,138.83999633789062,135.55999755859375,137.6300048828125,137.6300048828125,61482500
2023-09-20,AMZN,138.5500030517578,139.3699951171875,135.1999969482422,135.2899932861328,135.2899932861328,46263700
2023-09-21,AMZN,131.94000244140625,132.24000549316406,129.30999755859375,129.3300018310547,129.3300018310547,70343300
2023-09-22,AMZN,131.11000061035156,132.02999877929688,128.52000427246094,129.1199951171875,129.1199951171875,59904300
2023-09-25,AMZN,129.36000061035156,131.77999877929688,128.77000427246094,131.27000427246094,131.27000427246094,46017800
2023-09-26,AMZN,130.1199951171875,130.38999938964844,125.27999877929688,125.9800033569336,125.9800033569336,73048200
2023-09-27,AMZN,125.76000213623047,127.4800033569336,124.12999725341797,125.9800033569336,125.9800033569336,66553400
2023-09-28,AMZN,124.04000091552734,126.58000183105469,123.04000091552734,125.9800033569336,125.9800033569336,54555000
2023-09-29,AMZN,128.1999969482422,129.14999389648438,126.31999969482422,127.12000274658203,127.12000274658203,62411700
2023-10-02,AMZN,127.27999877929688,130.47000122070312,126.54000091552734,129.4600067138672,129.4600067138672,48029700
2023-10-03,AMZN,128.05999755859375,128.52000427246094,124.25,124.72000122070312,124.72000122070312,51565000
2023-10-04,AMZN,126.05999755859375,127.36000061035156,125.68000030517578,127.0,127.0,44203900
2023-10-05,AMZN,126.70999908447266,126.7300033569336,124.33000183105469,125.95999908447266,125.95999908447266,39660600
2023-10-06,AMZN,124.16000366210938,128.4499969482422,124.12999725341797,127.95999908447266,127.95999908447266,46836700
2023-10-09,AMZN,126.22000122070312,128.7899932861328,124.76000213623047,128.25999450683594,128.25999450683594,38773700
2023-10-10,AMZN,128.82000732421875,130.74000549316406,128.0500030517578,129.47999572753906,129.47999572753906,42178600
2023-10-11,AMZN,129.74000549316406,132.0500030517578,129.61000061035156,131.8300018310547,131.8300018310547,40741800
2023-10-12,AMZN,132.1699981689453,134.47999572753906,131.22999572753906,132.3300018310547,132.3300018310547,55528600
2023-10-13,AMZN,132.97999572753906,133.30999755859375,128.9499969482422,129.7899932861328,129.7899932861328,45786600
2023-10-16,AMZN,130.69000244140625,133.07000732421875,130.42999267578125,132.5500030517578,132.5500030517578,42832900
2023-10-17,AMZN,130.38999938964844,132.5800018310547,128.7100067138672,131.47000122070312,131.47000122070312,49344600
2023-10-18,AMZN,129.89999389648438,130.6699981689453,127.51000213623047,128.1300048828125,128.1300048828125,42699500
2023-10-19,AMZN,130.57000732421875,132.24000549316406,127.47000122070312,128.39999389648438,128.39999389648438,60961400
2023-10-20,AMZN,128.0500030517578,128.1699981689453,124.97000122070312,125.16999816894531,125.16999816894531,56406400
2023-10-23,AMZN,124.62999725341797,127.87999725341797,123.9800033569336,126.55999755859375,126.55999755859375,48260000
2023-10-24,AMZN,127.73999786376953,128.8000030517578,126.33999633789062,128.55999755859375,128.55999755859375,46477400
2023-10-25,AMZN,126.04000091552734,126.33999633789062,120.79000091552734,121.38999938964844,121.38999938964844,74577500
2023-10-26,AMZN,120.62999725341797,121.63999938964844,118.3499984741211,119.56999969482422,119.56999969482422,100419500
2023-10-27,AMZN,126.19999694824219,130.02000427246094,125.5199966430664,127.73999786376953,127.73999786376953,125309300
2023-10-30,AMZN,129.72000122070312,133.0,128.55999755859375,132.7100067138672,132.7100067138672,72485500
2023-10-31,AMZN,132.75,133.57000732421875,131.7100067138672,133.08999633789062,133.08999633789062,51589400
2023-11-01,AMZN,133.9600067138672,137.35000610351562,133.7100067138672,137.0,137.0,61529400
2023-11-02,AMZN,138.72999572753906,138.80999755859375,136.47000122070312,138.07000732421875,138.07000732421875,52236700
2023-11-03,AMZN,138.99000549316406,139.49000549316406,137.4499969482422,138.60000610351562,138.60000610351562,44059800
2023-11-06,AMZN,138.75999450683594,140.72999572753906,138.36000061035156,139.74000549316406,139.74000549316406,44970400
2023-11-07,AMZN,140.5500030517578,143.3699951171875,140.5,142.7100067138672,142.7100067138672,53553500
2023-11-08,AMZN,142.97000122070312,143.1199951171875,141.22000122070312,142.0800018310547,142.0800018310547,44521700
2023-11-09,AMZN,142.02000427246094,142.64999389648438,139.83999633789062,140.60000610351562,140.60000610351562,36235400
2023-11-10,AMZN,140.4600067138672,143.64999389648438,139.91000366210938,143.55999755859375,143.55999755859375,49287800
2023-11-13,AMZN,142.0800018310547,143.22999572753906,140.6699981689453,142.58999633789062,142.58999633789062,35680600
2023-11-14,AMZN,145.0,147.25999450683594,144.67999267578125,145.8000030517578,145.8000030517578,56674600
2023-11-15,AMZN,147.05999755859375,147.2899932861328,142.58999633789062,143.1999969482422,143.1999969482422,63875700
2023-11-16,AMZN,140.91000366210938,143.32000732421875,139.52000427246094,142.8300018310547,142.8300018310547,49653500
2023-11-17,AMZN,142.66000366210938,145.22999572753906,142.5399932861328,145.17999267578125,145.17999267578125,49636700
2023-11-20,AMZN,145.1300048828125,146.6300048828125,144.72999572753906,146.1300048828125,146.1300048828125,41951200
2023-11-21,AMZN,143.91000366210938,144.0500030517578,141.5,143.89999389648438,143.89999389648438,71226000
2023-11-22,AMZN,144.57000732421875,147.74000549316406,144.57000732421875,146.7100067138672,146.7100067138672,45669100
2023-11-24,AMZN,146.6999969482422,147.1999969482422,145.32000732421875,146.74000549316406,146.74000549316406,22378400
2023-11-27,AMZN,147.52999877929688,149.25999450683594,146.8800048828125,147.72999572753906,147.72999572753906,53762400
2023-11-28,AMZN,146.97999572753906,147.60000610351562,145.52999877929688,147.02999877929688,147.02999877929688,42711700
2023-11-29,AMZN,147.85000610351562,148.5399932861328,145.97000122070312,146.32000732421875,146.32000732421875,40610900
2023-11-30,AMZN,144.75999450683594,146.92999267578125,144.3300018310547,146.08999633789062,146.08999633789062,65814000
2023-12-01,AMZN,146.0,147.25,145.5500030517578,147.02999877929688,147.02999877929688,39951800
2023-12-04,AMZN,145.25,145.35000610351562,142.80999755859375,144.83999633789062,144.83999633789062,48294200
2023-12-05,AMZN,143.5500030517578,148.57000732421875,143.1300048828125,146.8800048828125,146.8800048828125,46822400
2023-12-06,AMZN,147.5800018310547,147.85000610351562,144.27999877929688,144.52000427246094,144.52000427246094,39679000
2023-12-07,AMZN,146.14999389648438,147.9199981689453,145.33999633789062,146.8800048828125,146.8800048828125,52352800
2023-12-08,AMZN,145.47999572753906,147.83999633789062,145.39999389648438,147.4199981689453,147.4199981689453,41906000
2023-12-11,AMZN,145.66000366210938,146.19000244140625,143.63999938964844,145.88999938964844,145.88999938964844,50907300
2023-12-12,AMZN,145.52000427246094,147.5,145.3000030517578,147.47999572753906,147.47999572753906,44944300
2023-12-13,AMZN,148.1199951171875,149.4600067138672,146.82000732421875,148.83999633789062,148.83999633789062,52766200
2023-12-14,AMZN,149.92999267578125,150.5399932861328,145.52000427246094,147.4199981689453,147.4199981689453,58400800
2023-12-15,AMZN,148.3800048828125,150.57000732421875,147.8800048828125,149.97000122070312,149.97000122070312,110089300
2023-12-18,AMZN,150.55999755859375,154.85000610351562,150.0500030517578,154.07000732421875,154.07000732421875,62512800
2023-12-19,AMZN,154.39999389648438,155.1199951171875,152.69000244140625,153.7899932861328,153.7899932861328,43171300
2023-12-20,AMZN,152.89999389648438,155.6300048828125,151.55999755859375,152.1199951171875,152.1199951171875,50322100
2023-12-21,AMZN,153.3000030517578,153.97000122070312,152.10000610351562,153.83999633789062,153.83999633789062,36305700
2023-12-22,AMZN,153.77000427246094,154.35000610351562,152.7100067138672,153.4199981689453,153.4199981689453,29514100
2023-12-26,AMZN,153.55999755859375,153.97999572753906,153.02999877929688,153.41000366210938,153.41000366210938,25067200
2023-12-27,AMZN,153.55999755859375,154.77999877929688,153.1199951171875,153.33999633789062,153.33999633789062,31434700
2023-12-28,AMZN,153.72000122070312,154.0800018310547,152.9499969482422,153.3800048828125,153.3800048828125,27057000
2023-12-29,AMZN,153.10000610351562,153.88999938964844,151.02999877929688,151.94000244140625,151.94000244140625,39823200
2024-01-02,AMZN,151.5399932861328,152.3800048828125,148.38999938964844,149.92999267578125,149.92999267578125,47339400
2024-01-03,AMZN,149.1999969482422,151.0500030517578,148.3300018310547,148.47000122070312,148.47000122070312,49425500
2024-01-04,AMZN,145.58999633789062,147.3800048828125,144.0500030517578,144.57000732421875,144.57000732421875,56039800
2024-01-05,AMZN,144.69000244140625,146.58999633789062,144.52999877929688,145.24000549316406,145.24000549316406,45153100
2024-01-08,AMZN,146.74000549316406,149.39999389648438,146.14999389648438,149.10000610351562,149.10000610351562,46757100
2024-01-09,AMZN,148.3300018310547,151.7100067138672,148.2100067138672,151.3699951171875,151.3699951171875,43812600
2024-01-10,AMZN,152.05999755859375,154.4199981689453,151.8800048828125,153.72999572753906,153.72999572753906,44421800
2024-01-11,AMZN,155.0399932861328,157.1699981689453,153.1199951171875,155.17999267578125,155.17999267578125,49072700
2024-01-12,AMZN,155.38999938964844,156.1999969482422,154.00999450683594,154.6199951171875,154.6199951171875,40484200
2024-01-16,AMZN,153.52999877929688,154.99000549316406,152.14999389648438,153.16000366210938,153.16000366210938,41384600
2024-01-17,AMZN,151.49000549316406,152.14999389648438,149.91000366210938,151.7100067138672,151.7100067138672,34953400
2024-01-18,AMZN,152.77000427246094,153.77999877929688,151.82000732421875,153.5,153.5,37850200
2024-01-19,AMZN,153.8300018310547,155.75999450683594,152.74000549316406,155.33999633789062,155.33999633789062,51651600
2024-01-22,AMZN,156.88999938964844,157.0500030517578,153.89999389648438,154.77999877929688,154.77999877929688,43687500
2024-01-23,AMZN,154.85000610351562,156.2100067138672,153.92999267578125,156.02000427246094,156.02000427246094,37986000
2024-01-24,AMZN,157.8000030517578,158.50999450683594,156.47999572753906,156.8699951171875,156.8699951171875,48547300
2024-01-25,AMZN,156.9499969482422,158.50999450683594,154.5500030517578,157.75,157.75,43638600
2024-01-26,AMZN,158.4199981689453,160.72000122070312,157.91000366210938,159.1199951171875,159.1199951171875,51047400
2024-01-29,AMZN,159.33999633789062,161.2899932861328,158.89999389648438,161.25999450683594,161.25999450683594,45270400
2024-01-30,AMZN,160.6999969482422,161.72999572753906,158.49000549316406,159.0,159.0,45207400
2024-01-31,AMZN,157.0,159.00999450683594,154.80999755859375,155.1999969482422,155.1999969482422,50284400
2024-02-01,AMZN,155.8699951171875,159.75999450683594,155.6199951171875,159.27999877929688,159.27999877929688,76542400
2024-02-02,AMZN,169.19000244140625,172.5,167.3300018310547,171.80999755859375,171.80999755859375,117218300
2024-02-05,AMZN,170.1999969482422,170.5500030517578,167.6999969482422,170.30999755859375,170.30999755859375,55081300
2024-02-06,AMZN,169.38999938964844,170.7100067138672,167.64999389648438,169.14999389648438,169.14999389648438,42505500
2024-02-07,AMZN,169.47999572753906,170.8800048828125,168.94000244140625,170.52999877929688,170.52999877929688,47174100
2024-02-08,AMZN,169.64999389648438,171.42999267578125,168.8800048828125,169.83999633789062,169.83999633789062,42316500
2024-02-09,AMZN,170.89999389648438,175.0,170.5800018310547,174.4499969482422,174.4499969482422,56986000
2024-02-12,AMZN,174.8000030517578,175.38999938964844,171.5399932861328,172.33999633789062,172.33999633789062,51050400
2024-02-13,AMZN,167.72999572753906,170.9499969482422,165.75,168.63999938964844,168.63999938964844,56345100
2024-02-14,AMZN,169.2100067138672,171.2100067138672,168.27999877929688,170.97999572753906,170.97999572753906,42815500
2024-02-15,AMZN,170.5800018310547,171.1699981689453,167.58999633789062,169.8000030517578,169.8000030517578,49855200
2024-02-16,AMZN,168.74000549316406,170.4199981689453,167.1699981689453,169.50999450683594,169.50999450683594,48107700
2024-02-20,AMZN,167.8300018310547,168.7100067138672,165.74000549316406,167.0800018310547,167.0800018310547,41980300
2024-02-21,AMZN,168.94000244140625,170.22999572753906,167.13999938964844,168.58999633789062,168.58999633789062,44420100
2024-02-22,AMZN,173.10000610351562,174.8000030517578,171.77000427246094,174.5800018310547,174.5800018310547,55392400
2024-02-23,AMZN,174.27999877929688,175.75,173.6999969482422,174.99000549316406,174.99000549316406,59715200
2024-02-26,AMZN,175.6999969482422,176.3699951171875,174.25999450683594,174.72999572753906,174.72999572753906,44368600
2024-02-27,AMZN,174.0800018310547,174.6199951171875,172.86000061035156,173.5399932861328,173.5399932861328,31141700
2024-02-28,AMZN,172.44000244140625,174.0500030517578,172.27000427246094,173.16000366210938,173.16000366210938,28180500
2024-02-29,AMZN,173.00999450683594,177.22000122070312,172.85000610351562,176.75999450683594,176.75999450683594,53805400
2024-03-01,AMZN,176.75,178.72999572753906,176.07000732421875,178.22000122070312,178.22000122070312,31981200
2024-03-04,AMZN,177.52999877929688,180.13999938964844,177.49000549316406,177.5800018310547,177.5800018310547,37381500
2024-03-05,AMZN,176.92999267578125,176.92999267578125,173.3000030517578,174.1199951171875,174.1199951171875,37228300
2024-03-06,AMZN,175.5399932861328,176.4600067138672,173.25999450683594,173.50999450683594,173.50999450683594,32090900
2024-03-07,AMZN,174.8300018310547,177.99000549316406,173.72000122070312,176.82000732421875,176.82000732421875,34063300
2024-03-08,AMZN,176.44000244140625,178.7899932861328,174.3300018310547,175.35000610351562,175.35000610351562,37893200
2020-03-16,BA,149.4199981689453,151.0,128.75999450683594,129.61000061035156,129.61000061035156,26844400
2020-03-17,BA,132.50999450683594,134.9600067138672,101.25,124.13999938964844,124.13999938964844,54492200
2020-03-18,BA,99.86000061035156,107.8499984741211,89.0,101.88999938964844,101.88999938964844,61943200
2020-03-19,BA,98.80000305175781,103.56999969482422,90.3499984741211,97.70999908447266,97.70999908447266,40210600
2020-03-20,BA,99.8499984741211,107.0,94.27999877929688,95.01000213623047,95.01000213623047,41370700
2020-03-23,BA,98.75,114.48999786376953,93.55999755859375,105.62000274658203,105.62000274658203,46140100
2020-03-24,BA,123.68000030517578,127.95999908447266,116.12999725341797,127.68000030517578,127.68000030517578,43683100
2020-03-25,BA,154.89999389648438,174.77000427246094,141.0,158.72999572753906,158.72999572753906,77826000
2020-03-26,BA,172.2899932861328,186.47999572753906,167.17999267578125,180.5500030517578,180.5500030517578,63267300
2020-03-27,BA,172.0,172.9199981689453,155.5399932861328,162.0,162.0,47880200
2020-03-30,BA,153.80999755859375,153.80999755859375,140.67999267578125,152.27999877929688,152.27999877929688,51052500
2020-03-31,BA,155.0,160.63999938964844,149.0,149.13999938964844,149.13999938964844,29954000
2020-04-01,BA,138.91000366210938,144.3800048828125,130.0,130.6999969482422,130.6999969482422,41899700
2020-04-02,BA,128.50999450683594,136.67999267578125,120.0199966430664,123.2699966430664,123.2699966430664,42372400
2020-04-03,BA,125.0,131.2899932861328,122.5,124.5199966430664,124.5199966430664,37347400
2020-04-06,BA,133.6999969482422,149.69000244140625,129.2100067138672,148.77000427246094,148.77000427246094,51085500
2020-04-07,BA,162.0,164.8000030517578,140.25999450683594,141.5800018310547,141.5800018310547,56699100
2020-04-08,BA,147.50999450683594,154.0,144.5500030517578,146.8699951171875,146.8699951171875,41351000
2020-04-09,BA,154.7100067138672,157.97999572753906,150.08999633789062,151.83999633789062,151.83999633789062,37874200
2020-04-13,BA,155.5,156.0,146.25999450683594,147.3300018310547,147.3300018310547,26034100
2020-04-14,BA,150.50999450683594,152.39999389648438,140.0,141.0,141.0,33970500
2020-04-15,BA,139.0,148.69000244140625,132.89999389648438,145.97999572753906,145.97999572753906,39297600
2020-04-16,BA,141.4600067138672,143.24000549316406,134.0,134.24000549316406,134.24000549316406,41364800
2020-04-17,BA,149.41000366210938,154.0,145.0,154.0,154.0,52389400
2020-04-20,BA,147.2100067138672,151.6300048828125,142.5,143.61000061035156,143.61000061035156,34983800
2020-04-21,BA,139.00999450683594,141.89999389648438,135.4499969482422,136.3300018310547,136.3300018310547,27043800
2020-04-22,BA,140.4199981689453,140.82000732421875,134.52000427246094,134.97000122070312,134.97000122070312,22734500
2020-04-23,BA,136.5,142.3800048828125,136.0500030517578,137.74000549316406,137.74000549316406,25936400
2020-04-24,BA,137.0,137.57000732421875,128.3300018310547,128.97999572753906,128.97999572753906,35884700
2020-04-27,BA,129.97000122070312,131.1999969482422,123.83000183105469,128.67999267578125,128.67999267578125,34563000
2020-04-28,BA,133.8800048828125,137.1999969482422,127.73999786376953,131.3000030517578,131.3000030517578,37806900
2020-04-29,BA,138.0800018310547,147.17999267578125,135.25,139.0,139.0,60454400
2020-04-30,BA,137.6699981689453,144.64999389648438,132.30999755859375,141.02000427246094,141.02000427246094,37876600
2020-05-01,BA,143.22999572753906,143.7100067138672,132.83999633789062,133.3699951171875,133.3699951171875,36613100
2020-05-04,BA,127.12000274658203,131.5,124.3499984741211,131.4600067138672,131.4600067138672,30708900
2020-05-05,BA,132.8800048828125,133.8000030517578,125.0,125.4000015258789,125.4000015258789,30621000
2020-05-06,BA,125.80000305175781,126.86000061035156,121.37000274658203,121.86000061035156,121.86000061035156,29627700
2020-05-07,BA,122.80999755859375,130.7100067138672,122.36000061035156,128.64999389648438,128.64999389648438,29525000
2020-05-08,BA,132.57000732421875,135.5500030517578,131.55999755859375,133.44000244140625,133.44000244140625,22695700
2020-05-11,BA,130.9199981689453,131.0,127.94999694824219,128.91000366210938,128.91000366210938,20055400
2020-05-12,BA,129.72000122070312,133.1199951171875,125.19999694824219,125.22000122070312,125.22000122070312,22579000
2020-05-13,BA,125.0,125.06999969482422,119.33000183105469,121.5,121.5,26002000
2020-05-14,BA,118.9800033569336,122.61000061035156,113.88999938964844,122.5199966430664,122.5199966430664,37499200
2020-05-15,BA,118.33000183105469,121.88999938964844,117.77999877929688,120.0,120.0,26756800
2020-05-18,BA,126.18000030517578,136.1999969482422,125.80000305175781,135.44000244140625,135.44000244140625,43781800
2020-05-19,BA,137.0,137.0399932861328,130.27999877929688,130.44000244140625,130.44000244140625,32373000
2020-05-20,BA,133.27000427246094,135.4499969482422,131.30999755859375,133.32000732421875,133.32000732421875,21835500
2020-05-21,BA,137.0,144.24000549316406,136.14999389648438,139.0,139.0,48263900
2020-05-22,BA,141.00999450683594,141.0800018310547,135.77999877929688,137.52999877929688,137.52999877929688,21098800
2020-05-26,BA,145.2100067138672,145.91000366210938,142.61000061035156,144.72999572753906,144.72999572753906,30338300
2020-05-27,BA,149.13999938964844,149.64999389648438,141.24000549316406,149.52000427246094,149.52000427246094,32799900
2020-05-28,BA,156.10000610351562,156.6999969482422,149.0500030517578,149.82000732421875,149.82000732421875,34734300
2020-05-29,BA,145.3000030517578,152.0,142.94000244140625,145.85000610351562,145.85000610351562,33853900
2020-06-01,BA,145.4499969482422,153.5500030517578,144.5500030517578,151.38999938964844,151.38999938964844,27127300
2020-06-02,BA,154.0,155.85000610351562,151.80999755859375,153.30999755859375,153.30999755859375,24780500
2020-06-03,BA,157.10000610351562,173.77999877929688,155.49000549316406,173.16000366210938,173.16000366210938,66486400
2020-06-04,BA,181.27999877929688,188.60000610351562,177.39999389648438,184.3000030517578,184.3000030517578,67155600
2020-06-05,BA,205.0,218.7899932861328,197.36000061035156,205.42999267578125,205.42999267578125,99846000
2020-06-08,BA,222.94000244140625,234.1999969482422,218.92999267578125,230.5,230.5,80902800
2020-06-09,BA,222.13999938964844,227.0,213.0800018310547,216.74000549316406,216.74000549316406,66688700
2020-06-10,BA,211.1699981689453,213.02999877929688,197.39999389648438,203.41000366210938,203.41000366210938,90384900
2020-06-11,BA,179.35000610351562,192.17999267578125,166.00999450683594,170.0,170.0,103212800
2020-06-12,BA,187.14999389648438,191.3000030517578,176.25999450683594,189.50999450683594,189.50999450683594,89550100
2020-06-15,BA,177.17999267578125,193.22999572753906,175.88999938964844,190.94000244140625,190.94000244140625,78612900
2020-06-16,BA,207.14999389648438,208.3000030517578,192.60000610351562,197.77000427246094,197.77000427246094,76496900
2020-06-17,BA,194.52000427246094,196.42999267578125,191.25,192.5399932861328,192.5399932861328,53085400
2020-06-18,BA,188.24000549316406,198.02999877929688,187.1999969482422,192.2899932861328,192.2899932861328,60849900
2020-06-19,BA,197.89999389648438,197.9600067138672,184.57000732421875,187.02000427246094,187.02000427246094,67262100
2020-06-22,BA,184.55999755859375,188.6999969482422,181.89999389648438,188.52000427246094,188.52000427246094,53901500
2020-06-23,BA,189.3000030517578,190.1199951171875,183.5500030517578,187.8800048828125,187.8800048828125,50281300
2020-06-24,BA,183.61000061035156,185.1999969482422,176.07000732421875,176.69000244140625,176.69000244140625,56534800
2020-06-25,BA,169.8699951171875,177.5,169.58999633789062,174.8800048828125,174.8800048828125,57335700
2020-06-26,BA,173.4199981689453,173.85000610351562,167.60000610351562,170.00999450683594,170.00999450683594,50644400
2020-06-29,BA,181.0,194.5,176.27000427246094,194.49000549316406,194.49000549316406,78499900
2020-06-30,BA,188.02000427246094,188.49000549316406,180.3800048828125,183.3000030517578,183.3000030517578,65493100
2020-07-01,BA,185.8800048828125,190.61000061035156,180.0399932861328,180.32000732421875,180.32000732421875,49036700
2020-07-02,BA,185.5800018310547,187.7899932861328,180.42999267578125,180.80999755859375,180.80999755859375,41792300
2020-07-06,BA,184.52000427246094,189.36000061035156,181.60000610351562,187.91000366210938,187.91000366210938,49471700
2020-07-07,BA,185.07000732421875,185.07000732421875,178.64999389648438,178.8800048828125,178.8800048828125,37105300
2020-07-08,BA,179.0500030517578,181.5800018310547,175.50999450683594,180.0800018310547,180.0800018310547,38116200
2020-07-09,BA,179.6699981689453,180.75,172.80999755859375,173.27999877929688,173.27999877929688,33514500
2020-07-10,BA,171.6999969482422,179.3300018310547,169.75,178.44000244140625,178.44000244140625,40955600
2020-07-13,BA,180.1999969482422,183.25,174.36000061035156,175.64999389648438,175.64999389648438,43364700
2020-07-14,BA,177.0,181.3000030517578,173.41000366210938,179.9600067138672,179.9600067138672,39256200
2020-07-15,BA,185.5399932861328,189.52999877929688,181.25,187.94000244140625,187.94000244140625,48044800
2020-07-16,BA,184.32000732421875,184.58999633789062,177.33999633789062,178.6999969482422,178.6999969482422,35050000
2020-07-17,BA,178.41000366210938,181.10000610351562,175.5500030517578,175.66000366210938,175.66000366210938,26170500
2020-07-20,BA,175.1300048828125,176.57000732421875,171.6199951171875,174.4199981689453,174.4199981689453,25294300
2020-07-21,BA,178.42999267578125,182.64999389648438,176.75,178.6300048828125,178.6300048828125,40740500
2020-07-22,BA,176.42999267578125,182.9499969482422,175.38999938964844,179.7899932861328,179.7899932861328,29790300
2020-07-23,BA,178.0,182.5,175.4199981689453,176.4499969482422,176.4499969482422,29587200
2020-07-24,BA,175.67999267578125,181.10000610351562,173.60000610351562,173.75999450683594,173.75999450683594,28548000
2020-07-27,BA,173.19000244140625,174.13999938964844,169.0,170.2100067138672,170.2100067138672,30243800
2020-07-28,BA,168.5,173.74000549316406,168.22999572753906,170.83999633789062,170.83999633789062,25349100
2020-07-29,BA,172.89999389648438,173.00999450683594,162.25,166.00999450683594,166.00999450683594,51709600
2020-07-30,BA,162.8800048828125,164.5500030517578,160.63999938964844,161.9499969482422,161.9499969482422,29140000
2020-07-31,BA,161.5500030517578,163.39999389648438,156.25999450683594,158.0,158.0,30263100
2020-08-03,BA,156.50999450683594,163.5800018310547,153.41000366210938,162.27000427246094,162.27000427246094,38520500
2020-08-04,BA,164.6300048828125,167.39999389648438,163.00999450683594,165.07000732421875,165.07000732421875,30853500
2020-08-05,BA,167.60000610351562,174.97999572753906,166.39999389648438,174.27999877929688,174.27999877929688,46189200
2020-08-06,BA,172.8000030517578,175.57000732421875,170.60000610351562,172.1999969482422,172.1999969482422,32921600
2020-08-07,BA,171.5,171.86000061035156,168.6999969482422,170.02000427246094,170.02000427246094,19318000
2020-08-10,BA,171.36000061035156,179.7899932861328,171.3300018310547,179.41000366210938,179.41000366210938,35857700
2020-08-11,BA,184.50999450683594,189.97000122070312,179.52999877929688,180.1300048828125,180.1300048828125,61036600
2020-08-12,BA,184.00999450683594,184.14999389648438,173.19000244140625,175.44000244140625,175.44000244140625,40674400
2020-08-13,BA,173.6199951171875,179.47000122070312,172.42999267578125,174.72999572753906,174.72999572753906,22958800
2020-08-14,BA,173.08999633789062,179.47000122070312,172.35000610351562,178.0800018310547,178.0800018310547,32414100
2020-08-17,BA,178.24000549316406,178.2899932861328,171.41000366210938,172.00999450683594,172.00999450683594,23352100
2020-08-18,BA,172.00999450683594,173.24000549316406,169.00999450683594,170.22999572753906,170.22999572753906,21488500
2020-08-19,BA,170.44000244140625,174.10000610351562,169.08999633789062,169.27000427246094,169.27000427246094,25601500
2020-08-20,BA,168.5399932861328,170.83999633789062,165.86000061035156,169.5800018310547,169.5800018310547,23213400
2020-08-21,BA,168.35000610351562,170.0800018310547,167.27000427246094,167.5,167.5,16945900
2020-08-24,BA,168.77999877929688,178.27000427246094,167.92999267578125,178.27000427246094,178.27000427246094,39317100
2020-08-25,BA,180.4600067138672,180.6300048828125,172.44000244140625,174.72999572753906,174.72999572753906,31318500
2020-08-26,BA,173.8000030517578,174.42999267578125,171.35000610351562,171.89999389648438,171.89999389648438,16189800
2020-08-27,BA,174.7100067138672,181.30999755859375,173.55999755859375,174.1999969482422,174.1999969482422,29548100
2020-08-28,BA,175.11000061035156,177.27999877929688,172.57000732421875,175.8000030517578,175.8000030517578,20383900
2020-08-31,BA,174.64999389648438,175.27000427246094,171.6999969482422,171.82000732421875,171.82000732421875,16264300
2020-09-01,BA,170.7100067138672,175.49000549316406,169.25,172.10000610351562,172.10000610351562,18977300
2020-09-02,BA,172.74000549316406,175.0,171.4499969482422,174.77999877929688,174.77999877929688,16552100
2020-09-03,BA,175.0,180.85000610351562,168.1199951171875,168.77000427246094,168.77000427246094,27799400
2020-09-04,BA,171.30999755859375,172.8300018310547,164.0,171.0500030517578,171.0500030517578,18867300
2020-09-08,BA,165.8000030517578,166.89999389648438,160.5,161.0800018310547,161.0800018310547,22622700
2020-09-09,BA,161.61000061035156,163.05999755859375,157.0,160.77999877929688,160.77999877929688,21951400
2020-09-10,BA,160.9600067138672,163.77999877929688,157.57000732421875,157.69000244140625,157.69000244140625,14532600
2020-09-11,BA,158.0,161.36000061035156,156.32000732421875,160.22999572753906,160.22999572753906,14722400
2020-09-14,BA,161.75,165.94000244140625,158.89999389648438,165.35000610351562,165.35000610351562,17228400
2020-09-15,BA,166.64999389648438,168.83999633789062,163.3300018310547,163.49000549316406,163.49000549316406,14881700
2020-09-16,BA,161.9499969482422,170.57000732421875,160.30999755859375,167.4600067138672,167.4600067138672,21851400
2020-09-17,BA,164.6300048828125,168.4600067138672,161.0500030517578,167.52999877929688,167.52999877929688,19717800
2020-09-18,BA,165.66000366210938,169.72000122070312,161.02000427246094,161.13999938964844,161.13999938964844,22057100
2020-09-21,BA,157.8300018310547,158.8300018310547,154.1999969482422,156.35000610351562,156.35000610351562,23125300
2020-09-22,BA,156.80999755859375,160.07000732421875,154.9499969482422,156.8000030517578,156.8000030517578,17768900
2020-09-23,BA,157.3300018310547,160.4199981689453,150.88999938964844,151.17999267578125,151.17999267578125,18247500
2020-09-24,BA,150.2899932861328,150.30999755859375,145.02000427246094,146.0500030517578,146.0500030517578,27098100
2020-09-25,BA,146.85000610351562,156.30999755859375,146.4199981689453,156.02999877929688,156.02999877929688,29123000
2020-09-28,BA,160.3300018310547,168.0,159.1999969482422,166.0800018310547,166.0800018310547,38868200
2020-09-29,BA,164.77000427246094,165.5,162.00999450683594,163.60000610351562,163.60000610351562,19874700
2020-09-30,BA,164.5,170.97999572753906,164.11000061035156,165.25999450683594,165.25999450683594,38436700
2020-10-01,BA,170.14999389648438,172.75999450683594,165.57000732421875,167.86000061035156,167.86000061035156,30677100
2020-10-02,BA,161.86000061035156,169.77999877929688,161.8000030517578,168.0800018310547,168.0800018310547,31773800
2020-10-05,BA,169.49000549316406,172.0800018310547,167.50999450683594,171.1999969482422,171.1999969482422,19082100
2020-10-06,BA,173.0399932861328,175.55999755859375,159.3300018310547,159.5399932861328,159.5399932861328,47132500
2020-10-07,BA,163.7100067138672,166.33999633789062,162.3800048828125,164.61000061035156,164.61000061035156,26019100
2020-10-08,BA,166.22000122070312,168.08999633789062,163.5399932861328,168.0,168.0,20598600
2020-10-09,BA,169.92999267578125,170.0,166.82000732421875,167.3300018310547,167.3300018310547,17406000
2020-10-12,BA,167.75,169.1999969482422,165.9499969482422,167.35000610351562,167.35000610351562,12176600
2020-10-13,BA,165.36000061035156,165.52999877929688,162.08999633789062,162.13999938964844,162.13999938964844,15182600
2020-10-14,BA,162.6999969482422,165.1699981689453,162.49000549316406,163.24000549316406,163.24000549316406,10505500
2020-10-15,BA,161.00999450683594,164.5399932861328,158.72999572753906,164.24000549316406,164.24000549316406,13226800
2020-10-16,BA,171.22000122070312,173.4199981689453,167.27000427246094,167.35000610351562,167.35000610351562,31780600
2020-10-19,BA,169.08999633789062,170.83999633789062,166.11000061035156,167.11000061035156,167.11000061035156,16519600
2020-10-20,BA,168.2899932861328,169.2899932861328,166.17999267578125,167.24000549316406,167.24000549316406,12319900
2020-10-21,BA,166.44000244140625,167.6300048828125,163.82000732421875,163.86000061035156,163.86000061035156,11450600
2020-10-22,BA,164.6999969482422,169.6300048828125,164.10000610351562,169.07000732421875,169.07000732421875,14238200
2020-10-23,BA,169.99000549316406,170.25999450683594,166.0500030517578,167.36000061035156,167.36000061035156,10024200
2020-10-26,BA,164.9499969482422,165.5,159.0500030517578,160.8300018310547,160.8300018310547,16151100
2020-10-27,BA,159.16000366210938,160.25,155.0,155.24000549316406,155.24000549316406,15491900
2020-10-28,BA,153.0,153.9499969482422,148.0,148.13999938964844,148.13999938964844,20279800
2020-10-29,BA,148.02999877929688,150.10000610351562,146.60000610351562,148.2899932861328,148.2899932861328,14554300
2020-10-30,BA,147.1999969482422,149.1699981689453,141.5800018310547,144.38999938964844,144.38999938964844,15374700
2020-11-02,BA,145.75,149.58999633789062,143.3800048828125,148.60000610351562,148.60000610351562,13854600
2020-11-03,BA,151.8300018310547,154.82000732421875,150.63999938964844,153.64999389648438,153.64999389648438,12249800
2020-11-04,BA,153.1699981689453,155.39999389648438,151.1699981689453,151.6300048828125,151.6300048828125,11344700
2020-11-05,BA,152.47999572753906,157.6300048828125,152.10000610351562,157.08999633789062,157.08999633789062,12328300
2020-11-06,BA,156.3300018310547,158.47000122070312,154.52000427246094,157.74000549316406,157.74000549316406,8995600
2020-11-09,BA,179.0,184.4600067138672,172.16000366210938,179.36000061035156,179.36000061035156,49014400
2020-11-10,BA,182.8000030517578,193.9499969482422,180.3800048828125,188.69000244140625,188.69000244140625,46404300
2020-11-11,BA,189.88999938964844,190.0,180.41000366210938,182.14999389648438,182.14999389648438,29907800
2020-11-12,BA,178.9499969482422,184.58999633789062,176.25,176.72000122070312,176.72000122070312,20288400
2020-11-13,BA,179.0,187.27000427246094,178.7100067138672,187.11000061035156,187.11000061035156,19724500
2020-11-16,BA,194.55999755859375,202.94000244140625,191.35000610351562,202.39999389648438,202.39999389648438,40562800
2020-11-17,BA,200.25,211.1999969482422,196.0500030517578,210.0500030517578,210.0500030517578,38299300
2020-11-18,BA,223.02000427246094,223.02000427246094,203.0,203.3000030517578,203.3000030517578,65990700
2020-11-19,BA,200.4499969482422,209.44000244140625,199.89999389648438,205.6699981689453,205.6699981689453,34236100
2020-11-20,BA,204.58999633789062,206.5800018310547,199.1699981689453,199.6199951171875,199.6199951171875,18230900
2020-11-23,BA,203.24000549316406,214.2100067138672,201.8699951171875,211.52999877929688,211.52999877929688,28372400
2020-11-24,BA,219.42999267578125,222.9499969482422,215.75999450683594,218.49000549316406,218.49000549316406,31132000
2020-11-25,BA,217.7100067138672,221.0,213.08999633789062,217.61000061035156,217.61000061035156,19254100
2020-11-27,BA,218.25,219.92999267578125,216.0399932861328,216.5,216.5,9970200
2020-11-30,BA,215.6999969482422,217.77999877929688,208.52000427246094,210.7100067138672,210.7100067138672,16501900
2020-12-01,BA,214.30999755859375,218.08999633789062,213.0,213.00999450683594,213.00999450683594,15754200
2020-12-02,BA,213.00999450683594,224.99000549316406,210.3000030517578,223.85000610351562,223.85000610351562,25912300
2020-12-03,BA,228.3000030517578,242.0,226.52999877929688,237.1999969482422,237.1999969482422,45945100
2020-12-04,BA,236.36000061035156,238.17999267578125,230.25,232.7100067138672,232.7100067138672,29378400
2020-12-07,BA,238.5,244.0800018310547,237.11000061035156,238.1699981689453,238.1699981689453,33246700
2020-12-08,BA,238.6999969482422,241.6999969482422,234.4600067138672,236.57000732421875,236.57000732421875,19682000
2020-12-09,BA,238.63999938964844,240.83999633789062,228.27999877929688,232.05999755859375,232.05999755859375,19043600
2020-12-10,BA,228.10000610351562,237.00999450683594,228.02000427246094,234.42999267578125,234.42999267578125,16185000
2020-12-11,BA,232.82000732421875,236.22000122070312,228.3300018310547,230.3300018310547,230.3300018310547,17311800
2020-12-14,BA,235.0,237.6300048828125,228.3699951171875,228.6199951171875,228.6199951171875,19231200
2020-12-15,BA,230.0,232.5,224.36000061035156,229.5,229.5,18993700
2020-12-16,BA,229.3300018310547,232.3699951171875,225.3000030517578,225.8699951171875,225.8699951171875,17858400
2020-12-17,BA,227.24000549316406,228.49000549316406,220.52999877929688,221.24000549316406,221.24000549316406,17465600
2020-12-18,BA,222.0500030517578,223.4600067138672,218.61000061035156,219.75,219.75,19092800
2020-12-21,BA,212.33999633789062,219.42999267578125,211.10000610351562,219.30999755859375,219.30999755859375,18726500
2020-12-22,BA,223.27999877929688,223.88999938964844,217.6999969482422,218.77999877929688,218.77999877929688,13280000
2020-12-23,BA,219.5500030517578,224.39999389648438,219.32000732421875,219.69000244140625,219.69000244140625,10869000
2020-12-24,BA,219.6199951171875,219.8800048828125,216.0500030517578,217.14999389648438,217.14999389648438,6398500
2020-12-28,BA,218.19000244140625,219.1999969482422,215.16000366210938,216.08999633789062,216.08999633789062,9090600
2020-12-29,BA,218.3000030517578,221.67999267578125,215.39999389648438,216.25,216.25,14593800
2020-12-30,BA,216.36000061035156,218.5500030517578,214.3699951171875,216.6699981689453,216.6699981689453,10812600
2020-12-31,BA,216.24000549316406,216.89999389648438,212.6999969482422,214.05999755859375,214.05999755859375,10487600
2021-01-04,BA,210.0,210.1999969482422,202.49000549316406,202.72000122070312,202.72000122070312,21225600
2021-01-05,BA,204.74000549316406,213.35000610351562,204.60000610351562,211.6300048828125,211.6300048828125,19338300
2021-01-06,BA,210.22000122070312,215.61000061035156,209.33999633789062,211.02999877929688,211.02999877929688,16202200
2021-01-07,BA,213.38999938964844,216.60000610351562,211.77999877929688,212.7100067138672,212.7100067138672,14474100
2021-01-08,BA,213.61000061035156,214.10000610351562,208.16000366210938,209.89999389648438,209.89999389648438,14144000
2021-01-11,BA,203.02999877929688,207.77999877929688,201.00999450683594,206.7899932861328,206.7899932861328,16770300
2021-01-12,BA,206.64999389648438,209.05999755859375,204.80999755859375,208.41000366210938,208.41000366210938,12836200
2021-01-13,BA,207.14999389648438,208.7899932861328,204.85000610351562,207.2100067138672,207.2100067138672,8570500
2021-01-14,BA,208.7899932861328,214.19000244140625,208.2100067138672,209.91000366210938,209.91000366210938,12446800
2021-01-15,BA,208.9600067138672,209.25,204.1999969482422,204.32000732421875,204.32000732421875,11103300
2021-01-19,BA,206.99000549316406,211.52000427246094,206.52000427246094,210.7100067138672,210.7100067138672,11947200
2021-01-20,BA,213.24000549316406,215.58999633789062,211.2100067138672,211.4499969482422,211.4499969482422,9727000
2021-01-21,BA,211.72000122070312,211.92999267578125,206.33999633789062,207.41000366210938,207.41000366210938,11091300
2021-01-22,BA,205.5500030517578,206.6999969482422,204.27000427246094,205.83999633789062,205.83999633789062,7514600
2021-01-25,BA,203.27000427246094,203.8000030517578,199.3000030517578,203.36000061035156,203.36000061035156,14276200
2021-01-26,BA,205.33999633789062,208.35000610351562,201.7899932861328,202.05999755859375,202.05999755859375,11011800
2021-01-27,BA,196.89999389648438,199.47000122070312,191.85000610351562,194.02999877929688,194.02999877929688,20948500
2021-01-28,BA,198.0500030517578,200.4199981689453,196.0,197.22999572753906,197.22999572753906,10403200
2021-01-29,BA,198.3000030517578,201.57000732421875,193.1199951171875,194.19000244140625,194.19000244140625,13683700
2021-02-01,BA,196.0,197.3800048828125,192.86000061035156,195.83999633789062,195.83999633789062,9061900
2021-02-02,BA,198.97999572753906,203.02999877929688,198.08999633789062,200.94000244140625,200.94000244140625,11130600
2021-02-03,BA,202.0,208.16000366210938,201.25999450683594,207.38999938964844,207.38999938964844,11836900
2021-02-04,BA,209.8699951171875,212.47999572753906,208.02000427246094,210.63999938964844,210.63999938964844,11869900
2021-02-05,BA,212.25,213.1999969482422,206.66000366210938,207.92999267578125,207.92999267578125,9546100
2021-02-08,BA,209.5500030517578,211.99000549316406,208.3000030517578,211.9499969482422,211.9499969482422,11182100
2021-02-09,BA,210.60000610351562,216.72999572753906,208.89999389648438,215.1199951171875,215.1199951171875,13615700
2021-02-10,BA,215.64999389648438,217.49000549316406,211.1199951171875,211.9199981689453,211.9199981689453,11510700
2021-02-11,BA,212.24000549316406,213.99000549316406,208.57000732421875,210.66000366210938,210.66000366210938,7140200
2021-02-12,BA,210.36000061035156,213.16000366210938,209.6699981689453,210.97999572753906,210.97999572753906,6010800
2021-02-16,BA,213.0800018310547,217.39999389648438,212.3300018310547,217.17999267578125,217.17999267578125,10171100
2021-02-17,BA,215.52000427246094,218.7100067138672,212.67999267578125,215.52000427246094,215.52000427246094,9276000
2021-02-18,BA,213.4499969482422,214.33999633789062,208.0800018310547,208.47999572753906,208.47999572753906,9121300
2021-02-19,BA,209.97000122070312,217.63999938964844,209.14999389648438,217.47000122070312,217.47000122070312,12415300
2021-02-22,BA,211.88999938964844,220.38999938964844,210.8000030517578,212.8800048828125,212.8800048828125,21413700
2021-02-23,BA,214.14999389648438,214.75,206.60000610351562,212.1199951171875,212.1199951171875,15996700
2021-02-24,BA,212.10000610351562,229.61000061035156,211.60000610351562,229.33999633789062,229.33999633789062,30709300
2021-02-25,BA,227.8000030517578,228.5,214.7100067138672,216.4499969482422,216.4499969482422,19283000
2021-02-26,BA,218.50999450683594,220.66000366210938,211.2899932861328,212.00999450683594,212.00999450683594,12838400
2021-03-01,BA,219.60000610351562,226.97999572753906,219.02000427246094,224.38999938964844,224.38999938964844,18735400
2021-03-02,BA,224.7899932861328,227.19000244140625,222.14999389648438,223.13999938964844,223.13999938964844,11114400
2021-03-03,BA,226.36000061035156,235.39999389648438,225.0399932861328,228.55999755859375,228.55999755859375,30426000
2021-03-04,BA,232.72999572753906,237.10000610351562,218.6999969482422,224.7100067138672,224.7100067138672,26645100
2021-03-05,BA,229.00999450683594,229.9199981689453,213.8000030517578,223.22000122070312,223.22000122070312,20026600
2021-03-08,BA,226.6699981689453,229.88999938964844,223.7100067138672,224.02999877929688,224.02999877929688,13836800
2021-03-09,BA,226.80999755859375,234.05999755859375,222.5800018310547,230.61000061035156,230.61000061035156,21001200
2021-03-10,BA,233.80999755859375,246.8000030517578,232.8800048828125,245.33999633789062,245.33999633789062,27753400
2021-03-11,BA,248.77000427246094,256.6499938964844,246.5500030517578,252.0,252.0,30139200
2021-03-12,BA,253.86000061035156,269.7200012207031,253.5,269.19000244140625,269.19000244140625,35264300
2021-03-15,BA,274.1499938964844,278.57000732421875,264.3299865722656,265.6300048828125,265.6300048828125,34816700
2017-06-08,BABA,142.50999450683594,143.6999969482422,135.2100067138672,142.33999633789062,135.17958068847656,81381500
2017-06-09,BABA,142.33999633789062,148.2899932861328,137.00999450683594,139.44000244140625,132.42547607421875,54367400
2017-06-12,BABA,139.1699981689453,139.38999938964844,136.0500030517578,139.0800018310547,132.08358764648438,32177600
2017-06-13,BABA,141.8800048828125,142.24400329589844,135.89999389648438,136.60000610351562,129.7283477783203,40879600
2017-06-14,BABA,137.8000030517578,139.25,135.25999450683594,136.6699981689453,129.79481506347656,32862000
2017-06-15,BABA,135.63999938964844,135.6699981689453,133.10000610351562,135.0800018310547,128.28480529785156,30510400
2017-06-16,BABA,136.27999877929688,136.5,133.5500030517578,134.8699951171875,128.08535766601562,36431300
2017-06-19,BABA,137.80999755859375,140.39999389648438,137.39999389648438,139.47000122070312,132.4539794921875,24951600
2017-06-20,BABA,140.0800018310547,140.6300048828125,137.92999267578125,138.3800048828125,131.41879272460938,20580500
2017-06-21,BABA,138.82000732421875,143.5,138.02000427246094,143.2899932861328,136.081787109375,30911600
2017-06-22,BABA,142.0500030517578,144.67999267578125,140.8800048828125,142.27000427246094,135.1131134033203,21897600
2017-06-23,BABA,142.10000610351562,143.33999633789062,141.60000610351562,143.00999450683594,135.8158721923828,11759000
2017-06-26,BABA,144.02999877929688,145.36000061035156,141.27000427246094,142.72999572753906,135.5499725341797,17828100
2017-06-27,BABA,143.89999389648438,144.3800048828125,141.10000610351562,141.52999877929688,134.41033935546875,17374800
2017-06-28,BABA,142.64999389648438,144.3699951171875,141.47999572753906,143.9499969482422,136.70860290527344,17759800
2017-06-29,BABA,143.16000366210938,143.55999755859375,137.52000427246094,140.80999755859375,133.72654724121094,24130300
2017-06-30,BABA,141.02999877929688,142.3800048828125,139.9199981689453,140.89999389648438,133.81202697753906,12276700
2017-07-03,BABA,141.75,142.49000549316406,139.4949951171875,140.99000549316406,133.8975067138672,6975700
2017-07-05,BABA,141.16000366210938,145.0,140.3300018310547,144.8699951171875,137.5823211669922,16995800
2017-07-06,BABA,143.00999450683594,143.6199951171875,141.8300018310547,142.1999969482422,135.046630859375,11934200
2017-07-07,BABA,142.64999389648438,143.37899780273438,141.83099365234375,142.42999267578125,135.2650604248047,8046200
2017-07-10,BABA,143.0,144.16000366210938,142.25,143.80999755859375,136.5756378173828,10351500
2017-07-11,BABA,144.2899932861328,145.8699951171875,143.25999450683594,145.80999755859375,138.4750213623047,13519900
2017-07-12,BABA,147.3800048828125,149.3000030517578,146.85000610351562,149.0,141.5045623779297,14955800
2017-07-13,BABA,149.52000427246094,150.0,148.0,149.52000427246094,141.99839782714844,11683400
2017-07-14,BABA,150.1199951171875,152.25,149.69000244140625,151.8300018310547,144.19219970703125,11469400
2017-07-17,BABA,153.52999877929688,153.6999969482422,150.4199981689453,151.22999572753906,143.62237548828125,15342700
2017-07-18,BABA,151.0800018310547,154.60000610351562,150.47999572753906,153.75,146.01559448242188,15313000
2017-07-19,BABA,155.13999938964844,156.41000366210938,152.63999938964844,153.14999389648438,145.44578552246094,16896100
2017-07-20,BABA,153.9600067138672,154.1199951171875,151.83999633789062,152.11000061035156,144.45811462402344,16739800
2017-07-21,BABA,151.7899932861328,152.14999389648438,150.30999755859375,151.88999938964844,144.24916076660156,11452700
2017-07-24,BABA,152.77000427246094,153.22999572753906,151.60000610351562,152.25999450683594,144.60055541992188,10649100
2017-07-25,BABA,152.36000061035156,152.75,150.85000610351562,152.44000244140625,144.77149963378906,8460300
2017-07-26,BABA,152.52999877929688,156.0,152.36000061035156,155.7899932861328,147.95298767089844,14466300
2017-07-27,BABA,157.85000610351562,160.38999938964844,151.3300018310547,154.14999389648438,146.3954620361328,26058500
2017-07-28,BABA,153.9600067138672,158.9600067138672,152.82000732421875,157.55999755859375,149.63394165039062,14449400
2017-07-31,BABA,158.89999389648438,159.38999938964844,153.5,154.9499969482422,147.1552276611328,17782400
2017-08-01,BABA,156.25,156.61000061035156,153.8000030517578,154.72999572753906,146.94630432128906,12035300
2017-08-02,BABA,155.47000122070312,155.75,149.10000610351562,151.91000366210938,144.26817321777344,19529300
2017-08-03,BABA,152.10000610351562,153.8000030517578,149.60000610351562,153.32000732421875,145.60723876953125,12435400
2017-08-04,BABA,154.32000732421875,154.32000732421875,152.16000366210938,153.3300018310547,145.6167449951172,10035600
2017-08-07,BABA,154.8300018310547,158.99000549316406,154.3699951171875,158.83999633789062,150.84954833984375,15906400
2017-08-08,BABA,158.55999755859375,159.83999633789062,156.8000030517578,157.5,149.57696533203125,15447100
2017-08-09,BABA,156.0500030517578,157.7100067138672,155.1999969482422,157.49000549316406,149.5674591064453,11022600
2017-08-10,BABA,156.1999969482422,156.5,151.25,151.77000427246094,144.1352081298828,19298900
2017-08-11,BABA,150.50999450683594,152.57000732421875,147.5,151.6999969482422,144.0687255859375,22327400
2017-08-14,BABA,154.77000427246094,155.0800018310547,153.10000610351562,154.61000061035156,146.8323516845703,14601800
2017-08-15,BABA,155.74000549316406,158.32000732421875,154.0,157.75,149.81439208984375,18635700
2017-08-16,BABA,160.0,160.35000610351562,158.53500366210938,159.5,151.4763641357422,21318300
2017-08-17,BABA,166.1199951171875,168.0,163.50999450683594,163.9199981689453,155.6739959716797,56840300
2017-08-18,BABA,165.36000061035156,169.5,164.10000610351562,167.5,159.0738983154297,31492500
2017-08-21,BABA,168.2899932861328,170.60000610351562,166.97999572753906,169.25,160.7358856201172,22352300
2017-08-22,BABA,170.02000427246094,174.77000427246094,169.63999938964844,174.4600067138672,165.68380737304688,24481900
2017-08-23,BABA,172.89999389648438,176.22999572753906,172.75,175.8000030517578,166.9563751220703,21939000
2017-08-24,BABA,177.0,177.0,174.3000030517578,175.0,166.19662475585938,20795200
2017-08-25,BABA,174.8000030517578,174.94000244140625,171.11000061035156,171.74000549316406,163.1006317138672,24184700
2017-08-28,BABA,171.14999389648438,171.33999633789062,167.05999755859375,168.3000030517578,159.83367919921875,24615900
2017-08-29,BABA,165.14999389648438,169.22999572753906,164.35000610351562,167.41000366210938,158.9884490966797,19587300
2017-08-30,BABA,169.14999389648438,172.38999938964844,169.14999389648438,171.25,162.63528442382812,17770000
2017-08-31,BABA,172.5399932861328,172.89999389648438,170.25,171.74000549316406,163.1006317138672,16486800
2017-09-01,BABA,171.99000549316406,172.38600158691406,170.64999389648438,171.0399932861328,162.4358367919922,11166600
2017-09-05,BABA,169.47000122070312,171.92999267578125,168.73800659179688,169.9199981689453,161.37217712402344,14943600
2017-09-06,BABA,170.1699981689453,171.11000061035156,167.0,168.13999938964844,159.6817169189453,19988300
2017-09-07,BABA,169.25999450683594,170.97000122070312,168.0,170.47999572753906,161.9040069580078,15141900
2017-09-08,BABA,169.99000549316406,171.22000122070312,168.9199981689453,169.0,160.49844360351562,12345300
2017-09-11,BABA,171.5,174.1999969482422,171.5,174.05999755859375,165.30392456054688,18257900
2017-09-12,BABA,174.88999938964844,175.6199951171875,173.3699951171875,175.30999755859375,166.49102783203125,15629700
2017-09-13,BABA,175.75,179.10000610351562,175.55999755859375,178.97000122070312,169.9669189453125,22060700
2017-09-14,BABA,177.5399932861328,179.92999267578125,176.02000427246094,177.10000610351562,168.19097900390625,22827700
2017-09-15,BABA,177.89999389648438,179.75,176.6999969482422,176.6999969482422,167.8111114501953,26567600
2017-09-18,BABA,178.88999938964844,180.2899932861328,177.75,179.97999572753906,170.92611694335938,22919800
2017-09-19,BABA,180.69000244140625,180.8699951171875,179.25,180.07000732421875,171.01158142089844,14751900
2017-09-20,BABA,180.02000427246094,180.5,176.1510009765625,177.9499969482422,168.99822998046875,15396700
2017-09-21,BABA,178.0500030517578,178.86099243164062,175.3000030517578,177.38999938964844,168.4663848876953,14578800
2017-09-22,BABA,176.1999969482422,178.4199981689453,175.67999267578125,178.13999938964844,169.1786651611328,12749700
2017-09-25,BABA,176.47999572753906,177.0,167.5,169.58999633789062,161.05877685546875,34033700
2017-09-26,BABA,170.00999450683594,171.89999389648438,166.7899932861328,167.02000427246094,158.61805725097656,23696200
2017-09-27,BABA,169.83999633789062,171.9499969482422,169.4499969482422,170.99000549316406,162.3883514404297,19444200
2017-09-28,BABA,170.91000366210938,171.8800048828125,169.56700134277344,170.24000549316406,161.67608642578125,13957000
2017-09-29,BABA,171.11000061035156,173.5399932861328,170.74000549316406,172.7100067138672,164.02183532714844,13401800
2017-10-02,BABA,174.57000732421875,175.1300048828125,172.57000732421875,173.61000061035156,164.8765411376953,12563400
2017-10-03,BABA,176.05999755859375,178.77999877929688,173.61000061035156,178.55999755859375,169.57754516601562,16714600
2017-10-04,BABA,178.05999755859375,180.0,177.3000030517578,178.7100067138672,169.7200164794922,11420600
2017-10-05,BABA,179.0,179.72999572753906,176.02999877929688,178.88999938964844,169.89093017578125,11895300
2017-10-06,BABA,177.85000610351562,179.8699951171875,177.61000061035156,179.1999969482422,170.1853485107422,8749300
2017-10-09,BABA,178.97000122070312,183.1320037841797,178.75,182.08999633789062,172.92996215820312,15011600
2017-10-10,BABA,181.64999389648438,184.4600067138672,181.36000061035156,183.1199951171875,173.90814208984375,13201300
2017-10-11,BABA,183.0,184.6999969482422,182.6009979248047,184.69000244140625,175.399169921875,11974400
2017-10-12,BABA,184.0399932861328,184.38999938964844,180.34800720214844,180.52999877929688,171.44845581054688,15441200
2017-10-13,BABA,180.9600067138672,181.39999389648438,177.97000122070312,178.4499969482422,169.4730682373047,18107700
2017-10-16,BABA,180.0,180.0500030517578,178.50999450683594,179.55999755859375,170.52723693847656,12855900
2017-10-17,BABA,179.5800018310547,180.1199951171875,175.3000030517578,175.32000732421875,166.5005340576172,20132200
2017-10-18,BABA,177.08999633789062,180.0,176.27999877929688,179.61000061035156,170.57470703125,21736500
2017-10-19,BABA,177.00100708007812,179.61000061035156,175.4499969482422,177.92999267578125,168.97923278808594,13539000
2017-10-20,BABA,179.02000427246094,179.52000427246094,177.0800018310547,177.32000732421875,168.39993286132812,11953200
2017-10-23,BABA,177.8000030517578,178.00999450683594,173.0500030517578,173.1300048828125,164.4207000732422,17610900
2017-10-24,BABA,174.0,175.97999572753906,173.25999450683594,173.6999969482422,164.9620361328125,11946000
2017-10-25,BABA,174.69000244140625,175.44000244140625,169.3000030517578,170.22000122070312,161.65708923339844,18109400
2017-10-26,BABA,170.6199951171875,171.4499969482422,168.5800018310547,170.32000732421875,161.75205993652344,13527400
2017-10-27,BABA,173.19000244140625,177.0,171.11000061035156,176.14999389648438,167.2887725830078,19712600
2017-10-30,BABA,178.42999267578125,181.89999389648438,177.58999633789062,181.5800018310547,172.44561767578125,20219700
2017-10-31,BABA,183.57000732421875,185.1199951171875,181.81100463867188,184.88999938964844,175.58909606933594,21256700
2017-11-01,BABA,187.8800048828125,188.8800048828125,183.5800018310547,186.0800018310547,176.71923828125,28594700
2017-11-02,BABA,190.99000549316406,191.22000122070312,183.30999755859375,184.80999755859375,175.51312255859375,41239900
2017-11-03,BABA,186.50999450683594,186.92999267578125,182.05999755859375,183.2100067138672,173.99363708496094,19697300
2017-11-06,BABA,184.07000732421875,188.25,184.0,187.83999633789062,178.39071655273438,19873100
2017-11-07,BABA,189.5800018310547,189.86000061035156,187.0,188.50999450683594,179.02699279785156,17781000
2017-11-08,BABA,187.97999572753906,188.14999389648438,185.10000610351562,185.89999389648438,176.5482940673828,13944600
2017-11-09,BABA,184.2100067138672,185.1300048828125,181.0500030517578,185.1300048828125,175.81704711914062,19755600
2017-11-10,BABA,187.02999877929688,187.1699981689453,185.39999389648438,186.41000366210938,177.03265380859375,15031000
2017-11-13,BABA,186.77000427246094,187.8800048828125,184.0,184.5399932861328,175.25672912597656,17139100
2017-11-14,BABA,184.3000030517578,184.3800048828125,181.14999389648438,181.7899932861328,172.64503479003906,14475300
2017-11-15,BABA,179.3699951171875,181.8800048828125,176.73599243164062,181.47999572753906,172.35064697265625,16567000
2017-11-16,BABA,183.30999755859375,186.27000427246094,183.1199951171875,185.42999267578125,176.10194396972656,18389500
2017-11-17,BABA,185.9199981689453,186.5,184.6699981689453,185.1300048828125,175.81704711914062,13422700
2017-11-20,BABA,187.60000610351562,190.0,186.61099243164062,188.0,178.54266357421875,25992300
2017-11-21,BABA,190.35000610351562,191.55999755859375,188.8000030517578,190.89999389648438,181.29678344726562,19639500
2017-11-22,BABA,191.5399932861328,191.75,189.3699951171875,189.83999633789062,180.2900848388672,14417600
2017-11-24,BABA,189.38999938964844,191.6999969482422,188.6999969482422,191.19000244140625,181.5721893310547,9887300
2017-11-27,BABA,190.49000549316406,191.4499969482422,187.5500030517578,188.02999877929688,178.57115173339844,14952800
2017-11-28,BABA,188.8300018310547,189.10000610351562,186.5,186.69000244140625,177.29856872558594,13378100
2017-11-29,BABA,185.25,185.41000366210938,173.6199951171875,179.91000366210938,170.859619140625,40204100
2017-11-30,BABA,179.52999877929688,179.8000030517578,176.32000732421875,177.0800018310547,168.17201232910156,25851100
2017-12-01,BABA,175.27000427246094,179.8000030517578,173.8000030517578,174.61000061035156,165.8262481689453,26782300
2017-12-04,BABA,177.1999969482422,177.5800018310547,168.25999450683594,169.5800018310547,161.04928588867188,35895100
2017-12-05,BABA,165.27999877929688,172.9600067138672,164.25,168.9600067138672,160.46046447753906,31609900
2017-12-06,BABA,172.6300048828125,173.22999572753906,167.86500549316406,172.6300048828125,163.94586181640625,23897800
2017-12-07,BABA,175.2899932861328,175.82000732421875,172.25999450683594,174.47000122070312,165.6932830810547,15697900
2017-12-08,BABA,177.57000732421875,178.9600067138672,176.3699951171875,177.6199951171875,168.684814453125,23543400
2017-12-11,BABA,179.89999389648438,180.67999267578125,178.14999389648438,179.2899932861328,170.2707977294922,15626200
2017-12-12,BABA,174.63999938964844,178.16000366210938,173.77000427246094,174.63999938964844,165.854736328125,22656500
2017-12-13,BABA,175.19000244140625,177.6999969482422,174.3000030517578,176.47000122070312,167.59268188476562,18653400
2017-12-14,BABA,173.11000061035156,173.38999938964844,169.61000061035156,171.75,163.110107421875,32830000
2017-12-15,BABA,172.88999938964844,173.5500030517578,170.0,173.5500030517578,164.81956481933594,41356700
2017-12-18,BABA,174.60000610351562,174.6999969482422,172.3699951171875,173.3699951171875,164.64862060546875,17023300
2017-12-19,BABA,171.97000122070312,173.0,170.50999450683594,171.27999877929688,162.6637725830078,23936200
2017-12-20,BABA,171.7899932861328,172.89999389648438,170.8000030517578,172.63999938964844,163.95533752441406,17121400
2017-12-21,BABA,172.8000030517578,176.25,172.6510009765625,175.32000732421875,166.5005340576172,14812400
2017-12-22,BABA,175.83999633789062,176.66000366210938,175.0399932861328,176.2899932861328,167.42172241210938,12524700
2017-12-26,BABA,174.5500030517578,175.14999389648438,171.72999572753906,172.3300018310547,163.66094970703125,12913800
2017-12-27,BABA,172.2899932861328,173.8699951171875,171.72999572753906,172.97000122070312,164.26873779296875,10152300
2017-12-28,BABA,173.0399932861328,173.52999877929688,171.6699981689453,172.3000030517578,163.6324462890625,9508100
2017-12-29,BABA,172.27999877929688,173.6699981689453,171.1999969482422,172.42999267578125,163.7559051513672,9704600
2018-01-02,BABA,176.3990020751953,184.10000610351562,175.6999969482422,183.64999389648438,174.41146850585938,29916900
2018-01-03,BABA,185.19000244140625,185.63499450683594,181.39999389648438,184.0,174.74388122558594,20121900
2018-01-04,BABA,185.89999389648438,187.7469940185547,184.42999267578125,185.7100067138672,176.3678741455078,19473800
2018-01-05,BABA,187.1699981689453,190.75,186.30099487304688,190.6999969482422,181.10684204101562,18168300
2018-01-08,BABA,190.4600067138672,191.66000366210938,189.07000732421875,190.3300018310547,180.7554473876953,16230100
2018-01-09,BABA,191.1300048828125,192.49000549316406,188.0,190.8000030517578,181.20181274414062,19495100
2018-01-10,BABA,188.10000610351562,190.38999938964844,186.5800018310547,189.7899932861328,180.24261474609375,17943800
2018-01-11,BABA,189.72999572753906,190.42999267578125,188.10000610351562,188.75,179.25494384765625,12400400
2018-01-12,BABA,189.91000366210938,190.1999969482422,187.25,187.7899932861328,178.34320068359375,11789600
2018-01-16,BABA,190.39999389648438,191.74000549316406,181.75,182.39999389648438,173.224365234375,27428500
2018-01-17,BABA,183.3000030517578,184.8000030517578,179.32000732421875,183.8300018310547,174.5824432373047,21346500
2018-01-18,BABA,184.27999877929688,185.84500122070312,182.69000244140625,184.39999389648438,175.12374877929688,14190700
2018-01-19,BABA,185.14999389648438,185.23899841308594,182.8000030517578,184.0500030517578,174.79136657714844,15349300
2018-01-22,BABA,184.97500610351562,185.0399932861328,181.67999267578125,184.02000427246094,174.76287841796875,16016300
2018-01-23,BABA,185.27999877929688,192.39999389648438,183.5399932861328,192.27999877929688,182.6073455810547,31305900
2018-01-24,BABA,194.7100067138672,198.86000061035156,192.39999389648438,195.52999877929688,185.69386291503906,34497300
2018-01-25,BABA,196.33999633789062,199.58999633789062,194.10000610351562,198.3300018310547,188.35301208496094,23421600
2018-01-26,BABA,200.3300018310547,205.22999572753906,199.2100067138672,205.22000122070312,194.8964080810547,23768600
2018-01-29,BABA,204.8300018310547,205.69000244140625,201.82000732421875,203.00999450683594,192.79759216308594,21908600
2018-01-30,BABA,198.67999267578125,202.5399932861328,196.49000549316406,199.66000366210938,189.61610412597656,23377500
2018-01-31,BABA,202.82000732421875,206.1999969482422,202.8000030517578,204.2899932861328,194.01318359375,26982500
2018-02-01,BABA,192.75,199.49000549316406,191.13999938964844,192.22000122070312,182.55038452148438,52628900
2018-02-02,BABA,194.7899932861328,195.67999267578125,186.8000030517578,187.30999755859375,177.8873748779297,32233900
2018-02-05,BABA,183.6999969482422,190.47000122070312,179.89999389648438,180.52999877929688,171.44845581054688,31084000
2018-02-06,BABA,174.72000122070312,185.58999633789062,174.1699981689453,185.1699981689453,175.85501098632812,35804500
2018-02-07,BABA,183.5,186.8300018310547,180.3000030517578,180.3000030517578,171.23001098632812,19672100
2018-02-08,BABA,182.27000427246094,183.10000610351562,171.38999938964844,173.6999969482422,164.9620361328125,32051300
2018-02-09,BABA,175.1199951171875,177.61599731445312,168.8800048828125,176.6699981689453,167.78260803222656,28049500
2018-02-12,BABA,180.44000244140625,180.7899932861328,175.08599853515625,177.44000244140625,168.51390075683594,18280300
2018-02-13,BABA,177.4199981689453,182.14999389648438,177.0,179.25,170.23281860351562,15507000
2018-02-14,BABA,179.22000122070312,186.92999267578125,178.89999389648438,186.75999450683594,177.3650360107422,21047400
2018-02-15,BABA,189.25,189.55999755859375,184.43099975585938,187.4499969482422,178.02032470703125,14361100
2018-02-16,BABA,186.75,188.27000427246094,183.5399932861328,183.67999267578125,174.43997192382812,16008400
2018-02-20,BABA,183.6699981689453,188.8300018310547,183.0,187.19000244140625,177.77340698242188,14854900
2018-02-21,BABA,189.3699951171875,193.1699981689453,188.4600067138672,188.82000732421875,179.3214111328125,22071600
2018-02-22,BABA,190.1999969482422,190.74000549316406,187.77000427246094,188.75,179.25494384765625,12282800
2018-02-23,BABA,190.17999267578125,193.40499877929688,189.9499969482422,193.2899932861328,183.56654357910156,16937300
2018-02-26,BABA,194.4600067138672,195.14999389648438,190.64999389648438,194.19000244140625,184.4212646484375,19463100
2018-02-27,BABA,192.58999633789062,193.56700134277344,187.2100067138672,188.25999450683594,178.78958129882812,23218500
2018-02-28,BABA,187.25,188.24000549316406,185.0,186.13999938964844,176.77622985839844,19367600
2018-03-01,BABA,186.17999267578125,187.47999572753906,180.0500030517578,181.99000549316406,172.83499145507812,17286300
2018-03-02,BABA,178.00999450683594,180.22999572753906,175.4499969482422,179.75999450683594,170.7171630859375,18909100
2018-03-05,BABA,179.41000366210938,181.9499969482422,177.07000732421875,181.60000610351562,172.464599609375,15656700
2018-03-06,BABA,185.19000244140625,188.00999450683594,184.82000732421875,187.3699951171875,177.94436645507812,17856100
2018-03-07,BABA,184.3699951171875,189.07000732421875,184.32000732421875,189.0500030517578,179.5398406982422,13728900
2018-03-08,BABA,189.0500030517578,190.22999572753906,186.57000732421875,187.17999267578125,177.763916015625,14331400
2018-03-09,BABA,189.63999938964844,190.6999969482422,188.00999450683594,190.5500030517578,180.96438598632812,14208400
2018-03-12,BABA,192.3000030517578,194.39999389648438,190.89999389648438,192.74000549316406,183.04421997070312,17826200
2018-03-13,BABA,193.8800048828125,194.25,187.38999938964844,188.41000366210938,178.9320526123047,14826700
2018-03-14,BABA,190.2899932861328,193.6300048828125,190.22000122070312,192.55999755859375,182.87326049804688,20032300
2018-03-15,BABA,198.44000244140625,201.5,196.52000427246094,199.05999755859375,189.04629516601562,33504600
2018-03-16,BABA,198.39999389648438,200.3800048828125,197.25999450683594,200.27999877929688,190.2049102783203,26948700
2018-03-19,BABA,198.0,198.42999267578125,192.80099487304688,194.52999877929688,184.74415588378906,19681400
2018-03-20,BABA,194.9499969482422,199.2100067138672,194.5399932861328,198.9499969482422,188.9418182373047,11952000
2018-03-21,BABA,198.8000030517578,198.8800048828125,194.57000732421875,195.3000030517578,185.47543334960938,12047300
2018-03-22,BABA,190.75,192.38999938964844,184.60000610351562,184.64999389648438,175.36117553710938,25355700
2018-03-23,BABA,186.85000610351562,187.13999938964844,180.4010009765625,181.1999969482422,172.08473205566406,18714400
2018-03-26,BABA,187.88999938964844,190.6199951171875,184.32000732421875,190.5,180.9169158935547,16758700
2018-03-27,BABA,192.24000549316406,192.25,180.66000366210938,181.88999938964844,172.74002075195312,16627900
2018-03-28,BABA,180.72999572753906,183.44000244140625,177.57000732421875,178.91000366210938,169.90994262695312,20081100
2018-03-29,BABA,180.8800048828125,185.1300048828125,178.6199951171875,183.5399932861328,174.3070068359375,16378900
2018-04-02,BABA,182.80999755859375,183.50999450683594,175.75,177.61000061035156,168.6753387451172,16028700
2018-04-03,BABA,179.25999450683594,179.5800018310547,173.0,174.6699981689453,165.8832244873047,19975100
2018-04-04,BABA,166.8800048828125,172.41000366210938,166.1300048828125,172.07000732421875,163.41403198242188,24573600
2018-04-05,BABA,175.47999572753906,176.55999755859375,171.1699981689453,172.57000732421875,163.8888702392578,18250900
2018-04-06,BABA,169.83999633789062,172.27000427246094,166.39999389648438,167.52000427246094,159.09291076660156,18210000
2018-04-09,BABA,169.75,172.72000122070312,168.61000061035156,169.8699951171875,161.32467651367188,14717300
2018-04-10,BABA,175.10000610351562,177.8800048828125,173.85000610351562,177.10000610351562,168.19097900390625,20436200
2018-04-11,BABA,176.47999572753906,178.16000366210938,174.74000549316406,175.36000061035156,166.53851318359375,10170500
2018-04-12,BABA,175.92999267578125,177.89999389648438,174.55999755859375,175.9199981689453,167.07034301757812,11133900
2018-04-13,BABA,176.72000122070312,176.8000030517578,171.07000732421875,172.0399932861328,163.38552856445312,13526200
2018-04-16,BABA,172.00999450683594,174.7899932861328,171.00999450683594,174.6999969482422,165.91172790527344,9876200
2018-04-17,BABA,174.8300018310547,179.33999633789062,174.8300018310547,178.6999969482422,169.71047973632812,16285800
2018-04-18,BABA,178.89999389648438,182.8800048828125,177.63999938964844,182.67999267578125,173.49029541015625,16972700
2018-04-19,BABA,183.25999450683594,183.6300048828125,179.52000427246094,181.38999938964844,172.2651824951172,11989000
2018-04-20,BABA,179.36000061035156,181.38999938964844,177.52999877929688,179.11000061035156,170.09988403320312,14473100
2018-04-23,BABA,178.6300048828125,179.32000732421875,174.7100067138672,175.57000732421875,166.7379608154297,12033900
2018-04-24,BABA,177.6300048828125,178.0,170.67999267578125,173.08999633789062,164.38270568847656,14567500
2018-04-25,BABA,170.52000427246094,171.3000030517578,166.63999938964844,170.22000122070312,161.65708923339844,17132900
2018-04-26,BABA,173.25,174.36000061035156,172.0500030517578,173.89999389648438,165.15196228027344,13398000
2018-04-27,BABA,177.11000061035156,178.1999969482422,174.00999450683594,177.16000366210938,168.2479705810547,15062500
2018-04-30,BABA,178.08999633789062,180.0399932861328,177.0500030517578,178.5399932861328,169.55853271484375,14654000
2018-05-01,BABA,177.5800018310547,180.32000732421875,177.44000244140625,179.5,170.4702606201172,10787700
2018-05-02,BABA,180.8000030517578,184.26400756835938,180.11000061035156,181.4499969482422,172.32215881347656,20681800
2018-05-03,BABA,183.5,183.58999633789062,175.77000427246094,182.4499969482422,173.27186584472656,26257600
2018-05-04,BABA,180.39999389648438,190.60000610351562,178.6199951171875,188.88999938964844,179.38787841796875,57788300
2018-05-07,BABA,190.41000366210938,196.60000610351562,190.3000030517578,195.35000610351562,185.52293395996094,29862200
2018-05-08,BABA,194.1999969482422,197.33999633789062,193.00999450683594,196.30999755859375,186.43463134765625,21856300
2018-05-09,BABA,195.83999633789062,197.3800048828125,194.5,195.42999267578125,185.59889221191406,13780600
2018-05-10,BABA,196.3000030517578,199.77000427246094,195.16000366210938,195.9600067138672,186.10223388671875,21295000
2018-05-11,BABA,196.39999389648438,196.4600067138672,193.3800048828125,194.36000061035156,184.5827178955078,12741100
2018-05-14,BABA,195.89999389648438,200.0,195.8699951171875,198.63999938964844,188.64743041992188,17627100
2018-05-15,BABA,195.22999572753906,196.77999877929688,193.86000061035156,196.61000061035156,186.7195281982422,12694900
2018-05-16,BABA,196.75,199.75,196.3000030517578,198.11000061035156,188.14407348632812,12887500
2018-05-17,BABA,196.0,198.42999267578125,195.57000732421875,196.02000427246094,186.1592254638672,13470500
2018-05-18,BABA,196.42999267578125,197.77999877929688,194.72000122070312,195.0,185.19053649902344,14242300
2018-05-21,BABA,197.8000030517578,199.7899932861328,196.39999389648438,197.63999938964844,187.69772338867188,13830500
2018-05-22,BABA,198.3000030517578,198.6269989013672,195.6999969482422,195.8699951171875,186.0167694091797,9700100
2018-05-23,BABA,193.8800048828125,196.89999389648438,192.80099487304688,196.8000030517578,186.8999786376953,12807400
2018-05-24,BABA,198.1199951171875,199.72000122070312,195.69700622558594,197.3699951171875,187.44131469726562,18527700
2018-05-25,BABA,197.57000732421875,201.5,197.2100067138672,199.1999969482422,189.1792449951172,21270000
2018-05-29,BABA,197.94000244140625,202.27999877929688,197.0,198.0,188.03961181640625,18768700
2018-05-30,BABA,199.6999969482422,200.5399932861328,197.5,197.97999572753906,188.02061462402344,13930600
2018-05-31,BABA,198.0,199.47999572753906,196.85000610351562,198.00999450683594,188.04910278320312,17982500
2018-06-01,BABA,199.5,204.99000549316406,199.4499969482422,204.33999633789062,194.06068420410156,23131900
2018-06-04,BABA,205.1199951171875,209.75,204.72999572753906,208.9499969482422,198.4387664794922,19357000
2018-06-05,BABA,209.9499969482422,211.6999969482422,207.1300048828125,208.3699951171875,197.887939453125,17787700
2018-06-06,BABA,209.86000061035156,210.4600067138672,207.28900146484375,208.3000030517578,197.82147216796875,13800500
2018-06-07,BABA,207.4600067138672,209.0,200.8800048828125,203.6199951171875,193.3769073486328,26747800
2018-06-08,BABA,201.11000061035156,206.22999572753906,200.42999267578125,205.07000732421875,194.7539520263672,17525200
2022-12-19,CVX,170.11000061035156,170.82000732421875,168.25,169.8800048828125,148.31309509277344,7131600
2022-12-20,CVX,169.80999755859375,173.2899932861328,169.60000610351562,172.6699981689453,150.7488555908203,6199100
2022-12-21,CVX,175.19000244140625,175.9600067138672,173.16000366210938,174.6999969482422,152.52114868164062,5479400
2022-12-22,CVX,175.16000366210938,175.2100067138672,168.3300018310547,172.0800018310547,150.23374938964844,5755000
2022-12-23,CVX,174.10000610351562,177.5800018310547,173.69000244140625,177.39999389648438,154.87835693359375,6079100
2022-12-27,CVX,178.36000061035156,180.22999572753906,177.39999389648438,179.6300048828125,156.82528686523438,5168000
2022-12-28,CVX,178.86000061035156,179.3000030517578,175.92999267578125,176.97999572753906,154.51168823242188,4494400
2022-12-29,CVX,176.64999389648438,179.1999969482422,176.64999389648438,178.32000732421875,155.68157958984375,4142100
2022-12-30,CVX,178.02999877929688,179.9499969482422,177.6999969482422,179.49000549316406,156.7030487060547,5005100
2023-01-03,CVX,178.0399932861328,179.0,171.50999450683594,173.99000549316406,151.9012908935547,7565400
2023-01-04,CVX,170.9499969482422,174.2899932861328,170.85000610351562,172.13999938964844,150.28614807128906,7684500
2023-01-05,CVX,171.5,176.19000244140625,171.24000549316406,175.24000549316406,152.99258422851562,6088200
2023-01-06,CVX,177.02000427246094,179.38999938964844,175.6999969482422,176.55999755859375,154.14501953125,7191200
2023-01-09,CVX,178.25999450683594,178.3300018310547,174.3800048828125,175.17999267578125,152.9402313232422,8385600
2023-01-10,CVX,176.39999389648438,176.7100067138672,173.72000122070312,176.0399932861328,153.69102478027344,8307000
2023-01-11,CVX,177.88999938964844,178.13999938964844,174.3000030517578,175.1999969482422,152.9576873779297,6962600
2023-01-12,CVX,175.99000549316406,178.3699951171875,175.89999389648438,177.0800018310547,154.5989990234375,6891400
2023-01-13,CVX,177.08999633789062,177.99000549316406,175.67999267578125,177.55999755859375,155.01805114746094,5726300
2023-01-17,CVX,178.44000244140625,181.32000732421875,178.17999267578125,180.49000549316406,157.5760955810547,10697700
2023-01-18,CVX,180.82000732421875,182.3800048828125,176.94000244140625,177.22999572753906,154.72996520996094,8899200
2023-01-19,CVX,176.61000061035156,179.9499969482422,176.16000366210938,179.0,156.27525329589844,5907200
2023-01-20,CVX,178.80999755859375,181.36000061035156,177.52000427246094,180.89999389648438,157.9340057373047,10477900
2023-01-23,CVX,181.2100067138672,182.5500030517578,180.02999877929688,180.66000366210938,157.72451782226562,8381300
2023-01-24,CVX,181.08999633789062,182.0,178.6999969482422,180.8300018310547,157.87294006347656,5989000
2023-01-25,CVX,179.2899932861328,180.02999877929688,176.35000610351562,179.0800018310547,156.3450927734375,6727500
2023-01-26,CVX,184.99000549316406,187.80999755859375,183.47999572753906,187.7899932861328,163.94932556152344,14307800
2023-01-27,CVX,184.22999572753906,184.22999572753906,177.9199981689453,179.4499969482422,156.6681365966797,19654700
2023-01-30,CVX,178.0,178.33999633789062,173.6699981689453,174.1999969482422,152.08462524414062,11476000
2023-01-31,CVX,172.75,174.6300048828125,171.4199981689453,174.02000427246094,151.92745971679688,14481300
2023-02-01,CVX,173.30999755859375,173.66000366210938,169.5399932861328,171.36000061035156,149.6051788330078,11526400
2023-02-02,CVX,171.1300048828125,171.42999267578125,166.82000732421875,169.00999450683594,147.55348205566406,10463400
2023-02-03,CVX,169.86000061035156,171.5500030517578,168.49000549316406,169.4499969482422,147.9376678466797,8404900
2023-02-06,CVX,169.55999755859375,170.1199951171875,167.3699951171875,169.63999938964844,148.10353088378906,7659500
2023-02-07,CVX,170.07000732421875,174.38999938964844,169.61000061035156,174.08999633789062,151.98858642578125,10256500
2023-02-08,CVX,172.47999572753906,174.07000732421875,169.47000122070312,170.0,148.41783142089844,9784700
2023-02-09,CVX,170.22999572753906,170.66000366210938,168.0,168.44000244140625,147.05589294433594,10123400
2023-02-10,CVX,170.8000030517578,172.72999572753906,170.77999877929688,171.97000122070312,150.13775634765625,11602400
2023-02-13,CVX,171.32000732421875,171.89999389648438,169.77000427246094,171.00999450683594,149.29962158203125,9442900
2023-02-14,CVX,170.47999572753906,173.50999450683594,169.97999572753906,172.32000732421875,150.4433135986328,8077300
2023-02-15,CVX,169.39999389648438,169.52000427246094,167.5,169.00999450683594,148.85792541503906,8885700
2023-02-16,CVX,168.19000244140625,168.66000366210938,166.39999389648438,166.57000732421875,146.70884704589844,6727500
2023-02-17,CVX,164.72999572753906,164.83999633789062,161.85000610351562,162.85000610351562,143.43243408203125,9612100
2023-02-21,CVX,162.17999267578125,163.75,160.6999969482422,161.0,141.80300903320312,7259700
2023-02-22,CVX,160.27999877929688,161.66000366210938,158.91000366210938,160.35000610351562,141.23052978515625,6205900
2023-02-23,CVX,162.25,162.83999633789062,160.55999755859375,161.92999267578125,142.62210083007812,6445500
2023-02-24,CVX,160.77000427246094,162.60000610351562,159.14999389648438,162.41000366210938,143.04489135742188,5330200
2023-02-27,CVX,163.00999450683594,163.3699951171875,161.9199981689453,162.82000732421875,143.40602111816406,6386800
2023-02-28,CVX,164.32000732421875,164.32000732421875,160.27999877929688,160.77000427246094,141.60043334960938,10854200
2023-03-01,CVX,160.9199981689453,163.58999633789062,160.58999633789062,162.0500030517578,142.72784423828125,7470400
2023-03-02,CVX,161.97999572753906,163.49000549316406,161.58999633789062,162.55999755859375,143.177001953125,5582000
2023-03-03,CVX,160.8699951171875,165.5800018310547,160.4199981689453,164.9600067138672,145.2908172607422,6007500
2023-03-06,CVX,164.33999633789062,166.8000030517578,163.80999755859375,166.1699981689453,146.35653686523438,7703600
2023-03-07,CVX,165.6999969482422,166.60000610351562,163.5800018310547,164.02999877929688,144.4717254638672,7393000
2023-03-08,CVX,163.22999572753906,165.2899932861328,161.3800048828125,162.99000549316406,143.5557403564453,5435800
2023-03-09,CVX,163.7899932861328,165.49000549316406,160.19000244140625,160.50999450683594,141.37144470214844,6214700
2023-03-10,CVX,160.94000244140625,164.6699981689453,158.6699981689453,159.6699981689453,140.631591796875,7385800
2023-03-13,CVX,156.44000244140625,160.9499969482422,153.8000030517578,158.7100067138672,139.78607177734375,10106100
2023-03-14,CVX,158.25999450683594,164.02000427246094,157.8800048828125,160.75999450683594,141.5916290283203,10035200
2023-03-15,CVX,155.58999633789062,157.9499969482422,152.00999450683594,153.8000030517578,135.46151733398438,14063100
2023-03-16,CVX,150.16000366210938,155.47000122070312,149.91000366210938,154.2899932861328,135.89308166503906,12849600
2023-03-17,CVX,153.6199951171875,155.3800048828125,150.60000610351562,152.33999633789062,134.1755828857422,33161800
2023-03-20,CVX,151.74000549316406,155.77999877929688,151.2899932861328,154.5800018310547,136.14852905273438,8469200
2023-03-21,CVX,157.16000366210938,159.57000732421875,156.47000122070312,159.30999755859375,140.31451416015625,9753500
2023-03-22,CVX,159.8699951171875,160.05999755859375,155.92999267578125,156.07000732421875,137.4608612060547,6315000
2023-03-23,CVX,157.02000427246094,158.75999450683594,153.13999938964844,154.52000427246094,136.0956268310547,7859400
2023-03-24,CVX,152.10000610351562,156.64999389648438,151.8300018310547,156.05999755859375,137.4520263671875,6600100
2023-03-27,CVX,157.39999389648438,158.47999572753906,155.69000244140625,157.64999389648438,138.85244750976562,7006800
2023-03-28,CVX,157.27999877929688,160.19000244140625,156.67999267578125,159.49000549316406,140.47305297851562,5605400
2023-03-29,CVX,160.6199951171875,161.32000732421875,159.3300018310547,160.86000061035156,141.67971801757812,7569700
2023-03-30,CVX,162.25,163.00999450683594,161.5800018310547,162.38999938964844,143.0272674560547,6322400
2023-03-31,CVX,162.6999969482422,163.72000122070312,162.14999389648438,163.16000366210938,143.70545959472656,7041400
2023-04-03,CVX,169.8000030517578,171.10000610351562,168.9199981689453,169.9499969482422,149.68585205078125,12868200
2023-04-04,CVX,171.13999938964844,171.13999938964844,167.72000122070312,169.0399932861328,148.8843536376953,7521400
2023-04-05,CVX,169.25999450683594,170.44000244140625,167.74000549316406,169.8800048828125,149.62420654296875,6478100
2023-04-06,CVX,169.35000610351562,169.41000366210938,167.1300048828125,167.64999389648438,147.66009521484375,5803200
2023-04-10,CVX,168.49000549316406,169.67999267578125,167.30999755859375,168.2899932861328,148.2237548828125,5923500
2023-04-11,CVX,169.07000732421875,170.33999633789062,168.07000732421875,169.22000122070312,149.0428924560547,5469600
2023-04-12,CVX,170.4499969482422,171.1199951171875,169.47000122070312,169.82000732421875,149.5713348388672,6157900
2023-04-13,CVX,170.25,172.47000122070312,169.82000732421875,172.08999633789062,151.57066345214844,6856600
2023-04-14,CVX,172.5,172.8800048828125,171.22000122070312,172.44000244140625,151.87893676757812,4930700
2023-04-17,CVX,172.38999938964844,172.5399932861328,170.22000122070312,170.9199981689453,150.5402069091797,7006000
2023-04-18,CVX,170.82000732421875,172.38999938964844,170.1300048828125,170.52000427246094,150.1879119873047,8045600
2023-04-19,CVX,169.4600067138672,170.74000549316406,169.10000610351562,170.67999267578125,150.3288116455078,5506800
2023-04-20,CVX,168.75999450683594,170.05999755859375,168.02000427246094,169.85000610351562,149.5977783203125,5851100
2023-04-21,CVX,169.8300018310547,170.58999633789062,168.83999633789062,169.1199951171875,148.95481872558594,7179000
2023-04-24,CVX,169.10000610351562,172.3800048828125,168.5800018310547,171.47999572753906,151.03341674804688,7177600
2023-04-25,CVX,170.32000732421875,170.39999389648438,168.42999267578125,168.99000549316406,148.84031677246094,5807200
2023-04-26,CVX,168.2100067138672,168.9499969482422,165.22999572753906,165.97999572753906,146.18922424316406,5927400
2023-04-27,CVX,166.42999267578125,167.38999938964844,165.07000732421875,166.9499969482422,147.04354858398438,6417200
2023-04-28,CVX,164.5,168.94000244140625,164.0500030517578,168.5800018310547,148.47921752929688,10036300
2023-05-01,CVX,167.7100067138672,168.72999572753906,166.36000061035156,167.24000549316406,147.29896545410156,6099800
2023-05-02,CVX,165.32000732421875,165.3800048828125,158.4499969482422,160.0399932861328,140.9574432373047,10701700
2023-05-03,CVX,158.14999389648438,159.57000732421875,156.74000549316406,156.8300018310547,138.13021850585938,7538100
2023-05-04,CVX,157.11000061035156,158.1999969482422,155.4199981689453,156.22000122070312,137.59295654296875,7500400
2023-05-05,CVX,159.3000030517578,161.1199951171875,158.77999877929688,160.2100067138672,141.10719299316406,5802000
2023-05-08,CVX,161.57000732421875,162.3000030517578,159.52000427246094,159.5800018310547,140.5523223876953,5028200
2023-05-09,CVX,158.11000061035156,160.4199981689453,157.91000366210938,159.1199951171875,140.14718627929688,5019800
2023-05-10,CVX,160.44000244140625,160.44000244140625,155.8800048828125,157.08999633789062,138.3592071533203,6161200
2023-05-11,CVX,155.3800048828125,156.32000732421875,153.88999938964844,156.22000122070312,137.59295654296875,6666100
2023-05-12,CVX,157.0,157.92999267578125,155.55999755859375,156.6199951171875,137.94525146484375,4898900
2023-05-15,CVX,157.22999572753906,158.16000366210938,156.22999572753906,157.1999969482422,138.4561004638672,5096700
2023-05-16,CVX,156.47999572753906,157.02000427246094,153.3300018310547,153.50999450683594,135.2061004638672,7007700
2023-05-17,CVX,154.7899932861328,156.4199981689453,153.9600067138672,155.7100067138672,137.14376831054688,6169600
2023-05-18,CVX,152.8699951171875,154.24000549316406,151.52999877929688,154.00999450683594,136.97476196289062,7477700
2023-05-19,CVX,154.88999938964844,156.44000244140625,153.99000549316406,155.22999572753906,138.05984497070312,8100900
2023-05-22,CVX,153.7899932861328,154.8300018310547,152.08999633789062,152.44000244140625,135.5784454345703,11661000
2023-05-23,CVX,154.13999938964844,157.67999267578125,153.83999633789062,156.85000610351562,139.5006561279297,10436200
2023-05-24,CVX,157.9499969482422,158.57000732421875,156.2899932861328,157.27000427246094,139.8742218017578,7064000
2023-05-25,CVX,154.67999267578125,155.6300048828125,153.5,154.55999755859375,137.46392822265625,7037700
2023-05-26,CVX,155.2899932861328,155.6300048828125,153.4600067138672,154.0800018310547,137.03704833984375,7736200
2023-05-30,CVX,151.6699981689453,153.25999450683594,151.2100067138672,153.1199951171875,136.1832275390625,7814800
2023-05-31,CVX,151.5399932861328,152.4199981689453,150.36000061035156,150.6199951171875,133.95974731445312,13346400
2023-06-01,CVX,151.3000030517578,153.74000549316406,149.74000549316406,152.16000366210938,135.3294219970703,9887700
2023-06-02,CVX,154.5800018310547,156.75,153.61000061035156,156.25999450683594,138.9758758544922,9464300
2023-06-05,CVX,158.4499969482422,158.4499969482422,155.24000549316406,155.50999450683594,138.30885314941406,6443800
2023-06-06,CVX,153.3300018310547,156.16000366210938,153.1999969482422,155.7899932861328,138.55787658691406,6176400
2023-06-07,CVX,156.5500030517578,160.2100067138672,156.5,159.8300018310547,142.15101623535156,9900000
2023-06-08,CVX,160.16000366210938,160.49000549316406,157.08999633789062,159.24000549316406,141.6262664794922,7142200
2023-06-09,CVX,159.27999877929688,160.38999938964844,158.6199951171875,158.86000061035156,141.288330078125,6669500
2023-06-12,CVX,157.05999755859375,159.3300018310547,156.22999572753906,157.3300018310547,139.92755126953125,7159600
2023-06-13,CVX,158.52000427246094,160.5800018310547,158.27000427246094,158.50999450683594,140.97702026367188,7660800
2023-06-14,CVX,159.97999572753906,160.77000427246094,156.14999389648438,157.08999633789062,139.71408081054688,7721100
2023-06-15,CVX,157.32000732421875,159.7899932861328,157.32000732421875,158.27999877929688,140.77247619628906,7705400
2023-06-16,CVX,158.57000732421875,159.24000549316406,157.25999450683594,157.25999450683594,139.8652801513672,22908100
2023-06-20,CVX,156.14999389648438,156.57000732421875,152.24000549316406,153.67999267578125,136.6812744140625,10438700
2023-06-21,CVX,152.6699981689453,155.9600067138672,152.5,154.8800048828125,137.74855041503906,7328200
2023-06-22,CVX,153.35000610351562,153.58999633789062,151.97000122070312,152.63999938964844,135.7563018798828,7088600
2023-06-23,CVX,151.00999450683594,151.6999969482422,150.1300048828125,151.35000610351562,134.60902404785156,15172700
2023-06-26,CVX,151.6199951171875,154.97000122070312,151.5399932861328,154.00999450683594,136.97476196289062,7371800
2023-06-27,CVX,153.5,154.7100067138672,152.82000732421875,153.52999877929688,136.54788208007812,6581700
2023-06-28,CVX,153.44000244140625,155.02000427246094,152.19000244140625,154.9199981689453,137.7841033935547,5773800
2023-06-29,CVX,155.42999267578125,156.27000427246094,154.44000244140625,156.24000549316406,138.95811462402344,5633500
2023-06-30,CVX,157.4600067138672,157.9199981689453,156.60000610351562,157.35000610351562,139.94534301757812,6346600
2023-07-03,CVX,157.17999267578125,158.10000610351562,156.6999969482422,157.2100067138672,139.82083129882812,3272600
2023-07-05,CVX,157.6999969482422,157.6999969482422,155.1199951171875,156.30999755859375,139.02037048339844,6318700
2023-07-06,CVX,155.1999969482422,155.8300018310547,151.6300048828125,152.8800048828125,135.9697723388672,9203000
2023-07-07,CVX,152.13999938964844,155.99000549316406,151.9600067138672,154.22000122070312,137.1615447998047,6602200
2023-07-10,CVX,153.92999267578125,155.7899932861328,153.9199981689453,155.25,138.07762145996094,5167900
2023-07-11,CVX,156.0,158.41000366210938,155.66000366210938,158.1199951171875,140.6301727294922,5060500
2023-07-12,CVX,159.22000122070312,160.33999633789062,158.3300018310547,159.63999938964844,141.98204040527344,6464000
2023-07-13,CVX,159.83999633789062,160.60000610351562,156.57000732421875,157.50999450683594,140.087646484375,8143900
2023-07-14,CVX,157.00999450683594,157.02000427246094,153.3000030517578,153.5800018310547,136.59234619140625,7065700
2023-07-17,CVX,153.35000610351562,154.13999938964844,152.63999938964844,153.44000244140625,136.46783447265625,4351700
2023-07-18,CVX,152.6699981689453,156.07000732421875,152.3699951171875,153.75,136.7435302734375,6798300
2023-07-19,CVX,153.8300018310547,155.77999877929688,153.27999877929688,154.69000244140625,137.57958984375,5653100
2023-07-20,CVX,156.16000366210938,157.19000244140625,155.7100067138672,156.39999389648438,139.1004180908203,5866600
2023-07-21,CVX,157.52999877929688,158.8300018310547,157.05999755859375,158.69000244140625,141.13711547851562,8760100
2023-07-24,CVX,160.47000122070312,164.0399932861328,160.00999450683594,161.82000732421875,143.92088317871094,9722100
2023-07-25,CVX,161.91000366210938,163.50999450683594,160.66000366210938,162.55999755859375,144.5790557861328,6767600
2023-07-26,CVX,160.8800048828125,162.08999633789062,160.5500030517578,161.33999633789062,143.4940185546875,6056400
2023-07-27,CVX,162.08999633789062,162.47000122070312,159.22000122070312,159.66000366210938,141.99984741210938,6470100
2023-07-28,CVX,158.41000366210938,159.0,156.50999450683594,158.8699951171875,141.29721069335938,6542300
2023-07-31,CVX,161.1300048828125,163.97999572753906,160.6199951171875,163.66000366210938,145.55738830566406,13056300
2023-08-01,CVX,163.63999938964844,163.63999938964844,160.5500030517578,162.3000030517578,144.34780883789062,7531400
2023-08-02,CVX,161.1699981689453,161.22000122070312,158.05999755859375,159.72999572753906,142.0620880126953,7067100
2023-08-03,CVX,159.91000366210938,161.6999969482422,158.85000610351562,159.6699981689453,142.00872802734375,6680700
2023-08-04,CVX,160.66000366210938,163.02000427246094,159.0399932861328,159.30999755859375,141.68853759765625,10185400
2023-08-07,CVX,161.00999450683594,161.3800048828125,159.0800018310547,159.88999938964844,142.20436096191406,13927400
2023-08-08,CVX,157.94000244140625,159.7899932861328,156.22000122070312,159.64999389648438,141.9909210205078,6451300
2023-08-09,CVX,160.86000061035156,161.44000244140625,159.30999755859375,159.86000061035156,142.17770385742188,10531500
2023-08-10,CVX,160.3300018310547,162.47999572753906,159.6199951171875,160.8300018310547,143.0404052734375,8647100
2023-08-11,CVX,160.5,164.1699981689453,160.17999267578125,164.14999389648438,145.9931640625,6682600
2023-08-14,CVX,163.77000427246094,164.25,162.61000061035156,164.02999877929688,145.88645935058594,6060100
2023-08-15,CVX,163.39999389648438,163.41000366210938,159.10000610351562,159.24000549316406,141.6262664794922,7876500
2023-08-16,CVX,160.52000427246094,161.8300018310547,158.47000122070312,158.6300048828125,141.08375549316406,7920500
2023-08-17,CVX,159.17999267578125,162.13999938964844,158.97000122070312,159.75,143.44532775878906,8270500
2023-08-18,CVX,158.3800048828125,161.32000732421875,158.16000366210938,160.89999389648438,144.47796630859375,5999200
2023-08-21,CVX,161.1999969482422,162.07000732421875,159.4499969482422,160.36000061035156,143.99305725097656,6802300
2023-08-22,CVX,160.49000549316406,161.25,158.97000122070312,159.0399932861328,142.8077850341797,6080800
2023-08-23,CVX,158.13999938964844,159.41000366210938,156.6999969482422,159.25,142.996337890625,4975600
2023-08-24,CVX,157.72999572753906,159.88999938964844,157.55999755859375,157.94000244140625,141.82005310058594,5989600
2023-08-25,CVX,159.07000732421875,159.91000366210938,157.64999389648438,159.1199951171875,142.879638671875,5291800
2023-08-28,CVX,159.52999877929688,161.8000030517578,159.22000122070312,160.2100067138672,143.85838317871094,4386100
2023-08-29,CVX,160.91000366210938,160.9499969482422,159.10000610351562,159.9600067138672,143.63392639160156,5374800
2023-08-30,CVX,160.58999633789062,161.25,159.92999267578125,160.17999267578125,143.8314208984375,5534900
2023-08-31,CVX,161.00999450683594,161.24000549316406,159.92999267578125,161.10000610351562,144.65756225585938,7003700
2023-09-01,CVX,162.63999938964844,164.69000244140625,162.63999938964844,164.3000030517578,147.53091430664062,6663000
2023-09-05,CVX,165.27999877929688,167.55999755859375,165.1999969482422,166.4600067138672,149.47048950195312,9755800
2023-09-06,CVX,166.27999877929688,167.44000244140625,165.5800018310547,166.6300048828125,149.6231231689453,7195500
2023-09-07,CVX,167.13999938964844,167.89999389648438,166.27999877929688,166.63999938964844,149.63211059570312,7925900
2023-09-08,CVX,167.4199981689453,168.49000549316406,166.7100067138672,167.2100067138672,150.1439208984375,7434400
2023-09-11,CVX,168.0800018310547,168.58999633789062,162.8699951171875,163.75999450683594,147.04605102539062,7155100
2023-09-12,CVX,165.3000030517578,167.19000244140625,165.10000610351562,166.80999755859375,149.78475952148438,7521100
2023-09-13,CVX,167.41000366210938,167.75,165.5800018310547,166.1999969482422,149.2370147705078,5759500
2023-09-14,CVX,167.6999969482422,168.5,167.1199951171875,167.22999572753906,150.1619110107422,8822800
2023-09-15,CVX,166.2100067138672,168.3699951171875,165.8800048828125,166.5,149.50640869140625,17439700
2023-09-18,CVX,167.8699951171875,168.36000061035156,166.39999389648438,167.22000122070312,150.15289306640625,7027600
2023-09-19,CVX,168.69000244140625,168.9600067138672,166.42999267578125,167.1999969482422,150.13494873046875,6615100
2023-09-20,CVX,167.07000732421875,168.50999450683594,166.60000610351562,166.69000244140625,149.67701721191406,5939100
2023-09-21,CVX,167.1199951171875,167.8699951171875,165.0500030517578,165.19000244140625,148.3301239013672,7150000
2023-09-22,CVX,166.22999572753906,167.4199981689453,165.94000244140625,166.27999877929688,149.30885314941406,5963000
2023-09-25,CVX,166.3300018310547,168.77999877929688,165.99000549316406,168.7100067138672,151.4908447265625,5510000
2023-09-26,CVX,167.44000244140625,168.41000366210938,166.97999572753906,167.8000030517578,150.67372131347656,5659200
2023-09-27,CVX,169.3699951171875,171.22999572753906,168.80999755859375,171.0399932861328,153.5830535888672,9124400
2023-09-28,CVX,170.5500030517578,171.6999969482422,169.42999267578125,170.58999633789062,153.178955078125,7151800
2023-09-29,CVX,170.49000549316406,170.5,167.82000732421875,168.6199951171875,151.41000366210938,7396100
2023-10-02,CVX,168.33999633789062,168.57000732421875,165.22999572753906,166.5399932861328,149.54232788085938,6839600
2023-10-03,CVX,165.9199981689453,167.36000061035156,165.50999450683594,166.92999267578125,149.8925323486328,6168600
2023-10-04,CVX,164.6999969482422,164.97999572753906,161.49000549316406,163.0399932861328,146.39955139160156,9664700
2023-10-05,CVX,161.4199981689453,164.75,161.38999938964844,163.89999389648438,147.17176818847656,8073000
2023-10-06,CVX,164.30999755859375,164.3699951171875,158.99000549316406,162.22999572753906,145.67218017578125,10190400
2023-10-09,CVX,166.3800048828125,168.19000244140625,164.9499969482422,166.72000122070312,149.7039337158203,8183500
2023-10-10,CVX,166.77000427246094,167.39999389648438,165.67999267578125,166.5399932861328,149.54232788085938,6512900
2023-10-11,CVX,165.07000732421875,165.0800018310547,160.47999572753906,161.10000610351562,144.65756225585938,12570700
2023-10-12,CVX,163.25999450683594,163.25999450683594,160.89999389648438,161.22999572753906,144.77426147460938,7397000
2023-10-13,CVX,163.41000366210938,164.83999633789062,162.3000030517578,164.05999755859375,147.3154296875,8042800
2023-10-16,CVX,165.33999633789062,165.80999755859375,163.85000610351562,165.39999389648438,148.5186767578125,5446000
2023-10-17,CVX,164.8300018310547,168.1999969482422,164.64999389648438,167.58999633789062,150.4851531982422,7538300
2023-10-18,CVX,168.47000122070312,169.6999969482422,167.5800018310547,168.9199981689453,151.6793975830078,6893500
2023-10-19,CVX,168.6999969482422,170.1699981689453,167.50999450683594,169.10000610351562,151.84103393554688,6580200
2023-10-20,CVX,168.41000366210938,169.10000610351562,166.10000610351562,166.8300018310547,149.802734375,7458300
2023-10-23,CVX,163.3000030517578,164.42999267578125,160.25,160.67999267578125,144.28041076660156,16232400
2023-10-24,CVX,160.88999938964844,161.0800018310547,156.47000122070312,156.64999389648438,140.66171264648438,17689900
2023-10-25,CVX,156.94000244140625,157.41000366210938,155.1699981689453,155.8699951171875,139.9613494873047,10502400
2023-10-26,CVX,155.00999450683594,155.17999267578125,153.6300048828125,154.75,138.95567321777344,10830400
2023-10-27,CVX,150.72000122070312,151.25,143.9600067138672,144.35000610351562,129.61709594726562,24524300
2023-10-30,CVX,145.66000366210938,146.44000244140625,144.32000732421875,146.08999633789062,131.17950439453125,13857100
2023-10-31,CVX,146.10000610351562,146.52000427246094,144.22999572753906,145.72999572753906,130.85626220703125,14261300
2023-11-01,CVX,145.97999572753906,146.00999450683594,143.82000732421875,143.97999572753906,129.28485107421875,10819600
2023-11-02,CVX,144.5399932861328,149.0,143.8300018310547,148.75999450683594,133.57699584960938,11099100
2023-11-03,CVX,148.3000030517578,148.55999755859375,146.14999389648438,147.61000061035156,132.54437255859375,13160000
2023-11-06,CVX,148.72999572753906,149.3300018310547,146.69000244140625,147.0,131.99661254882812,10634200
2023-11-07,CVX,145.16000366210938,145.61000061035156,143.24000549316406,144.41000366210938,129.6709747314453,15054600
2023-11-08,CVX,143.8800048828125,144.64999389648438,142.25,142.39999389648438,127.86614227294922,12654100
2023-11-09,CVX,143.0500030517578,143.91000366210938,141.77999877929688,141.94000244140625,127.45306396484375,10359500
2023-11-10,CVX,143.2899932861328,143.44000244140625,141.72999572753906,142.9499969482422,128.36000061035156,11988200
2023-11-13,CVX,143.14999389648438,144.3000030517578,142.85000610351562,144.0,129.30282592773438,8747700
2023-11-14,CVX,144.47999572753906,145.5,143.86000061035156,145.0500030517578,130.24566650390625,11224400
2023-11-15,CVX,144.86000061035156,146.63999938964844,144.41000366210938,145.55999755859375,130.70361328125,10052100
2023-11-16,CVX,143.02000427246094,143.50999450683594,140.74000549316406,141.77000427246094,128.6348419189453,14031300
2023-11-17,CVX,142.9499969482422,145.19000244140625,142.39999389648438,144.4600067138672,131.0756378173828,11075600
2023-11-20,CVX,144.6300048828125,145.69000244140625,144.27000427246094,144.3800048828125,131.0030517578125,8062400
2023-11-21,CVX,143.8300018310547,144.3000030517578,142.6999969482422,144.0399932861328,130.69454956054688,6783300
2023-11-22,CVX,141.74000549316406,144.38999938964844,140.72000122070312,144.3300018310547,130.9576873779297,7216100
2023-11-24,CVX,144.3000030517578,145.94000244140625,144.1999969482422,144.89999389648438,131.474853515625,3861000
2023-11-27,CVX,144.64999389648438,144.82000732421875,142.85000610351562,144.36000061035156,130.98489379882812,9850800
2023-11-28,CVX,144.77999877929688,146.52000427246094,144.05999755859375,145.50999450683594,132.0283203125,9746500
2023-11-29,CVX,146.38999938964844,146.49000549316406,143.05999755859375,143.91000366210938,130.57656860351562,16417100
2023-11-30,CVX,144.97999572753906,146.00999450683594,142.02999877929688,143.60000610351562,130.29531860351562,16276000
2023-12-01,CVX,143.49000549316406,146.50999450683594,142.60000610351562,144.80999755859375,131.39320373535156,11906500
2023-12-04,CVX,144.0,145.6999969482422,143.25,144.8699951171875,131.44761657714844,11842800
2023-12-05,CVX,144.75999450683594,145.07000732421875,142.6300048828125,142.86000061035156,129.6238555908203,9597600
2023-12-06,CVX,141.89999389648438,144.02999877929688,141.35000610351562,142.52999877929688,129.32447814941406,18079700
2023-12-07,CVX,143.50999450683594,144.00999450683594,140.99000549316406,142.4199981689453,129.224609375,14786700
2023-12-08,CVX,143.50999450683594,144.6699981689453,143.1199951171875,144.30999755859375,130.93951416015625,10821700
2023-12-11,CVX,144.83999633789062,145.39999389648438,143.82000732421875,144.35000610351562,130.97579956054688,9849600
2023-12-12,CVX,143.1699981689453,143.58999633789062,141.75,142.5,129.2971954345703,9863900
2023-12-13,CVX,142.1699981689453,144.67999267578125,141.64999389648438,144.61000061035156,131.21173095703125,10641300
2023-12-14,CVX,145.85000610351562,149.92999267578125,145.85000610351562,149.92999267578125,136.03880310058594,14960500
2023-12-15,CVX,147.32000732421875,149.82000732421875,147.32000732421875,149.35000610351562,135.51254272460938,30850900
2019-11-15,DIS,147.13999938964844,147.1999969482422,144.2100067138672,144.6699981689453,140.4997100830078,13733400
2019-11-18,DIS,144.75,149.0399932861328,143.69000244140625,147.64999389648438,143.39381408691406,15353100
2019-11-19,DIS,148.17999267578125,149.47999572753906,146.8000030517578,148.3800048828125,144.102783203125,11504300
2019-11-20,DIS,148.08999633789062,148.99000549316406,146.02999877929688,146.92999267578125,142.694580078125,9448400
2019-11-21,DIS,147.16000366210938,147.47000122070312,146.25999450683594,146.89999389648438,142.66543579101562,6241400
2019-11-22,DIS,147.2100067138672,149.44000244140625,146.67999267578125,148.2899932861328,144.01536560058594,9639400
2019-11-25,DIS,148.8000030517578,150.2100067138672,147.6999969482422,149.69000244140625,145.375,11316800
2019-11-26,DIS,151.75,153.41000366210938,150.61000061035156,151.63999938964844,147.26882934570312,24949900
2019-11-27,DIS,152.3000030517578,152.57000732421875,151.14999389648438,151.47999572753906,147.11341857910156,6155400
2019-11-29,DIS,151.47999572753906,152.47000122070312,151.00999450683594,151.5800018310547,147.21055603027344,6284900
2019-12-02,DIS,152.94000244140625,152.97000122070312,149.10000610351562,150.6199951171875,146.27821350097656,10351000
2019-12-03,DIS,147.74000549316406,149.11000061035156,146.8699951171875,148.5800018310547,144.2969970703125,9273800
2019-12-04,DIS,149.3000030517578,149.3300018310547,148.17999267578125,148.27999877929688,144.00567626953125,7684800
2019-12-05,DIS,148.69000244140625,148.8300018310547,147.10000610351562,147.44000244140625,143.18988037109375,7363300
2019-12-06,DIS,148.39999389648438,148.61000061035156,147.17999267578125,147.66000366210938,143.40353393554688,7084900
2019-12-09,DIS,147.9600067138672,148.50999450683594,145.39999389648438,146.2100067138672,141.99533081054688,11515000
2019-12-10,DIS,145.25999450683594,146.85000610351562,145.0500030517578,146.10000610351562,141.88851928710938,7084100
2019-12-11,DIS,147.38999938964844,147.88999938964844,146.75999450683594,147.58999633789062,143.33555603027344,8253700
2019-12-12,DIS,147.9199981689453,148.92999267578125,147.25,147.75999450683594,143.50064086914062,7748300
2019-12-13,DIS,147.42999267578125,147.8000030517578,146.30999755859375,146.3800048828125,143.01214599609375,9350100
2019-12-16,DIS,147.58999633789062,148.64999389648438,146.5500030517578,148.4600067138672,145.04429626464844,9134400
2019-12-17,DIS,148.10000610351562,148.4600067138672,147.6199951171875,147.72999572753906,144.33106994628906,8776100
2019-12-18,DIS,147.77000427246094,147.9499969482422,146.19000244140625,146.25999450683594,142.8948974609375,9467800
2019-12-19,DIS,146.17999267578125,146.8000030517578,145.32000732421875,146.14999389648438,142.78744506835938,10243900
2019-12-20,DIS,147.14999389648438,147.8800048828125,145.77000427246094,146.8800048828125,143.50064086914062,12629900
2019-12-23,DIS,145.91000366210938,146.3300018310547,144.3300018310547,144.67999267578125,141.35125732421875,9314000
2019-12-24,DIS,144.5800018310547,145.42999267578125,144.4499969482422,145.2899932861328,141.94720458984375,3508500
2019-12-26,DIS,145.39999389648438,145.86000061035156,145.1699981689453,145.6999969482422,142.34779357910156,4422000
2019-12-27,DIS,146.0500030517578,146.50999450683594,145.4499969482422,145.75,142.39663696289062,5495300
2019-12-30,DIS,145.75,145.8699951171875,143.39999389648438,143.77000427246094,140.46221923828125,6602800
2019-12-31,DIS,143.6699981689453,144.77000427246094,143.25999450683594,144.6300048828125,141.30242919921875,5662900
2020-01-02,DIS,145.2899932861328,148.1999969482422,145.10000610351562,148.1999969482422,144.79026794433594,9502100
2020-01-03,DIS,146.39999389648438,147.89999389648438,146.0500030517578,146.5,143.12937927246094,7320200
2020-01-06,DIS,145.5399932861328,146.02999877929688,144.30999755859375,145.64999389648438,142.29893493652344,8262500
2020-01-07,DIS,145.99000549316406,146.8699951171875,145.4199981689453,145.6999969482422,142.34779357910156,6906500
2020-01-08,DIS,145.49000549316406,146.1300048828125,144.82000732421875,145.39999389648438,142.0546875,6984200
2020-01-09,DIS,146.47000122070312,146.6300048828125,144.61000061035156,144.8300018310547,141.49781799316406,6664200
2020-01-10,DIS,145.3000030517578,145.5,144.25999450683594,144.6199951171875,141.29263305664062,5152500
2020-01-13,DIS,144.75,144.75,143.36000061035156,143.8800048828125,140.56967163085938,9921300
2020-01-14,DIS,143.41000366210938,146.72000122070312,142.2899932861328,145.1999969482422,141.85928344726562,14839100
2020-01-15,DIS,145.7100067138672,145.7100067138672,143.92999267578125,144.32000732421875,140.99954223632812,6818200
2020-01-16,DIS,145.08999633789062,145.42999267578125,144.44000244140625,145.1199951171875,141.7811279296875,6948400
2020-01-17,DIS,145.5399932861328,145.63999938964844,144.00999450683594,144.3300018310547,141.0093231201172,10355300
2020-01-21,DIS,144.24000549316406,144.58999633789062,143.00999450683594,143.55999755859375,140.2570343017578,9250200
2020-01-22,DIS,144.4499969482422,144.7899932861328,143.5399932861328,144.00999450683594,140.69667053222656,7550000
2020-01-23,DIS,143.60000610351562,143.61000061035156,140.64999389648438,142.1999969482422,138.92831420898438,11082000
2020-01-24,DIS,141.39999389648438,142.25,139.1999969482422,140.0800018310547,136.8571014404297,13076300
2020-01-27,DIS,135.86000061035156,137.72999572753906,135.0,135.89999389648438,132.7732696533203,12831800
2020-01-28,DIS,136.5,138.92999267578125,135.86000061035156,138.3699951171875,135.1864471435547,10390000
2020-01-29,DIS,138.60000610351562,138.67999267578125,135.7899932861328,136.05999755859375,132.92959594726562,9382700
2020-01-30,DIS,135.08999633789062,137.85000610351562,134.8300018310547,137.80999755859375,134.63934326171875,11847300
2020-01-31,DIS,138.39999389648438,138.6699981689453,137.05999755859375,138.30999755859375,135.1278076171875,12379100
2020-02-03,DIS,139.7899932861328,141.82000732421875,139.75,141.32000732421875,138.06857299804688,12639900
2020-02-04,DIS,145.49000549316406,145.58999633789062,143.25,144.72999572753906,141.40011596679688,23519700
2020-02-05,DIS,146.60000610351562,147.3000030517578,138.57000732421875,141.3699951171875,138.11741638183594,27824100
2020-02-06,DIS,141.9199981689453,143.9499969482422,141.22000122070312,142.6999969482422,139.41680908203125,9504600
2020-02-07,DIS,141.88999938964844,141.99000549316406,140.1199951171875,141.02000427246094,137.7754669189453,10948900
2020-02-10,DIS,141.02999877929688,142.58999633789062,140.4600067138672,142.58999633789062,139.30934143066406,8162100
2020-02-11,DIS,142.85000610351562,142.99000549316406,140.4600067138672,141.00999450683594,137.76568603515625,10790100
2020-02-12,DIS,141.33999633789062,142.22000122070312,140.8699951171875,141.85000610351562,138.58636474609375,8168200
2020-02-13,DIS,141.1699981689453,141.89999389648438,140.82000732421875,140.89999389648438,137.65823364257812,7543100
2020-02-14,DIS,141.10000610351562,141.27999877929688,139.1300048828125,139.5399932861328,136.3295135498047,9110500
2020-02-18,DIS,139.02000427246094,139.66000366210938,138.10000610351562,139.13999938964844,135.93870544433594,8214900
2020-02-19,DIS,139.6300048828125,141.8699951171875,139.22999572753906,141.3000030517578,138.0490264892578,7080900
2020-02-20,DIS,141.6300048828125,141.6300048828125,138.85000610351562,140.3699951171875,137.14044189453125,5981700
2020-02-21,DIS,139.86000061035156,139.8800048828125,138.5800018310547,138.97000122070312,135.77264404296875,7725800
2020-02-24,DIS,132.89999389648438,134.44000244140625,131.2100067138672,133.00999450683594,129.9497528076172,19336500
2020-02-25,DIS,133.75,133.94000244140625,127.9800033569336,128.19000244140625,125.24065399169922,21032500
2020-02-26,DIS,126.12000274658203,128.3699951171875,122.12999725341797,123.36000061035156,120.52178192138672,31195900
2020-02-27,DIS,119.80999755859375,122.9000015258789,117.91999816894531,118.04000091552734,115.32418060302734,30827500
2020-02-28,DIS,114.51000213623047,118.30999755859375,113.20999908447266,117.6500015258789,114.94316864013672,35389900
2020-03-02,DIS,119.12999725341797,119.9800033569336,116.02999877929688,119.9800033569336,117.21955108642578,21775900
2020-03-03,DIS,121.1500015258789,121.77999877929688,115.1500015258789,116.44999694824219,113.77075958251953,19529700
2020-03-04,DIS,118.95999908447266,119.23999786376953,115.4800033569336,119.18000030517578,116.4379653930664,13842100
2020-03-05,DIS,116.86000061035156,116.95999908447266,112.11000061035156,113.9800033569336,111.35759735107422,22397200
2020-03-06,DIS,110.76000213623047,115.87000274658203,110.31999969482422,115.2699966430664,112.61790466308594,22899600
2020-03-09,DIS,108.69000244140625,110.43000030517578,104.27999877929688,104.3499984741211,101.94915771484375,26233600
2020-03-10,DIS,108.0999984741211,111.58000183105469,102.43000030517578,111.45999908447266,108.89557647705078,24083700
2020-03-11,DIS,108.41999816894531,108.9000015258789,102.86000061035156,105.51000213623047,103.08246612548828,24771300
2020-03-12,DIS,97.62000274658203,100.0,91.63999938964844,91.80999755859375,89.69766235351562,40392900
2020-03-13,DIS,100.77999877929688,102.87000274658203,92.25,102.5199966430664,100.1612548828125,40960100
2020-03-16,DIS,91.80000305175781,98.27999877929688,90.0,95.01000213623047,92.82405090332031,35379500
2020-03-17,DIS,95.80000305175781,97.45999908447266,91.1500015258789,93.52999877929688,91.37809753417969,27526200
2020-03-18,DIS,87.58999633789062,89.33999633789062,79.06999969482422,88.80000305175781,86.75692749023438,43592500
2020-03-19,DIS,88.0,97.4000015258789,85.11000061035156,94.93000030517578,92.74588775634766,30866800
2020-03-20,DIS,95.98999786376953,96.98999786376953,85.83999633789062,85.9800033569336,84.00182342529297,31957800
2020-03-23,DIS,84.48999786376953,87.27999877929688,81.08999633789062,85.76000213623047,83.786865234375,32246600
2020-03-24,DIS,92.33000183105469,99.16999816894531,91.80000305175781,98.12000274658203,95.86248779296875,32538100
2020-03-25,DIS,100.66000366210938,105.91999816894531,95.51000213623047,100.7300033569336,98.4124526977539,28533000
2020-03-26,DIS,100.83000183105469,107.7300033569336,100.80000305175781,105.36000061035156,102.9359130859375,24520300
2020-03-27,DIS,100.44999694824219,101.48999786376953,95.54000091552734,96.4000015258789,94.18207550048828,30591500
2020-03-30,DIS,96.0,100.45999908447266,92.0999984741211,99.80000305175781,97.50384521484375,23119200
2020-03-31,DIS,100.22000122070312,103.16000366210938,96.16000366210938,96.5999984741211,94.3774642944336,21563200
2020-04-01,DIS,93.5,97.4000015258789,92.55999755859375,94.91999816894531,92.73611450195312,18303900
2020-04-02,DIS,94.19999694824219,97.26000213623047,94.19999694824219,96.97000122070312,94.73894500732422,13936500
2020-04-03,DIS,96.30999755859375,96.91999816894531,92.70999908447266,93.87999725341797,91.72004699707031,14814600
2020-04-06,DIS,97.26000213623047,100.19000244140625,94.5199966430664,99.58000183105469,97.28890228271484,20407400
2020-04-07,DIS,104.86000061035156,105.88999938964844,100.25,101.23999786376953,98.91070556640625,22899600
2020-04-08,DIS,100.52999877929688,102.3499984741211,98.6500015258789,101.06999969482422,98.74461364746094,22562500
2020-04-09,DIS,107.91999816894531,107.98999786376953,103.52999877929688,104.5,102.095703125,31453600
2020-04-13,DIS,104.70999908447266,104.87000274658203,99.61000061035156,103.5,101.11871337890625,17306000
2020-04-14,DIS,105.5,107.63999938964844,103.9000015258789,106.02999877929688,103.59050750732422,19866900
2020-04-15,DIS,104.38999938964844,104.87999725341797,102.69999694824219,103.37000274658203,100.99170684814453,14157600
2020-04-16,DIS,103.52999877929688,103.72000122070312,100.88999938964844,102.0199966430664,99.67276763916016,18029300
2020-04-17,DIS,106.20999908447266,106.79000091552734,104.3499984741211,106.62999725341797,104.17670440673828,17926900
2020-04-20,DIS,103.58000183105469,104.86000061035156,102.0,102.26000213623047,99.90724182128906,17021000
2020-04-21,DIS,100.01000213623047,101.51000213623047,99.12999725341797,100.54000091552734,98.22682189941406,16101400
2020-04-22,DIS,101.80000305175781,102.62999725341797,100.88999938964844,100.98999786376953,98.66646575927734,11463800
2020-04-23,DIS,100.6500015258789,102.52999877929688,99.45999908447266,101.0,98.67623138427734,17132200
2020-04-24,DIS,101.77999877929688,101.91999816894531,99.5199966430664,101.19000244140625,98.86186218261719,13614100
2020-04-27,DIS,102.0,106.5199966430664,101.61000061035156,106.05999755859375,103.61981201171875,15518300
2020-04-28,DIS,108.79000091552734,110.05999755859375,105.9800033569336,106.20999908447266,103.76636505126953,16503700
2020-04-29,DIS,109.94000244140625,112.69999694824219,108.55999755859375,112.25,109.66739654541016,20139800
2020-04-30,DIS,109.44000244140625,110.30999755859375,106.86000061035156,108.1500015258789,105.66173553466797,18638700
2020-05-01,DIS,106.36000061035156,106.91000366210938,104.47000122070312,105.5,103.07270050048828,13209100
2020-05-04,DIS,102.01000213623047,103.83000183105469,100.55000305175781,103.18000030517578,100.80607604980469,19514800
2020-05-05,DIS,101.51000213623047,105.18000030517578,100.9000015258789,101.05999755859375,98.73484802246094,30169800
2020-05-06,DIS,101.4800033569336,105.2699966430664,98.86000061035156,100.87999725341797,98.55899047851562,51992400
2020-05-07,DIS,101.8499984741211,105.61000061035156,101.83000183105469,105.56999969482422,103.1410903930664,20868800
2020-05-08,DIS,109.05000305175781,109.18000030517578,106.62999725341797,109.16000366210938,106.64849853515625,24079700
2020-05-11,DIS,108.4000015258789,108.80999755859375,106.41000366210938,107.7699966430664,105.29045867919922,20555900
2020-05-12,DIS,109.05999755859375,109.44000244140625,104.48999786376953,104.55999755859375,102.15432739257812,17049700
2020-05-13,DIS,104.5,104.54000091552734,101.5999984741211,102.91999816894531,100.55205535888672,21085800
2020-05-14,DIS,101.9800033569336,105.91999816894531,99.66000366210938,105.91000366210938,103.4732666015625,22002200
2020-05-15,DIS,104.9800033569336,109.37999725341797,104.2699966430664,109.05000305175781,106.54102325439453,29766000
2020-05-18,DIS,114.47000122070312,119.77999877929688,114.47000122070312,116.8499984741211,114.16156005859375,40044600
2020-05-19,DIS,115.0999984741211,116.47000122070312,113.41999816894531,114.37000274658203,111.7386245727539,20332600
2020-05-20,DIS,116.41999816894531,120.87000274658203,116.04000091552734,119.91999816894531,117.16092681884766,25749900
2020-05-21,DIS,119.33999633789062,120.30000305175781,116.5,117.83000183105469,115.1190185546875,17578300
2020-05-22,DIS,117.5,118.56999969482422,116.83000183105469,118.0199966430664,115.30464935302734,9288200
2020-05-26,DIS,121.05000305175781,122.51000213623047,120.43000030517578,120.94999694824219,118.16722869873047,16466400
2020-05-27,DIS,123.68000030517578,123.77999877929688,119.70999908447266,121.52999877929688,118.73388671875,19345400
2020-05-28,DIS,121.5999984741211,121.9800033569336,116.0,116.75,114.0638656616211,18606000
2020-05-29,DIS,116.19000244140625,117.75,114.12000274658203,117.30000305175781,114.60120391845703,17745100
2020-06-01,DIS,117.26000213623047,119.6500015258789,116.93000030517578,118.7699966430664,116.03738403320312,10538300
2020-06-02,DIS,119.0,119.8499984741211,117.83000183105469,118.75,116.01783752441406,10753100
2020-06-03,DIS,119.98999786376953,122.44999694824219,119.31999969482422,122.18000030517578,119.36892700195312,12584300
2020-06-04,DIS,121.94999694824219,124.5,121.8499984741211,123.69000244140625,120.84419250488281,14195100
2020-06-05,DIS,126.30999755859375,127.81999969482422,124.27999877929688,124.81999969482422,121.94819641113281,16581600
2020-06-08,DIS,125.0999984741211,127.44000244140625,123.94000244140625,127.27999877929688,124.35160064697266,13858100
2020-06-09,DIS,125.62999725341797,125.79000091552734,123.51000213623047,123.88999938964844,121.03959655761719,10882800
2020-06-10,DIS,124.0199966430664,124.0999984741211,120.93000030517578,122.18000030517578,119.36892700195312,11497100
2020-06-11,DIS,117.5999984741211,118.0,112.25,112.63999938964844,110.04842376708984,26078800
2020-06-12,DIS,115.16999816894531,117.0,112.88999938964844,115.48999786376953,112.83285522460938,18361900
2020-06-15,DIS,112.08000183105469,118.12000274658203,111.70999908447266,117.08000183105469,114.38626861572266,14156400
2020-06-16,DIS,121.23999786376953,121.5,116.05000305175781,118.44000244140625,115.71498107910156,12951200
2020-06-17,DIS,118.63999938964844,119.2300033569336,117.13999938964844,117.6500015258789,114.94316864013672,8921600
2020-06-18,DIS,116.87999725341797,118.52999877929688,115.93000030517578,118.37000274658203,115.64659118652344,9577300
2020-06-19,DIS,119.9800033569336,120.12000274658203,114.3499984741211,114.3499984741211,111.71907806396484,23496300
2020-06-22,DIS,114.19000244140625,116.19000244140625,113.11000061035156,115.91999816894531,113.25296020507812,12868000
2020-06-23,DIS,116.95999908447266,117.44999694824219,115.97000122070312,116.58999633789062,113.90753936767578,10187600
2020-06-24,DIS,115.8499984741211,116.0,110.02999877929688,112.06999969482422,109.49153900146484,22252500
2020-06-25,DIS,108.98999786376953,111.51000213623047,108.5,111.36000061035156,108.7978744506836,17240400
2020-06-26,DIS,110.94999694824219,111.19999694824219,108.0199966430664,109.0999984741211,106.5898666381836,15270900
2020-06-29,DIS,109.0,111.56999969482422,108.0999984741211,111.5199966430664,108.95418548583984,12584300
2020-06-30,DIS,111.5,112.05000305175781,109.93000030517578,111.51000213623047,108.94442749023438,10565900
2020-07-01,DIS,112.81999969482422,115.5999984741211,112.29000091552734,113.01000213623047,110.409912109375,11930900
2020-07-02,DIS,115.0,115.0999984741211,112.0,112.18000030517578,109.59900665283203,10312000
2020-07-06,DIS,113.83000183105469,114.52999877929688,112.9000015258789,114.43000030517578,111.79724884033203,11933400
2020-07-07,DIS,113.62999725341797,115.08000183105469,112.61000061035156,113.62999725341797,111.01564025878906,10836500
2020-07-08,DIS,113.4800033569336,117.12999725341797,112.80999755859375,116.66000366210938,113.97594451904297,13629500
2020-07-09,DIS,116.51000213623047,117.8499984741211,115.37999725341797,116.80999755859375,114.12248229980469,13582900
2020-07-10,DIS,116.83000183105469,119.44000244140625,116.20999908447266,119.33999633789062,116.59426879882812,14207900
2020-07-13,DIS,119.94000244140625,120.12999725341797,115.88999938964844,116.22000122070312,113.54605865478516,15620200
2020-07-14,DIS,115.2300033569336,119.08000183105469,114.54000091552734,118.66000366210938,115.92991638183594,12425100
2020-07-15,DIS,121.62999725341797,122.08999633789062,119.69999694824219,120.9000015258789,118.1183853149414,15314200
2020-07-16,DIS,117.72000122070312,119.98999786376953,117.5999984741211,119.43000030517578,116.68220520019531,10210100
2020-07-17,DIS,118.9000015258789,119.55999755859375,117.05999755859375,118.6500015258789,115.92015075683594,9843500
2020-07-20,DIS,118.05000305175781,118.48999786376953,116.81999969482422,117.79000091552734,115.07994842529297,8947900
2020-07-21,DIS,118.05000305175781,120.38999938964844,117.66000366210938,118.62000274658203,115.8908462524414,8946300
2020-07-22,DIS,118.19000244140625,119.30000305175781,117.93000030517578,119.02999877929688,116.29139709472656,7063300
2020-07-23,DIS,118.86000061035156,119.3499984741211,117.01000213623047,118.12000274658203,115.40234375,7255800
2020-07-24,DIS,115.69999694824219,118.20999908447266,115.52999877929688,117.61000061035156,114.90408325195312,8233300
2020-07-27,DIS,117.19999694824219,117.41999816894531,115.68000030517578,116.30999755859375,113.63397979736328,9413000
2020-07-28,DIS,115.45999908447266,116.83999633789062,114.68000030517578,116.18000030517578,113.5069808959961,6821100
2020-07-29,DIS,116.22000122070312,116.70999908447266,115.11000061035156,115.61000061035156,112.9500961303711,9496500
2020-07-30,DIS,114.91000366210938,116.29000091552734,113.37000274658203,115.66000366210938,112.99893951416016,9713500
2020-07-31,DIS,115.22000122070312,117.05000305175781,114.12000274658203,116.94000244140625,114.2494888305664,9601000
2020-08-03,DIS,116.16999816894531,117.12000274658203,115.3499984741211,116.3499984741211,113.67306518554688,10229200
2020-08-04,DIS,115.95999908447266,118.3499984741211,115.76000213623047,117.29000091552734,114.59143829345703,17293900
2020-08-05,DIS,123.37000274658203,130.30999755859375,123.27999877929688,127.61000061035156,124.67400360107422,53000200
2020-08-06,DIS,126.95999908447266,131.6300048828125,125.61000061035156,130.82000732421875,127.8101577758789,27238000
2020-08-07,DIS,130.22000122070312,131.94000244140625,128.66000366210938,129.92999267578125,126.94062042236328,16088600
2020-08-10,DIS,129.75,131.32000732421875,128.49000549316406,128.7899932861328,125.82685089111328,8529200
2020-08-11,DIS,130.52999877929688,132.75999450683594,130.0,130.49000549316406,127.48773956298828,13885700
2020-08-12,DIS,130.6699981689453,133.0,130.49000549316406,131.7899932861328,128.75782775878906,12204200
2020-08-13,DIS,130.63999938964844,132.35000610351562,130.4499969482422,130.9600067138672,127.94694519042969,6468600
2020-08-14,DIS,130.00999450683594,131.0800018310547,129.74000549316406,130.52999877929688,127.52680206298828,6507600
2020-08-17,DIS,130.10000610351562,130.13999938964844,128.5399932861328,129.3699951171875,126.39349365234375,7492200
2020-08-18,DIS,129.44000244140625,129.58999633789062,128.36000061035156,128.9199981689453,125.95384979248047,6714600
2020-08-19,DIS,129.25,130.22000122070312,127.43000030517578,127.7699966430664,124.83031463623047,7624200
2020-08-20,DIS,126.80000305175781,128.4499969482422,126.52999877929688,128.1199951171875,125.17225646972656,4918100
2020-08-21,DIS,127.72000122070312,128.30999755859375,127.2300033569336,127.44000244140625,124.50791931152344,6064700
2020-08-24,DIS,128.14999389648438,130.8800048828125,127.93000030517578,130.69000244140625,127.68313598632812,7613600
2020-08-25,DIS,130.8300018310547,131.08999633789062,129.30999755859375,129.7899932861328,126.80382537841797,5494400
2020-08-26,DIS,130.0,132.60000610351562,129.52000427246094,132.17999267578125,129.13885498046875,8447800
2020-08-27,DIS,133.0,136.36000061035156,132.82000732421875,133.72999572753906,130.65318298339844,13667600
2020-08-28,DIS,134.5,136.8000030517578,133.5800018310547,135.5399932861328,132.42153930664062,11020100
2020-08-31,DIS,135.25,135.5399932861328,131.25,131.8699951171875,128.83599853515625,11617500
2020-09-01,DIS,131.9199981689453,133.61000061035156,130.88999938964844,133.5500030517578,130.4773406982422,7351200
2020-09-02,DIS,133.6300048828125,135.9199981689453,133.25999450683594,135.38999938964844,132.27499389648438,8187800
2020-09-03,DIS,135.24000549316406,137.24000549316406,132.02000427246094,133.24000549316406,130.17445373535156,12079200
2020-09-04,DIS,133.75,134.8800048828125,129.4199981689453,131.99000549316406,128.95323181152344,11248300
2020-09-08,DIS,131.99000549316406,137.13999938964844,130.86000061035156,134.1999969482422,131.11239624023438,17257300
2020-09-09,DIS,134.27999877929688,135.5500030517578,132.25999450683594,133.36000061035156,130.2917022705078,8891800
2020-09-10,DIS,133.5800018310547,136.75,132.74000549316406,133.22000122070312,130.15492248535156,9853400
2020-09-11,DIS,133.74000549316406,133.74000549316406,131.08999633789062,131.75,128.71876525878906,7165300
2020-09-14,DIS,132.52999877929688,132.92999267578125,130.89999389648438,131.25,128.23025512695312,8391900
2020-09-15,DIS,131.4600067138672,132.5399932861328,131.00999450683594,131.24000549316406,128.2205047607422,7289100
2020-09-16,DIS,132.1699981689453,133.6199951171875,131.39999389648438,132.08999633789062,129.05093383789062,6601000
2020-09-17,DIS,130.5500030517578,131.77000427246094,128.60000610351562,130.22000122070312,127.22394561767578,6723500
2020-09-18,DIS,129.5,130.7899932861328,128.1199951171875,128.6300048828125,125.67053985595703,9916300
2020-09-21,DIS,125.9800033569336,126.88999938964844,123.58999633789062,125.41000366210938,122.5246353149414,10352700
2020-09-22,DIS,125.26000213623047,127.47000122070312,124.69999694824219,127.20999908447266,124.283203125,6978800
2020-09-23,DIS,127.06999969482422,127.30000305175781,122.9000015258789,123.27999877929688,120.44361877441406,8323600
2020-09-24,DIS,121.93000030517578,123.80000305175781,120.77999877929688,122.48999786376953,119.67180633544922,8480000
2020-09-25,DIS,121.36000061035156,124.19000244140625,120.9800033569336,124.0,121.14705657958984,6851800
2020-09-28,DIS,125.75,126.86000061035156,125.37000274658203,125.98999786376953,123.09127044677734,6283700
2020-09-29,DIS,125.91999816894531,126.29000091552734,123.68000030517578,125.4000015258789,122.51484680175781,7405800
2020-09-30,DIS,123.23999786376953,125.55000305175781,123.23999786376953,124.08000183105469,121.2252197265625,13642500
2020-10-01,DIS,124.94000244140625,125.47000122070312,122.41999816894531,123.30999755859375,120.4729232788086,8908300
2020-10-02,DIS,121.98999786376953,123.68000030517578,121.69000244140625,122.55000305175781,119.73042297363281,6490200
2020-10-05,DIS,123.26000213623047,123.5999984741211,122.33000183105469,123.37000274658203,120.53155517578125,5919200
2020-10-06,DIS,123.12999725341797,124.19000244140625,120.61000061035156,120.93000030517578,118.14768981933594,9052000
2020-10-07,DIS,121.94999694824219,123.30999755859375,120.93000030517578,122.91000366210938,120.08214569091797,10187800
2020-10-08,DIS,123.58000183105469,123.75,122.41999816894531,123.08999633789062,120.25799560546875,7404600
2020-10-09,DIS,123.8499984741211,125.55000305175781,123.33000183105469,124.9800033569336,122.10450744628906,11502200
2020-10-12,DIS,124.9000015258789,125.94000244140625,123.7300033569336,124.97000122070312,122.09473419189453,10958200
2020-10-13,DIS,129.8000030517578,131.36000061035156,127.9000015258789,128.9600067138672,125.9929428100586,22389000
2020-10-14,DIS,129.13999938964844,129.5,125.29000091552734,126.58999633789062,123.6774673461914,11531500
2020-10-15,DIS,125.0,127.4000015258789,124.43000030517578,127.36000061035156,124.42975616455078,7744000
2020-10-16,DIS,127.80999755859375,128.1199951171875,126.33000183105469,126.80999755859375,123.89240264892578,6291700
2020-10-19,DIS,127.37000274658203,127.4000015258789,123.70999908447266,124.2300033569336,121.37177276611328,6576900
2020-10-20,DIS,124.58000183105469,125.7300033569336,123.63999938964844,124.94999694824219,122.0751953125,6161200
2020-10-21,DIS,124.36000061035156,127.55999755859375,123.83999633789062,126.62999725341797,123.716552734375,6591500
2020-10-22,DIS,126.66999816894531,128.10000610351562,125.97000122070312,127.55999755859375,124.6251449584961,5177700
2020-10-23,DIS,128.10000610351562,128.5,126.3499984741211,128.35000610351562,125.39698028564453,5439900
2020-10-26,DIS,127.11000061035156,127.11000061035156,122.94999694824219,124.05999755859375,121.20567321777344,8578900
2020-10-27,DIS,124.02999877929688,124.61000061035156,123.02999877929688,123.30999755859375,120.4729232788086,6813800
2020-10-28,DIS,121.01000213623047,121.52999877929688,118.31999969482422,118.47000122070312,115.74429321289062,11654700
2020-10-29,DIS,118.16000366210938,122.62999725341797,117.2300033569336,121.54000091552734,118.74365234375,9583700
2020-10-30,DIS,120.63999938964844,121.75,119.08999633789062,121.25,118.4603271484375,8090200
2020-11-02,DIS,122.23999786376953,122.93000030517578,119.80999755859375,120.12999725341797,117.3660888671875,9186000
2020-11-03,DIS,121.61000061035156,125.06999969482422,121.37000274658203,124.0199966430664,121.16659545898438,8144900
2020-11-04,DIS,123.58000183105469,126.86000061035156,123.41000366210938,125.06999969482422,122.19243621826172,7483000
2020-11-05,DIS,126.77999877929688,128.6199951171875,125.80000305175781,126.95999908447266,124.0389633178711,7654800
2020-11-06,DIS,126.26000213623047,128.0399932861328,124.61000061035156,127.45999908447266,124.5274658203125,6259700
2020-11-09,DIS,140.25999450683594,147.67999267578125,138.07000732421875,142.58999633789062,139.30934143066406,35634700
2020-11-10,DIS,139.97000122070312,142.3699951171875,137.6699981689453,142.11000061035156,138.84039306640625,18115400
2020-11-11,DIS,141.47000122070312,142.0,136.6199951171875,137.82000732421875,134.64910888671875,9600900
2020-11-12,DIS,136.33999633789062,138.49000549316406,134.10000610351562,135.52000427246094,132.4020233154297,13768200
2020-11-13,DIS,140.89999389648438,141.19000244140625,136.52000427246094,138.36000061035156,135.17666625976562,21062300
2023-07-21,FSMB,19.84000015258789,19.84000015258789,19.760000228881836,19.780000686645508,18.23931884765625,140600
2023-07-24,FSMB,19.790000915527344,19.790000915527344,19.760000228881836,19.780000686645508,18.23931884765625,53600
2023-07-25,FSMB,19.770000457763672,19.770000457763672,19.739999771118164,19.760000228881836,18.220874786376953,80000
2023-07-26,FSMB,19.780000686645508,19.780000686645508,19.75,19.780000686645508,18.23931884765625,69400
2023-07-27,FSMB,19.780000686645508,19.780000686645508,19.709999084472656,19.719999313354492,18.183996200561523,131500
2023-07-28,FSMB,19.75,19.760000228881836,19.719999313354492,19.725000381469727,18.1886043548584,69100
2023-07-31,FSMB,19.739999771118164,19.739999771118164,19.709999084472656,19.729999542236328,18.193212509155273,40400
2023-08-01,FSMB,19.700000762939453,19.719999313354492,19.700000762939453,19.719999313354492,18.183996200561523,92000
2023-08-02,FSMB,19.719999313354492,19.719999313354492,19.68000030517578,19.719999313354492,18.183996200561523,35300
2023-08-03,FSMB,19.649999618530273,19.690000534057617,19.6299991607666,19.6299991607666,18.101003646850586,165400
2023-08-04,FSMB,19.649999618530273,19.68000030517578,19.649999618530273,19.68000030517578,18.14710235595703,133800
2023-08-07,FSMB,19.65999984741211,19.68000030517578,19.65999984741211,19.65999984741211,18.1286678314209,40300
2023-08-08,FSMB,19.649999618530273,19.68000030517578,19.649999618530273,19.65999984741211,18.1286678314209,118600
2023-08-09,FSMB,19.68000030517578,19.700000762939453,19.660999298095703,19.690000534057617,18.156326293945312,66800
2023-08-10,FSMB,19.700000762939453,19.75,19.68000030517578,19.68000030517578,18.14710235595703,117100
2023-08-11,FSMB,19.670000076293945,19.690000534057617,19.665000915527344,19.684999465942383,18.15172004699707,40800
2023-08-14,FSMB,19.670000076293945,19.700000762939453,19.670000076293945,19.700000762939453,18.16555404663086,62900
2023-08-15,FSMB,19.670000076293945,19.690000534057617,19.670000076293945,19.670000076293945,18.137887954711914,103200
2023-08-16,FSMB,19.68000030517578,19.700000762939453,19.65999984741211,19.690000534057617,18.156326293945312,100200
2023-08-17,FSMB,19.690000534057617,19.690000534057617,19.655000686645508,19.65999984741211,18.1286678314209,159000
2023-08-18,FSMB,19.670000076293945,19.68000030517578,19.65999984741211,19.660999298095703,18.129589080810547,54000
2023-08-21,FSMB,19.639999389648438,19.670000076293945,19.6299991607666,19.6299991607666,18.101003646850586,48500
2023-08-22,FSMB,19.59000015258789,19.610000610351562,19.579999923706055,19.584999084472656,18.098224639892578,69300
2023-08-23,FSMB,19.59000015258789,19.6200008392334,19.59000015258789,19.600000381469727,18.112091064453125,63600
2023-08-24,FSMB,19.59000015258789,19.610000610351562,19.579999923706055,19.579999923706055,18.093612670898438,110700
2023-08-25,FSMB,19.56999969482422,19.600000381469727,19.56999969482422,19.584999084472656,18.098224639892578,42300
2023-08-28,FSMB,19.610000610351562,19.6200008392334,19.59000015258789,19.6200008392334,18.130569458007812,78400
2023-08-29,FSMB,19.610000610351562,19.639999389648438,19.594999313354492,19.610000610351562,18.121334075927734,139900
2023-08-30,FSMB,19.610000610351562,19.6299991607666,19.610000610351562,19.6200008392334,18.130569458007812,127300
2023-08-31,FSMB,19.65999984741211,19.65999984741211,19.6200008392334,19.6299991607666,18.139812469482422,65000
2023-09-01,FSMB,19.649999618530273,19.649999618530273,19.610000610351562,19.610000610351562,18.121334075927734,62300
2023-09-05,FSMB,19.6299991607666,19.639999389648438,19.614999771118164,19.614999771118164,18.12594985961914,77200
2023-09-06,FSMB,19.700000762939453,19.700000762939453,19.6200008392334,19.6299991607666,18.139812469482422,65100
2023-09-07,FSMB,19.639999389648438,19.639999389648438,19.610000610351562,19.6200008392334,18.130569458007812,69100
2023-09-08,FSMB,19.6200008392334,19.6299991607666,19.610000610351562,19.6299991607666,18.139812469482422,82700
2023-09-11,FSMB,19.6200008392334,19.639999389648438,19.56999969482422,19.6200008392334,18.130569458007812,110000
2023-09-12,FSMB,19.610000610351562,19.6299991607666,19.610000610351562,19.6200008392334,18.130569458007812,62700
2023-09-13,FSMB,19.6200008392334,19.65999984741211,19.6200008392334,19.65999984741211,18.167531967163086,84000
2023-09-14,FSMB,19.65999984741211,19.65999984741211,19.610000610351562,19.6200008392334,18.130569458007812,58200
2023-09-15,FSMB,19.6200008392334,19.6200008392334,19.600000381469727,19.604999542236328,18.116708755493164,69600
2023-09-18,FSMB,19.610000610351562,19.6299991607666,19.600000381469727,19.6299991607666,18.139812469482422,87000
2023-09-19,FSMB,19.6200008392334,19.6200008392334,19.58099937438965,19.584999084472656,18.098224639892578,37900
2023-09-20,FSMB,19.6200008392334,19.6200008392334,19.579999923706055,19.600000381469727,18.112091064453125,382300
2023-09-21,FSMB,19.56999969482422,19.579999923706055,19.510000228881836,19.53499984741211,18.052021026611328,353700
2023-09-22,FSMB,19.489999771118164,19.520000457763672,19.489999771118164,19.489999771118164,18.049238204956055,167600
2023-09-25,FSMB,19.479999542236328,19.489999771118164,19.440000534057617,19.450000762939453,18.012205123901367,69900
2023-09-26,FSMB,19.450000762939453,19.450000762939453,19.43000030517578,19.440000534057617,18.002941131591797,525300
2023-09-27,FSMB,19.450000762939453,19.450000762939453,19.405000686645508,19.43000030517578,17.993688583374023,93600
2023-09-28,FSMB,19.43000030517578,19.43400001525879,19.3799991607666,19.399999618530273,17.965900421142578,186100
2023-09-29,FSMB,19.420000076293945,19.450000762939453,19.3799991607666,19.385000228881836,17.952009201049805,93400
2023-10-02,FSMB,19.3799991607666,19.389999389648438,19.3700008392334,19.3799991607666,17.947372436523438,240500
2023-10-03,FSMB,19.389999389648438,19.389999389648438,19.334999084472656,19.350000381469727,17.919593811035156,66500
2023-10-04,FSMB,19.350000381469727,19.3799991607666,19.34000015258789,19.360000610351562,17.92885398864746,102500
2023-10-05,FSMB,19.3799991607666,19.399999618530273,19.3700008392334,19.3799991607666,17.947372436523438,61200
2023-10-06,FSMB,19.3700008392334,19.3700008392334,19.32200050354004,19.350000381469727,17.919593811035156,81500
2023-10-09,FSMB,19.360000610351562,19.420000076293945,19.350000381469727,19.399999618530273,17.965900421142578,92300
2023-10-10,FSMB,19.389999389648438,19.440000534057617,19.381000518798828,19.40999984741211,17.975160598754883,73500
2023-10-11,FSMB,19.469999313354492,19.47599983215332,19.44499969482422,19.459999084472656,18.021465301513672,52300
2023-10-12,FSMB,19.459999084472656,19.469999313354492,19.40999984741211,19.43000030517578,17.993688583374023,213300
2023-10-13,FSMB,19.489999771118164,19.489999771118164,19.440000534057617,19.469999313354492,18.030715942382812,130100
2023-10-16,FSMB,19.459999084472656,19.459999084472656,19.399999618530273,19.40999984741211,17.975160598754883,164200
2023-10-17,FSMB,19.440000534057617,19.440000534057617,19.3700008392334,19.3799991607666,17.947372436523438,132000
2023-10-18,FSMB,19.3700008392334,19.3799991607666,19.360000610351562,19.375,17.942747116088867,131500
2023-10-19,FSMB,19.3799991607666,19.389999389648438,19.329999923706055,19.364999771118164,17.933486938476562,169100
2023-10-20,FSMB,19.3799991607666,19.3799991607666,19.350000381469727,19.3799991607666,17.947372436523438,54100
2023-10-23,FSMB,19.3799991607666,19.3799991607666,19.35300064086914,19.3799991607666,17.947372436523438,38500
2023-10-24,FSMB,19.34000015258789,19.354000091552734,19.329999923706055,19.334999084472656,17.944591522216797,75100
2023-10-25,FSMB,19.350000381469727,19.360000610351562,19.31100082397461,19.315000534057617,17.9260311126709,60000
2023-10-26,FSMB,19.31999969482422,19.360000610351562,19.309999465942383,19.309999465942383,17.92138671875,73200
2023-10-27,FSMB,19.31999969482422,19.34000015258789,19.31999969482422,19.339000701904297,17.948305130004883,75500
2023-10-30,FSMB,19.360000610351562,19.360000610351562,19.31999969482422,19.325000762939453,17.935306549072266,60400
2023-10-31,FSMB,19.34000015258789,19.350000381469727,19.32200050354004,19.34000015258789,17.94923210144043,100600
2023-11-01,FSMB,19.350000381469727,19.3700008392334,19.34000015258789,19.344999313354492,17.953872680664062,106400
2023-11-02,FSMB,19.360000610351562,19.440000534057617,19.360000610351562,19.399999618530273,18.00492286682129,149700
2023-11-03,FSMB,19.479999542236328,19.520000457763672,19.459999084472656,19.469999313354492,18.06987762451172,622500
2023-11-06,FSMB,19.510000228881836,19.510000228881836,19.44700050354004,19.454999923706055,18.055957794189453,332900
2023-11-07,FSMB,19.510000228881836,19.547000885009766,19.479999542236328,19.520000457763672,18.116289138793945,74300
2023-11-08,FSMB,19.549999237060547,19.549999237060547,19.520000457763672,19.540000915527344,18.134855270385742,67800
2023-11-09,FSMB,19.530000686645508,19.549999237060547,19.492000579833984,19.530000686645508,18.12557601928711,148600
2023-11-10,FSMB,19.530000686645508,19.549999237060547,19.510000228881836,19.540000915527344,18.134855270385742,48800
2023-11-13,FSMB,19.520000457763672,19.559999465942383,19.510000228881836,19.559999465942383,18.153409957885742,308300
2023-11-14,FSMB,19.56999969482422,19.6299991607666,19.559999465942383,19.6299991607666,18.218379974365234,97600
2023-11-15,FSMB,19.579999923706055,19.6200008392334,19.549999237060547,19.6200008392334,18.20909881591797,94900
2023-11-16,FSMB,19.510000228881836,19.65999984741211,19.510000228881836,19.6299991607666,18.218379974365234,123900
2023-11-17,FSMB,19.6299991607666,19.649999618530273,19.594999313354492,19.6299991607666,18.218379974365234,120100
2023-11-20,FSMB,19.639999389648438,19.65999984741211,19.610000610351562,19.65999984741211,18.24622344970703,117000
2023-11-21,FSMB,19.600000381469727,19.639999389648438,19.59000015258789,19.59000015258789,18.22018051147461,91200
2023-11-22,FSMB,19.610000610351562,19.639999389648438,19.59000015258789,19.6200008392334,18.248083114624023,71400
2023-11-24,FSMB,19.649999618530273,19.649999618530273,19.614999771118164,19.621000289916992,18.249011993408203,17100
2023-11-27,FSMB,19.65999984741211,19.65999984741211,19.6299991607666,19.639999389648438,18.266681671142578,45400
2023-11-28,FSMB,19.670000076293945,19.700000762939453,19.65999984741211,19.68000030517578,18.303884506225586,326800
2023-11-29,FSMB,19.690000534057617,19.729999542236328,19.690000534057617,19.709999084472656,18.331789016723633,161500
2023-11-30,FSMB,19.719999313354492,19.729999542236328,19.700000762939453,19.729000091552734,18.349462509155273,29100
2023-12-01,FSMB,19.739999771118164,19.780000686645508,19.68000030517578,19.780000686645508,18.396894454956055,65800
2023-12-04,FSMB,19.770000457763672,19.790000915527344,19.740999221801758,19.790000915527344,18.40619659423828,110600
2023-12-05,FSMB,19.799999237060547,19.799999237060547,19.777000427246094,19.790000915527344,18.40619659423828,217400
2023-12-06,FSMB,19.799999237060547,19.81999969482422,19.75,19.809999465942383,18.4247989654541,118100
2023-12-07,FSMB,19.829999923706055,19.829999923706055,19.790000915527344,19.829999923706055,18.443395614624023,105400
2023-12-08,FSMB,19.81999969482422,19.81999969482422,19.799999237060547,19.799999237060547,18.415494918823242,27100
2023-12-11,FSMB,19.81999969482422,19.829999923706055,19.760000228881836,19.829999923706055,18.443395614624023,113700
2023-12-12,FSMB,19.809999465942383,19.829999923706055,19.802000045776367,19.81999969482422,18.434097290039062,145000
2023-12-13,FSMB,19.790000915527344,19.8799991607666,19.790000915527344,19.854999542236328,18.466650009155273,136500
2023-12-14,FSMB,19.889999389648438,19.920000076293945,19.8700008392334,19.90999984741211,18.517805099487305,144600
2023-12-15,FSMB,19.889999389648438,19.937999725341797,19.889999389648438,19.899999618530273,18.508502960205078,88400
2023-12-18,FSMB,19.920000076293945,19.920000076293945,19.889999389648438,19.920000076293945,18.527103424072266,128200
2023-12-19,FSMB,19.90999984741211,19.94499969482422,19.90999984741211,19.93000030517578,18.536409378051758,231700
2023-12-20,FSMB,19.969999313354492,19.969999313354492,19.920000076293945,19.969999313354492,18.573604583740234,243000
2023-12-21,FSMB,19.969999313354492,19.969999313354492,19.93000030517578,19.969999313354492,18.573604583740234,140500
2023-12-22,FSMB,19.950000762939453,19.950000762939453,19.899999618530273,19.899999618530273,18.547510147094727,97100
2023-12-26,FSMB,19.899999618530273,19.920000076293945,19.899999618530273,19.90999984741211,18.55683135986328,57200
2023-12-27,FSMB,19.940000534057617,19.959999084472656,19.89299964904785,19.959999084472656,18.60343360900879,76800
2023-12-28,FSMB,19.920000076293945,19.959999084472656,19.889999389648438,19.959999084472656,18.60343360900879,227300
2023-12-29,FSMB,19.93000030517578,19.959999084472656,19.93000030517578,19.950000762939453,18.594112396240234,121500
2024-01-02,FSMB,19.950000762939453,19.950000762939453,19.920000076293945,19.950000762939453,18.594112396240234,134700
2024-01-03,FSMB,19.950000762939453,19.959999084472656,19.929000854492188,19.959999084472656,18.60343360900879,74600
2024-01-04,FSMB,19.950000762939453,19.950000762939453,19.90999984741211,19.920000076293945,18.566158294677734,103100
2024-01-05,FSMB,19.940000534057617,19.940000534057617,19.90999984741211,19.920000076293945,18.566158294677734,80000
2024-01-08,FSMB,19.969999313354492,19.969999313354492,19.93000030517578,19.952999114990234,18.59691047668457,54800
2024-01-09,FSMB,19.969999313354492,19.969999313354492,19.93000030517578,19.94499969482422,18.589448928833008,97300
2024-01-10,FSMB,19.969999313354492,19.969999313354492,19.93000030517578,19.93000030517578,18.575475692749023,97900
2024-01-11,FSMB,19.93000030517578,19.940000534057617,19.920000076293945,19.93000030517578,18.575475692749023,75300
2024-01-12,FSMB,19.959999084472656,19.959999084472656,19.920000076293945,19.93000030517578,18.575475692749023,34500
2024-01-16,FSMB,19.93000030517578,19.93000030517578,19.899999618530273,19.93000030517578,18.575475692749023,105000
2024-01-17,FSMB,19.899999618530273,19.90999984741211,19.8799991607666,19.90999984741211,18.55683135986328,81700
2024-01-18,FSMB,19.90999984741211,19.90999984741211,19.8700008392334,19.875,18.524208068847656,57800
2024-01-19,FSMB,19.8700008392334,19.878000259399414,19.860000610351562,19.864999771118164,18.514890670776367,95200
2024-01-22,FSMB,19.899999618530273,19.899999618530273,19.8700008392334,19.8700008392334,18.519548416137695,48000
2024-01-23,FSMB,19.8700008392334,19.8700008392334,19.809999465942383,19.81999969482422,18.513011932373047,47000
2024-01-24,FSMB,19.8700008392334,19.8700008392334,19.809999465942383,19.81999969482422,18.513011932373047,57800
2024-01-25,FSMB,19.860000610351562,19.8700008392334,19.829999923706055,19.8700008392334,18.559717178344727,95900
2024-01-26,FSMB,19.8799991607666,19.8799991607666,19.84000015258789,19.8700008392334,18.559717178344727,58600
2024-01-29,FSMB,19.90999984741211,19.90999984741211,19.860000610351562,19.8700008392334,18.559717178344727,51500
2024-01-30,FSMB,19.860000610351562,19.8799991607666,19.85300064086914,19.860000610351562,18.550376892089844,56800
2024-01-31,FSMB,19.93000030517578,19.934999465942383,19.889999389648438,19.920000076293945,18.60641860961914,129900
2024-02-01,FSMB,19.959999084472656,19.959999084472656,19.916000366210938,19.959999084472656,18.643779754638672,87500
2024-02-02,FSMB,19.889999389648438,19.920000076293945,19.875,19.8799991607666,18.56905746459961,223400
2024-02-05,FSMB,19.920000076293945,19.920000076293945,19.860000610351562,19.860000610351562,18.550376892089844,32400
2024-02-06,FSMB,19.8700008392334,19.90999984741211,19.860000610351562,19.889999389648438,18.578397750854492,69800
2024-02-07,FSMB,19.8799991607666,19.899999618530273,19.850000381469727,19.850000381469727,18.541032791137695,989400
2024-02-08,FSMB,19.84000015258789,19.8700008392334,19.84000015258789,19.854999542236328,18.545703887939453,135700
2024-02-09,FSMB,19.860000610351562,19.8799991607666,19.860000610351562,19.8700008392334,18.559717178344727,61300
2024-02-12,FSMB,19.8799991607666,19.899999618530273,19.8700008392334,19.889999389648438,18.578397750854492,44100
2024-02-13,FSMB,19.860000610351562,19.860000610351562,19.84000015258789,19.860000610351562,18.550376892089844,106400
2024-02-14,FSMB,19.84000015258789,19.889999389648438,19.84000015258789,19.8799991607666,18.56905746459961,47000
2024-02-15,FSMB,19.889999389648438,19.90999984741211,19.860000610351562,19.905000686645508,18.592405319213867,141800
2024-02-16,FSMB,19.8799991607666,19.889999389648438,19.8700008392334,19.8799991607666,18.56905746459961,58700
2024-02-20,FSMB,19.889999389648438,19.90999984741211,19.889999389648438,19.889999389648438,18.578397750854492,62200
2024-02-21,FSMB,19.8799991607666,19.8799991607666,19.850000381469727,19.860000610351562,18.59150505065918,59600
2024-02-22,FSMB,19.850000381469727,19.8700008392334,19.850000381469727,19.850000381469727,18.58213996887207,120700
2024-02-23,FSMB,19.899999618530273,19.899999618530273,19.829999923706055,19.889999389648438,18.61958885192871,80500
2024-02-26,FSMB,19.8700008392334,19.889999389648438,19.8700008392334,19.8799991607666,18.610225677490234,46400
2024-02-27,FSMB,19.90999984741211,19.90999984741211,19.864999771118164,19.8799991607666,18.610225677490234,65700
2024-02-28,FSMB,19.889999389648438,19.889999389648438,19.8700008392334,19.889999389648438,18.61958885192871,121300
2024-02-29,FSMB,19.90999984741211,19.924999237060547,19.889999389648438,19.895000457763672,18.624267578125,79200
2024-03-01,FSMB,19.8700008392334,19.90999984741211,19.8700008392334,19.889999389648438,18.61958885192871,43700
2024-03-04,FSMB,19.899999618530273,19.899999618530273,19.8799991607666,19.889999389648438,18.61958885192871,42700
2024-03-05,FSMB,19.920000076293945,19.920000076293945,19.8700008392334,19.90999984741211,18.638309478759766,443400
2024-03-06,FSMB,19.90999984741211,19.915000915527344,19.899999618530273,19.905000686645508,18.63362693786621,43500
2024-03-07,FSMB,19.920000076293945,19.93000030517578,19.90999984741211,19.924999237060547,18.652347564697266,43000
2024-03-08,FSMB,19.93000030517578,19.93000030517578,19.920000076293945,19.93000030517578,18.657033920288086,195500
2024-03-11,FSMB,19.93000030517578,19.940000534057617,19.920000076293945,19.924999237060547,18.652347564697266,87300
2024-03-12,FSMB,19.920000076293945,19.93000030517578,19.910999298095703,19.93000030517578,18.657033920288086,55400
2024-03-13,FSMB,19.959999084472656,19.959999084472656,19.920000076293945,19.933000564575195,18.65984344482422,131500
2024-03-14,FSMB,19.920000076293945,19.920000076293945,19.90999984741211,19.91900062561035,18.646732330322266,65900
2024-03-15,FSMB,19.90999984741211,19.915000915527344,19.899999618530273,19.905000686645508,18.63362693786621,56300
2024-03-18,FSMB,19.940000534057617,19.940000534057617,19.895000457763672,19.920000076293945,18.647668838500977,97900
2024-03-19,FSMB,19.90999984741211,19.93000030517578,19.90999984741211,19.93000030517578,18.657033920288086,76600
2024-03-20,FSMB,19.950000762939453,19.950000762939453,19.899999618530273,19.920000076293945,18.647668838500977,62100
2024-03-21,FSMB,19.8700008392334,19.8700008392334,19.829999923706055,19.860000610351562,18.634538650512695,47700
2024-03-22,FSMB,19.860000610351562,19.885000228881836,19.85700035095215,19.8799991607666,18.653301239013672,33600
2024-03-25,FSMB,19.8799991607666,19.8799991607666,19.850000381469727,19.854999542236328,18.629840850830078,45300
2024-03-26,FSMB,19.8700008392334,19.8700008392334,19.850000381469727,19.860000610351562,18.634538650512695,58600
2024-03-27,FSMB,19.850000381469727,19.8799991607666,19.84000015258789,19.860000610351562,18.634538650512695,119600
2024-03-28,FSMB,19.850000381469727,19.850000381469727,19.829999923706055,19.834999084472656,18.61107635498047,141600
2024-04-01,FSMB,19.84000015258789,19.84000015258789,19.809999465942383,19.84000015258789,18.61577033996582,129200
2024-04-02,FSMB,19.860000610351562,19.860000610351562,19.799999237060547,19.809999465942383,18.58761978149414,85800
2024-04-03,FSMB,19.780000686645508,19.809999465942383,19.770000457763672,19.780000686645508,18.559471130371094,77600
2024-04-04,FSMB,19.799999237060547,19.809999465942383,19.780000686645508,19.80500030517578,18.582927703857422,89400
2024-04-05,FSMB,19.790000915527344,19.809999465942383,19.770000457763672,19.795000076293945,18.573545455932617,48900
2024-04-08,FSMB,19.84000015258789,19.84000015258789,19.770000457763672,19.770000457763672,18.550086975097656,77100
2024-04-09,FSMB,19.850000381469727,19.850000381469727,19.790000915527344,19.80500030517578,18.582927703857422,75100
2024-04-10,FSMB,19.75,19.760000228881836,19.739999771118164,19.7450008392334,18.526630401611328,63700
2024-04-11,FSMB,19.75,19.780000686645508,19.740999221801758,19.764999389648438,18.54539680480957,66100
2024-04-12,FSMB,19.790000915527344,19.80900001525879,19.790000915527344,19.799999237060547,18.57823371887207,64100
2024-04-15,FSMB,19.799999237060547,19.799999237060547,19.770999908447266,19.799999237060547,18.57823371887207,93500
2024-04-16,FSMB,19.780000686645508,19.78499984741211,19.760000228881836,19.780000686645508,18.559471130371094,231500
2024-04-17,FSMB,19.780000686645508,19.799999237060547,19.773000717163086,19.790000915527344,18.568851470947266,34900
2024-04-18,FSMB,19.790000915527344,19.790000915527344,19.770000457763672,19.78499984741211,18.56416130065918,132100
2024-04-19,FSMB,19.790000915527344,19.80900001525879,19.770000457763672,19.770000457763672,18.550086975097656,64800
2024-04-22,FSMB,19.7810001373291,19.78499984741211,19.780000686645508,19.780000686645508,18.559471130371094,28500
2024-04-23,FSMB,19.729999542236328,19.75,19.697999954223633,19.709999084472656,18.537839889526367,102200
2024-04-24,FSMB,19.739999771118164,19.75,19.71500015258789,19.719999313354492,18.547243118286133,169700
2024-04-25,FSMB,19.719999313354492,19.760000228881836,19.690000534057617,19.709999084472656,18.537839889526367,169000
2024-04-26,FSMB,19.739999771118164,19.739999771118164,19.719999313354492,19.729999542236328,18.556650161743164,49400
2024-04-29,FSMB,19.729999542236328,19.75,19.726999282836914,19.75,18.57546043395996,38300
2024-04-30,FSMB,19.729999542236328,19.739999771118164,19.719999313354492,19.739999771118164,18.566055297851562,62300
2024-05-01,FSMB,19.739999771118164,19.764999389648438,19.719999313354492,19.729999542236328,18.556650161743164,89500
2024-05-02,FSMB,19.739999771118164,19.760000228881836,19.729999542236328,19.739999771118164,18.566055297851562,114700
2024-05-03,FSMB,19.75,19.788999557495117,19.75,19.7810001373291,18.6046142578125,70300
2024-05-06,FSMB,19.790000915527344,19.799999237060547,19.770000457763672,19.780000686645508,18.60367774963379,56500
2024-05-07,FSMB,19.790000915527344,19.81999969482422,19.790000915527344,19.790000915527344,18.613079071044922,82400
2024-05-08,FSMB,19.81999969482422,19.829999923706055,19.809999465942383,19.809999465942383,18.63188934326172,140400
2024-05-09,FSMB,19.809999465942383,19.829999923706055,19.799999237060547,19.799999237060547,18.622486114501953,103100
2024-05-10,FSMB,19.829999923706055,19.829999923706055,19.790000915527344,19.790000915527344,18.613079071044922,50600
2024-05-13,FSMB,19.81999969482422,19.81999969482422,19.799999237060547,19.799999237060547,18.622486114501953,59000
2024-05-14,FSMB,19.81999969482422,19.81999969482422,19.799999237060547,19.799999237060547,18.622486114501953,117700
2024-05-15,FSMB,19.81999969482422,19.84000015258789,19.809999465942383,19.809999465942383,18.63188934326172,92600
2024-05-16,FSMB,19.829999923706055,19.829999923706055,19.809999465942383,19.809999465942383,18.63188934326172,76800
2024-05-17,FSMB,19.829999923706055,19.829999923706055,19.799999237060547,19.799999237060547,18.622486114501953,30000
2024-05-20,FSMB,19.809999465942383,19.809999465942383,19.780000686645508,19.780000686645508,18.60367774963379,42700
2024-05-21,FSMB,19.729999542236328,19.75,19.719999313354492,19.729999542236328,18.600849151611328,63300
2024-05-22,FSMB,19.729999542236328,19.739999771118164,19.700000762939453,19.719999313354492,18.59141731262207,69800
2024-05-23,FSMB,19.719999313354492,19.719999313354492,19.68000030517578,19.68000030517578,18.553707122802734,73600
2024-05-24,FSMB,19.700000762939453,19.700000762939453,19.670000076293945,19.69499969482422,18.567846298217773,63700
2024-05-28,FSMB,19.700000762939453,19.709999084472656,19.68000030517578,19.68000030517578,18.553707122802734,266700
2024-05-29,FSMB,19.709999084472656,19.709999084472656,19.65999984741211,19.674999237060547,18.54899024963379,174200
2024-05-30,FSMB,19.670000076293945,19.690000534057617,19.649999618530273,19.670000076293945,18.544281005859375,135300
2024-05-31,FSMB,19.709999084472656,19.709999084472656,19.65999984741211,19.687999725341797,18.561248779296875,51300
2024-06-03,FSMB,19.68000030517578,19.709999084472656,19.67099952697754,19.690000534057617,18.563135147094727,151100
2024-06-04,FSMB,19.709999084472656,19.725000381469727,19.700000762939453,19.719999313354492,18.59141731262207,67700
2024-06-05,FSMB,19.719999313354492,19.760000228881836,19.719999313354492,19.7549991607666,18.62441062927246,59800
2024-06-06,FSMB,19.780000686645508,19.799999237060547,19.770000457763672,19.799999237060547,18.666841506958008,42900
2024-06-07,FSMB,19.760000228881836,19.770000457763672,19.75,19.75,18.619705200195312,67900
2024-06-10,FSMB,19.760000228881836,19.770000457763672,19.7450008392334,19.770000457763672,18.63855743408203,57000
2024-06-11,FSMB,19.780000686645508,19.790000915527344,19.75,19.790000915527344,18.657413482666016,71500
2024-06-12,FSMB,19.809999465942383,19.860000610351562,19.799999237060547,19.81999969482422,18.685693740844727,34600
2024-06-13,FSMB,19.84000015258789,19.844999313354492,19.809999465942383,19.829999923706055,18.695119857788086,133100
2024-06-14,FSMB,19.81999969482422,19.850000381469727,19.81999969482422,19.81999969482422,18.685693740844727,84600
2024-06-17,FSMB,19.84000015258789,19.84000015258789,19.809999465942383,19.815000534057617,18.68098258972168,38400
2024-06-18,FSMB,19.84000015258789,19.84000015258789,19.809999465942383,19.81999969482422,18.685693740844727,138300
2024-06-20,FSMB,19.81999969482422,19.839000701904297,19.809999465942383,19.825000762939453,18.69041633605957,90600
2024-06-21,FSMB,19.860000610351562,19.860000610351562,19.81999969482422,19.826000213623047,18.691349029541016,46700
2024-06-24,FSMB,19.84000015258789,19.84000015258789,19.81999969482422,19.81999969482422,18.685693740844727,60700
2024-06-25,FSMB,19.829999923706055,19.84000015258789,19.81999969482422,19.829999923706055,18.695119857788086,32000
2024-06-26,FSMB,19.8700008392334,19.8700008392334,19.799999237060547,19.801000595092773,18.66778564453125,41700
2024-06-27,FSMB,19.760000228881836,19.780000686645508,19.739999771118164,19.739999771118164,18.655500411987305,290100
2024-06-28,FSMB,19.780000686645508,19.799999237060547,19.709999084472656,19.770000457763672,18.683847427368164,99600
2024-07-01,FSMB,19.739999771118164,19.760000228881836,19.719999313354492,19.735000610351562,18.65077018737793,109700
2024-07-02,FSMB,19.770000457763672,19.770000457763672,19.739999771118164,19.7450008392334,18.66022300720215,89100
2024-07-03,FSMB,19.770000457763672,19.790000915527344,19.760000228881836,19.770000457763672,18.683847427368164,41500
2024-07-05,FSMB,19.799999237060547,19.809999465942383,19.790000915527344,19.79800033569336,18.71031379699707,22100
2024-07-08,FSMB,19.809999465942383,19.809999465942383,19.770000457763672,19.770000457763672,18.683847427368164,193700
2024-07-09,FSMB,19.799999237060547,19.829999923706055,19.799999237060547,19.829999923706055,18.740549087524414,85600
2024-07-10,FSMB,19.829999923706055,19.829999923706055,19.809999465942383,19.825000762939453,18.7358341217041,48700
2024-07-11,FSMB,19.860000610351562,19.875,19.854999542236328,19.860000610351562,18.768905639648438,85600
2024-07-12,FSMB,19.8700008392334,19.8799991607666,19.84000015258789,19.8700008392334,18.778352737426758,53400
2024-07-15,FSMB,19.8700008392334,19.8700008392334,19.81999969482422,19.854999542236328,18.76418113708496,77400
2024-07-16,FSMB,19.860000610351562,19.8799991607666,19.854999542236328,19.8799991607666,18.78780174255371,52900
2024-07-17,FSMB,19.8799991607666,19.895000457763672,19.8700008392334,19.889999389648438,18.797252655029297,56500
2024-07-18,FSMB,19.8799991607666,19.899999618530273,19.8700008392334,19.889999389648438,18.797252655029297,77000
2024-07-19,FSMB,19.90999984741211,19.90999984741211,19.878999710083008,19.889999389648438,18.797252655029297,31500
2019-07-15,GILD,66.9800033569336,68.25,66.83999633789062,68.06999969482422,52.69141387939453,7495100
2019-07-16,GILD,68.06999969482422,68.19999694824219,66.51000213623047,66.94000244140625,51.81673049926758,5573200
2019-07-17,GILD,67.12999725341797,67.41999816894531,66.80999755859375,66.91999816894531,51.801231384277344,4858500
2019-07-18,GILD,66.62999725341797,67.5999984741211,66.30000305175781,67.20999908447266,52.02572250366211,4002500
2019-07-19,GILD,67.5199966430664,67.52999877929688,64.91000366210938,65.04000091552734,50.34598159790039,8876400
2019-07-22,GILD,65.30000305175781,65.81999969482422,64.75,64.91000366210938,50.2453498840332,6302600
2019-07-23,GILD,65.06999969482422,66.44000244140625,64.68000030517578,66.4000015258789,51.39873123168945,7854200
2019-07-24,GILD,66.4800033569336,66.81999969482422,65.83000183105469,66.63999938964844,51.58449935913086,4592400
2019-07-25,GILD,66.56999969482422,67.06999969482422,66.19999694824219,66.31999969482422,51.3367919921875,4061200
2019-07-26,GILD,66.3499984741211,67.04000091552734,65.91999816894531,66.91999816894531,51.801231384277344,4790600
2019-07-29,GILD,68.08999633789062,68.4000015258789,67.30000305175781,67.87000274658203,52.53662109375,5571700
2019-07-30,GILD,67.80000305175781,67.83000183105469,66.66000366210938,67.08999633789062,51.93283462524414,6694500
2019-07-31,GILD,65.6500015258789,66.72000122070312,64.16000366210938,65.5199966430664,50.717525482177734,10366300
2019-08-01,GILD,65.66000366210938,66.77999877929688,65.08000183105469,65.47000122070312,50.67882537841797,8259800
2019-08-02,GILD,65.19000244140625,65.45999908447266,64.25,64.94999694824219,50.276302337646484,6753100
2019-08-05,GILD,64.30000305175781,64.62000274658203,62.869998931884766,63.36000061035156,49.045536041259766,7230000
2019-08-06,GILD,63.459999084472656,64.1500015258789,62.63999938964844,63.97999954223633,49.52545928955078,7052100
2019-08-07,GILD,63.34000015258789,64.19999694824219,62.540000915527344,63.880001068115234,49.448055267333984,5450400
2019-08-08,GILD,63.720001220703125,64.9000015258789,63.61000061035156,64.81999969482422,50.175682067871094,5188900
2019-08-09,GILD,64.69999694824219,65.72000122070312,64.36000061035156,65.23999786376953,50.500789642333984,5233000
2019-08-12,GILD,64.93000030517578,65.47000122070312,63.4900016784668,63.97999954223633,49.52545928955078,5703200
2019-08-13,GILD,63.720001220703125,64.98999786376953,63.720001220703125,64.30000305175781,49.77315902709961,4779600
2019-08-14,GILD,63.689998626708984,63.79999923706055,62.91999816894531,63.119998931884766,48.8597412109375,6382100
2019-08-15,GILD,63.279998779296875,63.810001373291016,62.84000015258789,62.869998931884766,48.666229248046875,4490800
2019-08-16,GILD,63.40999984741211,63.5099983215332,62.84000015258789,63.13999938964844,48.87521743774414,6967500
2019-08-19,GILD,63.689998626708984,64.41999816894531,63.689998626708984,64.11000061035156,49.62608337402344,6163200
2019-08-20,GILD,64.04000091552734,64.30999755859375,63.380001068115234,63.439998626708984,49.107444763183594,5286400
2019-08-21,GILD,64.04000091552734,64.26000213623047,63.66999816894531,64.12999725341797,49.64157485961914,4493700
2019-08-22,GILD,64.30999755859375,64.69999694824219,63.540000915527344,64.22000122070312,49.711238861083984,5084900
2019-08-23,GILD,64.06999969482422,64.66999816894531,62.189998626708984,62.5099983215332,48.38755798339844,7488300
2019-08-26,GILD,63.29999923706055,63.33000183105469,62.33000183105469,63.0,48.76686096191406,4053200
2019-08-27,GILD,63.5099983215332,63.88999938964844,62.939998626708984,63.310001373291016,49.006813049316406,5227000
2019-08-28,GILD,63.040000915527344,64.19000244140625,62.72999954223633,63.63999938964844,49.26226806640625,5441100
2019-08-29,GILD,64.2699966430664,64.41999816894531,63.290000915527344,63.75,49.347412109375,4758500
2019-08-30,GILD,63.9900016784668,64.01000213623047,62.849998474121094,63.540000915527344,49.18486022949219,5301200
2019-09-03,GILD,63.150001525878906,63.34000015258789,62.27000045776367,62.970001220703125,48.74364471435547,4909200
2019-09-04,GILD,63.36000061035156,63.66999816894531,62.38999938964844,63.27000045776367,48.97585678100586,5898200
2019-09-05,GILD,63.439998626708984,64.5,63.33000183105469,64.05999755859375,49.58738708496094,6011100
2019-09-06,GILD,64.30000305175781,65.0,63.91999816894531,64.81999969482422,50.175682067871094,6833300
2019-09-09,GILD,64.6500015258789,66.56999969482422,64.62999725341797,66.33000183105469,51.344547271728516,8701000
2019-09-10,GILD,66.08000183105469,67.18000030517578,65.7699966430664,67.08000183105469,51.92509078979492,7419700
2019-09-11,GILD,66.98999786376953,68.16000366210938,66.98999786376953,68.08000183105469,52.69917297363281,8853300
2019-09-12,GILD,67.5,67.54000091552734,66.26000213623047,66.36000061035156,51.8475456237793,6495500
2019-09-13,GILD,66.75,67.48999786376953,65.95999908447266,66.5199966430664,51.97254180908203,4814700
2019-09-16,GILD,66.29000091552734,66.43000030517578,65.66000366210938,65.87999725341797,51.47251892089844,4644100
2019-09-17,GILD,65.9000015258789,66.23999786376953,65.27999877929688,66.16999816894531,51.699092864990234,4819800
2019-09-18,GILD,66.01000213623047,66.1500015258789,65.11000061035156,65.72000122070312,51.34749984741211,4295400
2019-09-19,GILD,65.8499984741211,66.44000244140625,65.63999938964844,65.95999908447266,51.53501892089844,4171100
2019-09-20,GILD,65.88999938964844,67.0199966430664,65.88999938964844,66.41999816894531,51.894412994384766,9700400
2019-09-23,GILD,66.25,66.33000183105469,64.87999725341797,65.7300033569336,51.35531997680664,5259100
2019-09-24,GILD,65.98999786376953,66.02999877929688,64.23999786376953,64.55999755859375,50.441184997558594,5823400
2019-09-25,GILD,64.5,64.83999633789062,64.0199966430664,64.19999694824219,50.159912109375,4914500
2019-09-26,GILD,64.41999816894531,64.41999816894531,63.09000015258789,63.29999923706055,49.45673751831055,6398400
2019-09-27,GILD,63.56999969482422,63.91999816894531,62.56999969482422,62.900001525878906,49.144222259521484,7410900
2019-09-30,GILD,63.0,63.810001373291016,62.86000061035156,63.380001068115234,49.519248962402344,8291400
2019-10-01,GILD,63.599998474121094,64.33000183105469,62.959999084472656,63.220001220703125,49.39423370361328,4899200
2019-10-02,GILD,62.939998626708984,62.939998626708984,61.52000045776367,61.619998931884766,48.14414596557617,6409700
2019-10-03,GILD,61.7400016784668,62.34000015258789,60.88999938964844,62.22999954223633,48.62074279785156,6325200
2019-10-04,GILD,62.45000076293945,62.720001220703125,61.91999816894531,62.560001373291016,48.878578186035156,5138700
2019-10-07,GILD,62.54999923706055,63.58000183105469,62.279998779296875,62.72999954223633,49.01140594482422,5980700
2019-10-08,GILD,62.33000183105469,62.4900016784668,61.369998931884766,61.689998626708984,48.19883728027344,4559800
2019-10-09,GILD,62.290000915527344,62.43000030517578,61.7599983215332,61.97999954223633,48.425411224365234,3516200
2019-10-10,GILD,62.119998931884766,63.40999984741211,62.0,63.2599983215332,49.42548370361328,5718400
2019-10-11,GILD,63.95000076293945,64.48999786376953,63.66999816894531,63.9900016784668,49.995853424072266,5598100
2019-10-14,GILD,63.83000183105469,65.0199966430664,63.83000183105469,64.51000213623047,50.402130126953125,4354500
2019-10-15,GILD,64.83000183105469,65.73999786376953,64.61000061035156,65.30000305175781,51.01935958862305,5675700
2019-10-16,GILD,65.05999755859375,65.87999725341797,65.0,65.3499984741211,51.05842208862305,4854900
2019-10-17,GILD,65.30000305175781,65.69000244140625,64.77999877929688,65.2300033569336,50.96466064453125,4682600
2019-10-18,GILD,65.4000015258789,65.44999694824219,64.19999694824219,64.91000366210938,50.714656829833984,8805600
2019-10-21,GILD,64.94000244140625,65.37000274658203,64.80000305175781,65.20999908447266,50.949039459228516,3737000
2019-10-22,GILD,65.70999908447266,66.58999633789062,65.66999816894531,65.86000061035156,51.45689010620117,5881800
2019-10-23,GILD,65.72000122070312,66.6500015258789,65.52999877929688,66.58000183105469,52.019432067871094,6056100
2019-10-24,GILD,66.75,66.75,65.62999725341797,66.0,51.56626892089844,5555400
2019-10-25,GILD,63.0,64.2699966430664,62.52000045776367,63.31999969482422,49.47237014770508,12014700
2019-10-28,GILD,63.630001068115234,63.95000076293945,62.779998779296875,63.72999954223633,49.792701721191406,7854900
2019-10-29,GILD,64.0,64.0,63.25,63.45000076293945,49.57394027709961,5534200
2019-10-30,GILD,63.45000076293945,63.599998474121094,62.66999816894531,63.150001525878906,49.33955764770508,6289200
2019-10-31,GILD,62.90999984741211,63.81999969482422,62.7400016784668,63.709999084472656,49.777061462402344,6438100
2019-11-01,GILD,63.970001220703125,64.98999786376953,63.7599983215332,64.66000366210938,50.51932144165039,4956800
2019-11-04,GILD,65.16000366210938,65.4800033569336,64.02999877929688,65.20999908447266,50.949039459228516,7008700
2019-11-05,GILD,65.41000366210938,66.2699966430664,65.19000244140625,65.38999938964844,51.08967590332031,6599100
2019-11-06,GILD,65.62999725341797,66.16999816894531,65.06999969482422,65.41000366210938,51.10529708862305,6010500
2019-11-07,GILD,65.0199966430664,65.16999816894531,63.439998626708984,63.959999084472656,49.97239303588867,7746000
2019-11-08,GILD,63.529998779296875,65.5199966430664,63.52000045776367,65.37999725341797,51.08185577392578,4953100
2019-11-11,GILD,65.0199966430664,65.1500015258789,64.33000183105469,64.63999938964844,50.503692626953125,3696400
2019-11-12,GILD,64.55999755859375,64.86000061035156,64.1500015258789,64.31999969482422,50.25368118286133,4243200
2019-11-13,GILD,64.1500015258789,64.1500015258789,63.099998474121094,63.33000183105469,49.48018264770508,4482600
2019-11-14,GILD,63.22999954223633,64.0,62.380001068115234,63.810001373291016,49.8552131652832,7548200
2019-11-15,GILD,64.16000366210938,65.22000122070312,64.0,65.06999969482422,50.83966064453125,6908600
2019-11-18,GILD,64.87999725341797,65.16999816894531,63.720001220703125,64.29000091552734,50.23023223876953,6163600
2019-11-19,GILD,64.7300033569336,65.05000305175781,64.5,65.0,50.784969329833984,6135100
2019-11-20,GILD,64.77999877929688,65.30000305175781,64.4800033569336,64.87999725341797,50.69121170043945,7633900
2019-11-21,GILD,65.0999984741211,65.80000305175781,64.51000213623047,65.7300033569336,51.35531997680664,5392000
2019-11-22,GILD,65.79000091552734,65.94000244140625,65.19000244140625,65.26000213623047,50.98810577392578,4589300
2019-11-25,GILD,65.55000305175781,67.27999877929688,65.48999786376953,67.22000122070312,52.51947021484375,7492900
2019-11-26,GILD,66.97000122070312,67.6500015258789,66.68000030517578,67.27999877929688,52.566341400146484,6923500
2019-11-27,GILD,67.27999877929688,67.48999786376953,66.69999694824219,67.12000274658203,52.44133377075195,4980300
2019-11-29,GILD,67.04000091552734,67.36000061035156,66.80999755859375,67.23999786376953,52.53508758544922,2658800
2019-12-02,GILD,67.25,67.5199966430664,65.94000244140625,66.12000274658203,51.66004180908203,7642100
2019-12-03,GILD,65.79000091552734,66.19999694824219,65.16999816894531,66.06999969482422,51.6209602355957,5333300
2019-12-04,GILD,66.30000305175781,67.22000122070312,66.05999755859375,66.75,52.15225601196289,5093400
2019-12-05,GILD,66.9000015258789,66.94999694824219,65.4000015258789,65.93000030517578,51.511573791503906,5847800
2019-12-06,GILD,66.43000030517578,67.55000305175781,66.08000183105469,67.08000183105469,52.410091400146484,4140400
2019-12-09,GILD,67.18000030517578,67.87999725341797,66.83000183105469,66.93000030517578,52.292884826660156,5983700
2019-12-10,GILD,66.8499984741211,67.18000030517578,66.12999725341797,67.08000183105469,52.410091400146484,4272900
2019-12-11,GILD,67.36000061035156,67.98999786376953,67.11000061035156,67.77999877929688,52.956993103027344,5589800
2019-12-12,GILD,67.16000366210938,68.16000366210938,67.0199966430664,67.62999725341797,53.33554458618164,5732200
2019-12-13,GILD,66.25,66.80999755859375,65.45999908447266,65.7699966430664,51.868675231933594,8198900
2019-12-16,GILD,66.25,66.79000091552734,66.08999633789062,66.12000274658203,52.14471435546875,11647500
2019-12-17,GILD,66.18000030517578,66.41000366210938,65.79000091552734,66.19999694824219,52.207786560058594,7881300
2019-12-18,GILD,66.30999755859375,66.5,65.26000213623047,65.68000030517578,51.797698974609375,10105600
2019-12-19,GILD,65.91000366210938,65.91000366210938,65.16000366210938,65.29000091552734,51.490135192871094,9495300
2019-12-20,GILD,65.58999633789062,67.0,65.16999816894531,66.8499984741211,52.72040557861328,23440000
2019-12-23,GILD,66.69999694824219,67.4000015258789,66.54000091552734,66.75,52.64154815673828,7038200
2019-12-24,GILD,66.80999755859375,66.94000244140625,66.29000091552734,66.72000122070312,52.617889404296875,1965800
2019-12-26,GILD,66.70999908447266,66.91000366210938,66.1500015258789,66.38999938964844,52.35763168334961,3527400
2019-12-27,GILD,66.37999725341797,66.48999786376953,65.70999908447266,65.94999694824219,52.010623931884766,4463900
2019-12-30,GILD,65.7300033569336,66.0999984741211,64.80999755859375,64.93000030517578,51.20622634887695,5864300
2019-12-31,GILD,64.66000366210938,65.05999755859375,64.3499984741211,64.9800033569336,51.24565887451172,6984700
2020-01-02,GILD,65.52999877929688,65.73999786376953,65.04000091552734,65.2300033569336,51.442806243896484,5038200
2020-01-03,GILD,64.62999725341797,65.37000274658203,64.55999755859375,65.06999969482422,51.31663513183594,4689700
2020-01-06,GILD,64.66999816894531,65.83000183105469,64.66000366210938,65.6500015258789,51.7740478515625,8248700
2020-01-07,GILD,65.26000213623047,65.29000091552734,64.16999816894531,65.12000274658203,51.35606384277344,8082600
2020-01-08,GILD,65.11000061035156,66.23999786376953,64.80999755859375,65.80000305175781,51.89234161376953,6607300
2020-01-09,GILD,65.80999755859375,66.06999969482422,65.30000305175781,65.83999633789062,51.92387390136719,5942300
2020-01-10,GILD,66.0,66.08999633789062,64.9800033569336,65.02999877929688,51.28509521484375,5153900
2020-01-13,GILD,65.05000305175781,65.26000213623047,64.08000183105469,64.30999755859375,50.71727752685547,6868900
2020-01-14,GILD,64.41000366210938,64.55999755859375,63.90999984741211,64.19999694824219,50.63050842285156,9929700
2020-01-15,GILD,64.06999969482422,64.93000030517578,63.97999954223633,64.0999984741211,50.55165100097656,7080600
2020-01-16,GILD,64.29000091552734,64.37999725341797,63.119998931884766,63.20000076293945,49.841888427734375,10633900
2020-01-17,GILD,63.5,63.5,62.56999969482422,62.97999954223633,49.66838073730469,13457600
2020-01-21,GILD,62.90999984741211,62.91999816894531,62.22999954223633,62.630001068115234,49.39236068725586,12261100
2020-01-22,GILD,62.79999923706055,63.43000030517578,62.599998474121094,63.400001525878906,49.99960708618164,7906100
2020-01-23,GILD,63.25,64.05999755859375,62.7400016784668,63.939998626708984,50.42547607421875,14648700
2020-01-24,GILD,64.06999969482422,64.19999694824219,62.84000015258789,63.150001525878906,49.802459716796875,18685100
2020-01-27,GILD,63.0,64.27999877929688,62.79999923706055,63.83000183105469,50.338722229003906,10421600
2020-01-28,GILD,64.25,64.87999725341797,64.08999633789062,64.36000061035156,50.7567024230957,10241100
2020-01-29,GILD,64.41999816894531,65.13999938964844,64.22000122070312,64.30000305175781,50.709381103515625,7071000
2020-01-30,GILD,63.900001525878906,64.0999984741211,63.029998779296875,64.02999877929688,50.49644470214844,8771800
2020-01-31,GILD,63.79999923706055,63.93000030517578,62.599998474121094,63.20000076293945,49.841888427734375,11416800
2020-02-03,GILD,67.73999786376953,68.68000030517578,65.48999786376953,66.36000061035156,52.33397674560547,35527100
2020-02-04,GILD,68.0,68.01000213623047,66.87999725341797,67.4000015258789,53.15415573120117,15904100
2020-02-05,GILD,66.22000122070312,66.55000305175781,64.06999969482422,65.87000274658203,51.94754409790039,21184500
2020-02-06,GILD,67.29000091552734,69.9000015258789,66.05000305175781,68.20999908447266,53.79294967651367,28805500
2020-02-07,GILD,69.9800033569336,71.19000244140625,68.38999938964844,68.87000274658203,54.313453674316406,27320100
2020-02-10,GILD,69.31999969482422,69.4000015258789,67.61000061035156,68.98999786376953,54.40810012817383,24347800
2020-02-11,GILD,68.93000030517578,68.98999786376953,67.5,67.76000213623047,53.43806076049805,12858700
2020-02-12,GILD,67.5,67.81999969482422,66.31999969482422,66.94999694824219,52.79927062988281,13927100
2020-02-13,GILD,67.12999725341797,67.7699966430664,66.5199966430664,66.80000305175781,52.68098068237305,8031000
2020-02-14,GILD,67.41000366210938,67.66000366210938,67.04000091552734,67.55999755859375,53.280338287353516,9109100
2020-02-18,GILD,67.55999755859375,67.80000305175781,66.70999908447266,67.01000213623047,52.846588134765625,9904700
2020-02-19,GILD,67.19999694824219,67.54000091552734,66.81999969482422,67.3499984741211,53.11471176147461,7754000
2020-02-20,GILD,67.26000213623047,67.36000061035156,66.0999984741211,67.0,52.83869934082031,8697200
2020-02-21,GILD,67.18000030517578,69.77999877929688,66.80999755859375,69.69999694824219,54.9680290222168,22478200
2020-02-24,GILD,73.88999938964844,74.5199966430664,71.58999633789062,72.9000015258789,57.49166488647461,42905000
2020-02-25,GILD,73.7300033569336,73.8499984741211,69.0199966430664,70.0999984741211,55.28348159790039,39199200
2020-02-26,GILD,71.31999969482422,75.47000122070312,70.72000122070312,74.69999694824219,58.91120147705078,35000500
2020-02-27,GILD,78.30999755859375,78.87999725341797,72.26000213623047,72.66000366210938,57.30237579345703,51482500
2020-02-28,GILD,70.16999816894531,71.08000183105469,66.62999725341797,69.36000061035156,54.69987487792969,33786900
2020-03-02,GILD,70.31999969482422,75.41000366210938,70.08000183105469,75.4000015258789,59.4632568359375,31113000
2020-03-03,GILD,74.2699966430664,74.81999969482422,71.51000213623047,74.20999908447266,58.52477264404297,24482000
2020-03-04,GILD,74.9000015258789,76.01000213623047,72.58999633789062,76.01000213623047,59.9443244934082,23741700
2020-03-05,GILD,75.0,77.5,74.52999877929688,76.12999725341797,60.03895950317383,22727600
2020-03-06,GILD,75.31999969482422,80.4000015258789,75.0999984741211,80.22000122070312,63.26449966430664,31704700
2020-03-09,GILD,77.91999816894531,78.19000244140625,73.08999633789062,73.5199966430664,57.98061752319336,32839400
2020-03-10,GILD,75.51000213623047,75.55999755859375,68.77999877929688,72.33999633789062,57.05003356933594,27660000
2020-03-11,GILD,73.9000015258789,75.37999725341797,72.77999877929688,73.69999694824219,58.1225700378418,32018600
2020-03-12,GILD,70.44000244140625,72.86000061035156,67.87999725341797,68.58000183105469,54.58841323852539,26364600
2020-03-13,GILD,71.93000030517578,72.0,67.5,70.75,56.31570053100586,30116100
2020-03-16,GILD,67.23999786376953,72.80000305175781,64.41000366210938,68.9000015258789,54.843135833740234,26764600
2020-03-17,GILD,70.0,76.08000183105469,69.0,74.5199966430664,59.3165283203125,28823700
2020-03-18,GILD,73.61000061035156,80.0,72.97000122070312,79.41999816894531,63.216854095458984,34965900
2020-03-19,GILD,80.9800033569336,85.97000122070312,78.29000091552734,78.55000305175781,62.524356842041016,46268200
2020-03-20,GILD,79.5,81.5999984741211,72.16999816894531,73.26000213623047,58.31361770629883,35110200
2020-03-23,GILD,75.30000305175781,75.30000305175781,68.86000061035156,72.61000061035156,57.79621505737305,19875200
2020-03-24,GILD,75.12999725341797,75.83000183105469,72.11000061035156,73.95999908447266,58.87078857421875,20608100
2020-03-25,GILD,73.87000274658203,74.48999786376953,69.33999633789062,69.66000366210938,55.44808578491211,24138100
2020-03-26,GILD,69.9000015258789,73.91000366210938,69.75,73.86000061035156,58.791194915771484,18351900
2020-03-27,GILD,73.70999908447266,75.38999938964844,71.91000366210938,72.8499984741211,57.987239837646484,16521600
2020-03-30,GILD,75.3499984741211,76.41999816894531,73.88999938964844,75.93000030517578,60.438873291015625,15929400
2020-03-31,GILD,75.94999694824219,76.33000183105469,73.79000091552734,74.76000213623047,59.50757598876953,12111900
2020-04-01,GILD,74.31999969482422,74.38999938964844,72.0,72.51000213623047,57.71662139892578,12177600
2020-04-02,GILD,71.80999755859375,77.4800033569336,71.37999725341797,76.9800033569336,61.27466583251953,20482100
2020-04-03,GILD,77.41000366210938,79.47000122070312,76.36000061035156,78.20999908447266,62.25370788574219,19421800
2020-04-06,GILD,79.23999786376953,79.6500015258789,75.87999725341797,77.7300033569336,61.871646881103516,19101100
2020-04-07,GILD,77.30000305175781,77.68000030517578,72.5,74.66999816894531,59.435951232910156,19917900
2020-04-08,GILD,74.7300033569336,75.12999725341797,73.56999969482422,74.98999786376953,59.69064712524414,12215400
2020-04-09,GILD,74.37000274658203,74.5999984741211,72.94999694824219,73.51000213623047,58.512611389160156,12798600
2020-04-13,GILD,75.80000305175781,76.0,73.72000122070312,75.27999877929688,59.921485900878906,16255600
2020-04-14,GILD,75.9800033569336,77.8499984741211,75.33999633789062,77.75,61.887569427490234,14379300
2020-04-15,GILD,76.16000366210938,76.58999633789062,74.47000122070312,74.62999725341797,59.40409469604492,11397400
2020-04-16,GILD,74.83999633789062,76.95999908447266,74.44999694824219,76.54000091552734,60.9244270324707,20935400
2020-04-17,GILD,85.16999816894531,85.79000091552734,81.01000213623047,83.98999786376953,66.8544921875,94348500
2020-04-20,GILD,82.98999786376953,85.18000030517578,80.6500015258789,81.26000213623047,64.68148040771484,31003600
2020-04-21,GILD,80.25,82.23999786376953,78.26000213623047,78.52999877929688,62.5084228515625,19989400
2020-04-22,GILD,79.58000183105469,81.55999755859375,78.80999755859375,81.30999755859375,64.72126770019531,13970300
2020-04-23,GILD,82.16999816894531,84.0,74.4000015258789,77.77999877929688,61.911441802978516,65439700
2020-04-24,GILD,77.0999984741211,80.1500015258789,76.25,79.63999938964844,63.3919792175293,24424200
2020-04-27,GILD,79.9000015258789,80.4000015258789,78.23999786376953,79.9000015258789,63.598915100097656,14640700
2020-04-28,GILD,79.88999938964844,80.06999969482422,78.08000183105469,78.66999816894531,62.61986541748047,9778200
2020-04-29,GILD,83.97000122070312,85.01000213623047,80.05000305175781,83.13999938964844,66.17790985107422,78230200
2020-04-30,GILD,85.47000122070312,85.66999816894531,81.33000183105469,84.0,66.86244201660156,39332600
2020-05-01,GILD,81.19999694824219,81.4000015258789,77.62000274658203,79.94999694824219,63.638736724853516,34498100
2020-05-04,GILD,81.62000274658203,81.76000213623047,79.19000244140625,80.25,63.87751007080078,19203000
2020-05-05,GILD,79.33000183105469,79.83000183105469,78.51000213623047,79.13999938964844,62.99396896362305,14925900
2020-05-06,GILD,78.9000015258789,79.36000061035156,77.26000213623047,77.47000122070312,61.66469192504883,12591900
2020-05-07,GILD,77.9000015258789,78.43000030517578,76.80999755859375,77.61000061035156,61.776123046875,13491700
2020-05-08,GILD,77.76000213623047,78.44000244140625,76.87000274658203,77.48999786376953,61.68060302734375,10539200
2020-05-11,GILD,77.7699966430664,80.91999816894531,77.62000274658203,80.80000305175781,64.31529235839844,13340500
2020-05-12,GILD,80.20999908447266,80.4800033569336,77.91000366210938,77.94999694824219,62.046756744384766,12140800
2020-05-13,GILD,79.30000305175781,79.3499984741211,76.9000015258789,77.05999755859375,61.338340759277344,11166300
2020-05-14,GILD,76.55000305175781,77.80999755859375,75.83000183105469,77.2300033569336,61.473655700683594,10711900
2020-05-15,GILD,76.47000122070312,76.8499984741211,75.44999694824219,76.26000213623047,60.701541900634766,12350800
2020-05-18,GILD,76.45999908447266,76.5,73.86000061035156,74.76000213623047,59.50757598876953,16586800
2020-05-19,GILD,73.66999816894531,74.8499984741211,72.30000305175781,72.33999633789062,57.58131790161133,14152000
2020-05-20,GILD,72.80999755859375,74.08999633789062,72.70999908447266,73.88999938964844,58.8150634765625,13429500
2020-05-21,GILD,73.47000122070312,73.93000030517578,72.88999938964844,73.5,58.504638671875,7193500
2020-05-22,GILD,73.08999633789062,73.48999786376953,72.70999908447266,73.33999633789062,58.377288818359375,6268500
2020-05-26,GILD,73.9800033569336,74.30000305175781,72.41000366210938,73.18000030517578,58.24992370605469,12308100
2020-05-27,GILD,72.37999725341797,74.9800033569336,72.37999725341797,74.9000015258789,59.61902618408203,11752300
2020-05-28,GILD,74.98999786376953,76.16999816894531,74.91000366210938,75.31999969482422,59.95332717895508,10511700
2020-05-29,GILD,75.7699966430664,78.12000274658203,74.61000061035156,77.83000183105469,61.95124053955078,24375100
2020-06-01,GILD,75.47000122070312,76.9000015258789,74.37999725341797,75.16000366210938,59.82597351074219,14665300
2020-06-02,GILD,74.37000274658203,74.63999938964844,72.95999908447266,73.26000213623047,58.31361770629883,16897900
2020-06-03,GILD,74.37999725341797,74.55000305175781,73.36000061035156,74.4000015258789,59.221046447753906,12654500
2020-06-04,GILD,74.12000274658203,78.18000030517578,73.94000244140625,77.54000091552734,61.72041320800781,14740900
2020-06-05,GILD,76.75,77.52999877929688,76.19999694824219,76.75,61.091590881347656,11047100
2020-06-08,GILD,79.30000305175781,79.30999755859375,76.7300033569336,76.97000122070312,61.266700744628906,17973400
2020-06-09,GILD,77.0,78.12999725341797,76.69000244140625,77.58999633789062,61.760215759277344,7804300
2020-06-10,GILD,77.80000305175781,78.38999938964844,76.87999725341797,77.06999969482422,61.34629440307617,7790800
2020-06-11,GILD,75.94000244140625,76.20999908447266,72.75,72.83999633789062,58.495391845703125,12098200
2020-06-12,GILD,73.33000183105469,73.72000122070312,71.91000366210938,73.19999694824219,58.784515380859375,8375600
2020-06-15,GILD,73.26000213623047,74.47000122070312,72.41000366210938,73.97000122070312,59.40288162231445,6411800
2020-06-16,GILD,74.58999633789062,75.66000366210938,73.69999694824219,74.62000274658203,59.92487335205078,9619700
2020-06-17,GILD,74.52999877929688,74.80999755859375,73.6500015258789,73.76000213623047,59.23421859741211,7534100
2020-06-18,GILD,73.38999938964844,74.18000030517578,73.01000213623047,74.04000091552734,59.45909118652344,5516100
2020-06-19,GILD,74.5199966430664,78.0,74.0999984741211,77.47000122070312,62.2136116027832,19322700
2020-06-22,GILD,76.4800033569336,76.75,75.04000091552734,75.66999816894531,60.768096923828125,8943000
2020-06-23,GILD,75.66999816894531,76.06999969482422,74.80999755859375,75.05000305175781,60.270198822021484,7117100
2020-06-24,GILD,74.9000015258789,76.05000305175781,74.7300033569336,75.93000030517578,60.97688293457031,7982000
2020-06-25,GILD,75.80000305175781,75.87999725341797,74.33000183105469,75.48999786376953,60.623538970947266,7172900
2020-06-26,GILD,75.0999984741211,75.37000274658203,73.7300033569336,74.56999969482422,59.88472366333008,10389200
2020-06-29,GILD,76.52999877929688,76.55999755859375,74.13999938964844,74.55999755859375,59.87668991088867,8775300
2020-06-30,GILD,74.33999633789062,77.16000366210938,73.91000366210938,76.94000244140625,61.787986755371094,9402600
2020-07-01,GILD,77.0999984741211,77.2300033569336,75.9000015258789,76.05999755859375,61.0812873840332,7786900
2020-07-02,GILD,76.30999755859375,77.08999633789062,75.6500015258789,76.3499984741211,61.31417465209961,6381000
2020-07-06,GILD,77.51000213623047,77.66000366210938,76.06999969482422,76.76000213623047,61.64342498779297,7056600
2020-07-07,GILD,76.48999786376953,76.95999908447266,76.30999755859375,76.41999816894531,61.37038803100586,5055700
2020-07-08,GILD,76.69999694824219,77.0,74.93000030517578,75.61000061035156,60.719905853271484,6293500
2020-07-09,GILD,75.11000061035156,75.83999633789062,73.94999694824219,74.70999908447266,59.99714660644531,5199800
2020-07-10,GILD,76.0999984741211,76.8499984741211,75.5199966430664,76.31999969482422,61.29007339477539,9553800
2020-07-13,GILD,76.5199966430664,78.33999633789062,75.94999694824219,76.68000030517578,61.57918167114258,9626600
2020-07-14,GILD,76.20999908447266,77.3499984741211,75.44000244140625,77.19000244140625,61.9887580871582,6904200
2019-06-03,GOOG,53.275001525878906,53.275001525878906,51.25,51.811500549316406,51.389591217041016,102612000
2019-06-04,GOOG,52.14500045776367,52.8025016784668,51.68450164794922,52.65250015258789,52.22374725341797,56670000
2019-06-05,GOOG,52.57699966430664,52.6775016784668,51.52450180053711,52.111000061035156,51.68666076660156,43368000
2019-06-06,GOOG,52.2495002746582,52.3745002746582,51.685001373291016,52.21699905395508,51.79179000854492,34064000
2019-06-07,GOOG,52.53150177001953,53.54600143432617,52.41999816894531,53.301998138427734,52.86796188354492,36048000
2019-06-10,GOOG,53.64899826049805,54.632999420166016,53.6161003112793,54.01900100708008,53.579124450683594,29284000
2019-06-11,GOOG,54.69900131225586,55.0994987487793,53.880149841308594,53.93600082397461,53.49679183959961,28734000
2019-06-12,GOOG,53.900001525878906,54.04650115966797,53.37699890136719,53.85150146484375,53.41297912597656,21220000
2019-06-13,GOOG,54.18199920654297,54.708499908447266,54.00749969482422,54.438499450683594,53.995201110839844,21154000
2019-06-14,GOOG,54.32099914550781,54.634498596191406,54.00859832763672,54.26750183105469,53.82560348510742,22230000
2019-06-17,GOOG,54.31399917602539,54.95899963378906,54.31399917602539,54.625,54.18018341064453,18832000
2019-06-18,GOOG,55.484500885009766,55.81949996948242,54.949501037597656,55.18000030517578,54.73066711425781,27734000
2019-06-19,GOOG,55.279998779296875,55.349998474121094,54.67399978637695,55.11650085449219,54.66768264770508,26776000
2019-06-20,GOOG,55.9995002746582,56.00600051879883,55.23699951171875,55.57099914550781,55.11848068237305,25240000
2019-06-21,GOOG,55.46200180053711,56.205501556396484,55.40399932861328,56.09400177001953,55.63722229003906,38952000
2019-06-24,GOOG,55.980499267578125,56.099998474121094,55.550498962402344,55.7760009765625,55.32181167602539,27912000
2019-06-25,GOOG,55.632999420166016,55.717498779296875,54.189998626708984,54.317501068115234,53.875186920166016,30938000
2019-06-26,GOOG,54.32500076293945,54.64849853515625,53.61199951171875,53.9900016784668,53.550357818603516,36218000
2019-06-27,GOOG,54.20000076293945,54.35499954223633,53.76449966430664,53.800498962402344,53.362396240234375,20086000
2019-06-28,GOOG,53.81949996948242,54.04999923706055,53.66849899291992,54.045501708984375,53.60540771484375,33864000
2019-07-01,GOOG,54.900001525878906,55.37900161743164,54.685150146484375,54.897499084472656,54.450462341308594,28726000
2019-07-02,GOOG,55.11199951171875,55.5885009765625,54.90850067138672,55.5625,55.110050201416016,19832000
2019-07-03,GOOG,55.87049865722656,56.3380012512207,55.69300079345703,56.07899856567383,55.622344970703125,15340000
2019-07-05,GOOG,55.88999938964844,56.64400100708008,55.80699920654297,56.579498291015625,56.1187629699707,25286000
2019-07-08,GOOG,56.25849914550781,56.29899978637695,55.56050109863281,55.817501068115234,55.36296844482422,24728000
2019-07-09,GOOG,55.59000015258789,56.401248931884766,55.35850143432617,56.24150085449219,55.78352355957031,26608000
2019-07-10,GOOG,56.56100082397461,57.102500915527344,56.548500061035156,57.02399826049805,56.55965042114258,24190000
2019-07-11,GOOG,57.162498474121094,57.653499603271484,56.979000091552734,57.21049880981445,56.744632720947266,23910000
2019-07-12,GOOG,57.199501037597656,57.367000579833984,56.93899917602539,57.244998931884766,56.778846740722656,17280000
2019-07-15,GOOG,57.34299850463867,57.54100036621094,56.970001220703125,57.516998291015625,57.04863739013672,18076000
2019-07-16,GOOG,57.29999923706055,57.92900085449219,57.25,57.67900085449219,57.209312438964844,24776000
2019-07-17,GOOG,57.548500061035156,57.917999267578125,57.28850173950195,57.317501068115234,56.85076141357422,23400000
2019-07-18,GOOG,57.08700180053711,57.3802490234375,56.63650131225586,57.31650161743164,56.84976577758789,25814000
2019-07-19,GOOG,57.40950012207031,57.55699920654297,56.48099899291992,56.505001068115234,56.04487991333008,32944000
2019-07-22,GOOG,56.67250061035156,56.962501525878906,56.21200180053711,56.903499603271484,56.440128326416016,26030000
2019-07-23,GOOG,57.20000076293945,57.345001220703125,56.59000015258789,57.31050109863281,56.843814849853516,21874000
2019-07-24,GOOG,56.595001220703125,57.20000076293945,56.3494987487793,56.890499114990234,56.42723083496094,31796000
2019-07-25,GOOG,56.89099884033203,57.084999084472656,56.04600143432617,56.60599899291992,56.145050048828125,44196000
2019-07-26,GOOG,61.20199966430664,63.27750015258789,61.20000076293945,62.52050018310547,62.01139450073242,96116000
2019-07-29,GOOG,62.0525016784668,62.368499755859375,61.4114990234375,61.97050094604492,61.46587371826172,44474000
2019-07-30,GOOG,61.27050018310547,61.743499755859375,61.165000915527344,61.25699996948242,60.758174896240234,29066000
2019-07-31,GOOG,61.150001525878906,61.70000076293945,60.38819885253906,60.83399963378906,60.338623046875,34510000
2019-08-01,GOOG,60.701499938964844,61.705501556396484,60.2859992980957,60.45050048828125,59.958248138427734,33970000
2019-08-02,GOOG,60.0369987487793,60.345001220703125,59.446998596191406,59.699501037597656,59.21335983276367,32902000
2019-08-05,GOOG,58.50199890136719,58.762001037597656,57.00699996948242,57.61600112915039,57.14682388305664,51950000
2019-08-06,GOOG,58.16550064086914,58.99800109863281,58.0,58.497501373291016,58.02115249633789,34188000
2019-08-07,GOOG,57.79999923706055,58.92224884033203,57.481201171875,58.699501037597656,58.22150421142578,28886000
2019-08-08,GOOG,59.14149856567383,60.2504997253418,58.6510009765625,60.2400016784668,59.74946212768555,29360000
2019-08-09,GOOG,59.89950180053711,60.194000244140625,59.18014907836914,59.4005012512207,58.91679763793945,21314000
2019-08-12,GOOG,58.96049880981445,59.24800109863281,58.38359832763672,58.73550033569336,58.25720977783203,20060000
2019-08-13,GOOG,58.573001861572266,60.23899841308594,58.573001861572266,59.86349868774414,59.37602996826172,25888000
2019-08-14,GOOG,58.81549835205078,59.1150016784668,58.027000427246094,58.214500427246094,57.74045944213867,31574000
2019-08-15,GOOG,58.17499923706055,58.79199981689453,58.105499267578125,58.362998962402344,57.88774108886719,24374000
2019-08-16,GOOG,58.977500915527344,59.13600158691406,58.59049987792969,58.880001068115234,58.40053939819336,26266000
2019-08-19,GOOG,59.50450134277344,60.3494987487793,59.50450134277344,59.92250061035156,59.434547424316406,24632000
2019-08-20,GOOG,59.76250076293945,59.803001403808594,59.105499267578125,59.134498596191406,58.65296173095703,18310000
2019-08-21,GOOG,59.657501220703125,59.95000076293945,59.371498107910156,59.5625,59.07748031616211,14814000
2019-08-22,GOOG,59.70349884033203,59.90060043334961,58.92900085449219,59.47650146484375,58.992183685302734,18950000
2019-08-23,GOOG,59.0994987487793,59.70399856567383,57.38750076293945,57.56449890136719,57.09575271606445,33740000
2019-08-26,GOOG,57.862998962402344,58.4734992980957,57.64799880981445,58.44449996948242,57.96858215332031,24522000
2019-08-27,GOOG,59.0265007019043,59.119998931884766,58.0724983215332,58.391998291015625,57.91650390625,21544000
2019-08-28,GOOG,58.08549880981445,58.82099914550781,57.8650016784668,58.55099868774414,58.074214935302734,16040000
2019-08-29,GOOG,59.055999755859375,59.803001403808594,59.055999755859375,59.64250183105469,59.15682601928711,21768000
2019-08-30,GOOG,59.92499923706055,59.92499923706055,59.19015121459961,59.404998779296875,58.92125701904297,22596000
2019-09-03,GOOG,58.85150146484375,59.34450149536133,58.15999984741211,58.419498443603516,57.94378662109375,29598000
2019-09-04,GOOG,58.83549880981445,59.17399978637695,58.54999923706055,59.070499420166016,58.58948516845703,21378000
2019-09-05,GOOG,59.576499938964844,60.652000427246094,59.576499938964844,60.569000244140625,60.07577896118164,28162000
2019-09-06,GOOG,60.40650177001953,60.60074996948242,60.1260986328125,60.246498107910156,59.75590515136719,21442000
2019-09-09,GOOG,60.20000076293945,61.0,59.63100051879883,60.22050094604492,59.73011779785156,29438000
2019-09-10,GOOG,59.75749969482422,60.5,59.729000091552734,60.29999923706055,59.808963775634766,25202000
2019-09-11,GOOG,60.170501708984375,61.130001068115234,60.11000061035156,61.00849914550781,60.51169967651367,26140000
2019-09-12,GOOG,61.21500015258789,62.09299850463867,61.1510009765625,61.712501525878906,61.20997619628906,34518000
2019-09-13,GOOG,61.567501068115234,62.04399871826172,61.35049819946289,61.97800064086914,61.47330856323242,26028000
2019-09-16,GOOG,61.47600173950195,61.97800064086914,61.28049850463867,61.564998626708984,61.06367111206055,21066000
2019-09-17,GOOG,61.52000045776367,61.75,61.18450164794922,61.45750045776367,60.95704650878906,19102000
2019-09-18,GOOG,61.3754997253418,61.78049850463867,60.826499938964844,61.62049865722656,61.118717193603516,22702000
2019-09-19,GOOG,61.60300064086914,62.22200012207031,61.60100173950195,61.93550109863281,61.431156158447266,19920000
2019-09-20,GOOG,61.65599822998047,62.16600036621094,61.15399932861328,61.496498107910156,60.995723724365234,45400000
2019-09-23,GOOG,61.29999923706055,61.954498291015625,61.208499908447266,61.701499938964844,61.19906234741211,21248000
2019-09-24,GOOG,62.0,62.33700180053711,60.534000396728516,60.9379997253418,60.441776275634766,31664000
2019-09-25,GOOG,60.79100036621094,62.415000915527344,60.50450134277344,62.32600021362305,61.818477630615234,29060000
2019-09-26,GOOG,62.097999572753906,62.25,61.613399505615234,62.06949996948242,61.564064025878906,30760000
2019-09-27,GOOG,62.1505012512207,62.20100021362305,60.72249984741211,61.25450134277344,60.755699157714844,27078000
2019-09-30,GOOG,61.048500061035156,61.29999923706055,60.6150016784668,60.95000076293945,60.453678131103516,28082000
2019-10-01,GOOG,60.95000076293945,61.561500549316406,60.17900085449219,60.255001068115234,59.76434326171875,25470000
2019-10-02,GOOG,59.8489990234375,59.8489990234375,58.56449890136719,58.83150100708008,58.35243225097656,32302000
2019-10-03,GOOG,59.0,59.452999114990234,58.121498107910156,59.39149856567383,58.90787124633789,32424000
2019-10-04,GOOG,59.59450149536133,60.571998596191406,59.458499908447266,60.45000076293945,59.9577522277832,23248000
2019-10-07,GOOG,60.220001220703125,60.91019821166992,60.1875,60.38399887084961,59.89228439331055,16858000
2019-10-08,GOOG,59.87950134277344,60.30400085449219,59.45050048828125,59.45650100708008,58.97234344482422,20786000
2019-10-09,GOOG,59.967498779296875,60.41749954223633,59.881500244140625,60.115501403808594,59.62596893310547,17354000
2019-10-10,GOOG,59.92900085449219,60.75,59.867000579833984,60.43349838256836,59.941383361816406,16932000
2019-10-11,GOOG,61.11050033569336,61.419498443603516,60.6870002746582,60.772499084472656,60.27762222290039,25454000
2019-10-14,GOOG,60.617000579833984,61.31650161743164,60.5880012512207,60.856998443603516,60.3614387512207,17350000
2019-10-15,GOOG,61.02000045776367,62.36650085449219,61.02000045776367,62.1505012512207,61.64440155029297,27634000
2019-10-16,GOOG,62.05849838256836,62.73699951171875,61.92250061035156,62.18199920654297,61.6756477355957,21892000
2019-10-17,GOOG,62.54650115966797,63.1662483215332,62.49700164794922,62.653499603271484,62.143310546875,19048000
2019-10-18,GOOG,62.67300033569336,62.94449996948242,62.05400085449219,62.27450180053711,61.767391204833984,27056000
2019-10-21,GOOG,62.612998962402344,62.731449127197266,62.029998779296875,62.307498931884766,61.80012512207031,20544000
2019-10-22,GOOG,62.39250183105469,62.529998779296875,62.069000244140625,62.13999938964844,61.63399124145508,20476000
2019-10-23,GOOG,62.11800003051758,62.99449920654297,62.11800003051758,62.95650100708008,62.44384002685547,18230000
2019-10-24,GOOG,63.04499816894531,63.20000076293945,62.68574905395508,63.04949951171875,62.53607940673828,20562000
2019-10-25,GOOG,62.55149841308594,63.47999954223633,62.5004997253418,63.256500244140625,62.74140167236328,24262000
2019-10-28,GOOG,63.772499084472656,64.96549987792969,63.62699890136719,64.5,63.97476577758789,52264000
2019-10-29,GOOG,63.811500549316406,64.07949829101562,62.860599517822266,63.13100051879883,62.61691665649414,37728000
2019-10-30,GOOG,62.64849853515625,63.46799850463867,62.599998474121094,63.06449890136719,62.550960540771484,28178000
2019-10-31,GOOG,63.06399917602539,63.38349914550781,62.54214859008789,63.00550079345703,62.4924430847168,29114000
2019-11-01,GOOG,63.25,63.73099899291992,63.025001525878906,63.6870002746582,63.16838455200195,33402000
2019-11-04,GOOG,63.8224983215332,64.70649719238281,63.8177490234375,64.56849670410156,64.0427017211914,30020000
2019-11-05,GOOG,64.64450073242188,64.94650268554688,64.56144714355469,64.60150146484375,64.07543182373047,25654000
2019-11-06,GOOG,64.4729995727539,64.6865005493164,64.125,64.58999633789062,64.06403350830078,23060000
2019-11-07,GOOG,64.71399688720703,66.18699645996094,64.71224975585938,65.44300079345703,64.91007995605469,40600000
2019-11-08,GOOG,65.26399993896484,65.9000015258789,65.21824645996094,65.56849670410156,65.03457641601562,25028000
2019-11-11,GOOG,65.15899658203125,65.32125091552734,64.87049865722656,64.95950317382812,64.43052673339844,20238000
2019-11-12,GOOG,65.0,65.5,64.78849792480469,64.94000244140625,64.41118621826172,21718000
2019-11-13,GOOG,64.70349884033203,65.21499633789062,64.67549896240234,64.9000015258789,64.37151336669922,16534000
2019-11-14,GOOG,64.875,65.8499984741211,64.78250122070312,65.572998046875,65.03903198242188,23870000
2019-11-15,GOOG,65.9469985961914,66.74400329589844,65.71399688720703,66.74349975585938,66.19999694824219,35652000
2019-11-18,GOOG,66.61100006103516,66.77645111083984,65.875,66.03500366210938,65.49728393554688,29748000
2019-11-19,GOOG,66.38500213623047,66.38500213623047,65.63999938964844,65.77300262451172,65.2374038696289,25384000
2019-11-20,GOOG,65.58699798583984,65.75,64.55750274658203,65.15249633789062,64.6219482421875,26172000
2019-11-21,GOOG,65.0739974975586,65.62950134277344,64.6500015258789,65.06749725341797,64.53765106201172,19910000
2019-11-22,GOOG,65.28099822998047,65.4365005493164,64.57050323486328,64.76699829101562,64.23960876464844,27714000
2019-11-25,GOOG,64.95899963378906,65.56549835205078,64.90650177001953,65.33450317382812,64.80245971679688,20724000
2019-11-26,GOOG,65.49299621582031,65.73999786376953,65.25450134277344,65.67749786376953,65.1426773071289,21394000
2019-11-27,GOOG,65.75,65.91799926757812,65.48149871826172,65.64949798583984,65.11491394042969,19912000
2019-11-29,GOOG,65.35600280761719,65.51024627685547,65.19850158691406,65.24800109863281,64.71668243408203,11740000
2019-12-02,GOOG,65.05000305175781,65.29149627685547,64.05000305175781,64.49600219726562,63.97081756591797,30218000
2019-12-03,GOOG,63.97850036621094,64.92304992675781,63.95000076293945,64.76399993896484,64.23661804199219,22876000
2019-12-04,GOOG,65.35050201416016,66.29000091552734,65.24349975585938,66.0270004272461,65.48934936523438,30750000
2019-12-05,GOOG,66.4000015258789,66.46790313720703,65.8219985961914,66.40650177001953,65.86573791503906,24254000
2019-12-06,GOOG,66.6719970703125,67.19999694824219,66.6719970703125,67.03099822998047,66.48514556884766,26296000
2019-12-09,GOOG,66.9020004272461,67.97250366210938,66.89199829101562,67.1780014038086,66.63096618652344,27086000
2019-12-10,GOOG,67.07499694824219,67.49874877929688,66.802001953125,67.23300170898438,66.68551635742188,21882000
2019-12-11,GOOG,67.54199981689453,67.55999755859375,67.13349914550781,67.2509994506836,66.703369140625,17008000
2019-12-12,GOOG,67.2969970703125,67.78874969482422,67.0250015258789,67.51349639892578,66.96372985839844,25620000
2019-12-13,GOOG,67.39749908447266,67.65464782714844,67.19349670410156,67.3915023803711,66.84273529052734,30992000
2019-12-16,GOOG,67.82499694824219,68.23400115966797,67.63349914550781,68.05850219726562,67.5042953491211,27946000
2019-12-17,GOOG,68.14450073242188,68.25,67.56614685058594,67.75599670410156,67.20425415039062,37080000
2019-12-18,GOOG,67.83000183105469,68.02349853515625,67.55000305175781,67.63099670410156,67.08026123046875,30452000
2019-12-19,GOOG,67.59100341796875,67.90499877929688,67.44924926757812,67.802001953125,67.24988555908203,29398000
2019-12-20,GOOG,68.1675033569336,68.18199920654297,67.44999694824219,67.47949981689453,66.93001556396484,66300000
2019-12-23,GOOG,67.79350280761719,67.98999786376953,67.32550048828125,67.44200134277344,66.89281463623047,17662000
2019-12-24,GOOG,67.42500305175781,67.51300048828125,67.13899993896484,67.1780014038086,66.63096618652344,6950000
2019-12-26,GOOG,67.30850219726562,68.06635284423828,67.22350311279297,68.0199966430664,67.46610260009766,13350000
2019-12-27,GOOG,68.14949798583984,68.22650146484375,67.46549987792969,67.59449768066406,67.0440673828125,20768000
2019-12-30,GOOG,67.5,67.6500015258789,66.70099639892578,66.80699920654297,66.26298522949219,21018000
2019-12-31,GOOG,66.50550079345703,66.9000015258789,66.4542465209961,66.85099792480469,66.30662536621094,19236000
2020-01-02,GOOG,67.07749938964844,68.40699768066406,67.07749938964844,68.36849975585938,67.81177520751953,28132000
2020-01-03,GOOG,67.39299774169922,68.625,67.2771987915039,68.03299713134766,67.47898864746094,23728000
2020-01-06,GOOG,67.5,69.82499694824219,67.5,69.71050262451172,69.1428451538086,34646000
2020-01-07,GOOG,69.89700317382812,70.14949798583984,69.51899719238281,69.66699981689453,69.09969329833984,30054000
2020-01-08,GOOG,69.60399627685547,70.5790023803711,69.54199981689453,70.21600341796875,69.64422607421875,30560000
2020-01-09,GOOG,71.02850341796875,71.36650085449219,70.51349639892578,70.99150085449219,70.41339874267578,30018000
2020-01-10,GOOG,71.37799835205078,71.74645233154297,70.9175033569336,71.48650360107422,70.90438842773438,36414000
2020-01-13,GOOG,71.80650329589844,72.0260009765625,71.3010025024414,71.96150207519531,71.3755111694336,33046000
2020-01-14,GOOG,71.95050048828125,72.08999633789062,71.41850280761719,71.54399871826172,70.96141052246094,31178000
2020-01-15,GOOG,71.510498046875,72.06974792480469,71.510498046875,71.95999908447266,71.37400817871094,25654000
2020-01-16,GOOG,72.37200164794922,72.59950256347656,72.0459976196289,72.58499908447266,71.99393463134766,23474000
2020-01-17,GOOG,73.14550018310547,74.06475067138672,72.91100311279297,74.01950073242188,73.41675567626953,47924000
2020-01-21,GOOG,73.95600128173828,74.59249877929688,73.55999755859375,74.22000122070312,73.61561584472656,40734000
2020-01-22,GOOG,74.55000305175781,75.16069793701172,74.24649810791016,74.29750061035156,73.69249725341797,32216000
2020-01-23,GOOG,74.38200378417969,74.7760009765625,74.1050033569336,74.3324966430664,73.72721099853516,27024000
2020-01-24,GOOG,74.67949676513672,74.77474975585938,73.26249694824219,73.33550262451172,72.73831176757812,35692000
2020-01-27,GOOG,71.55000305175781,71.90350341796875,71.05999755859375,71.69499969482422,71.11119842529297,35104000
2020-01-28,GOOG,72.1500015258789,72.80000305175781,71.62349700927734,72.62799835205078,72.03657531738281,31548000
2020-01-29,GOOG,72.94000244140625,73.27149963378906,72.33699798583984,72.93150329589844,72.33760833740234,21554000
2020-01-30,GOOG,71.99800109863281,72.86399841308594,71.81999969482422,72.79199981689453,72.19924926757812,26788000
2020-01-31,GOOG,73.44499969482422,73.50650024414062,71.42649841308594,71.71150207519531,71.1275405883789,48344000
2020-02-03,GOOG,73.0999984741211,74.5,72.94950103759766,74.2969970703125,73.6919937133789,60736000
2020-02-04,GOOG,72.85350036621094,73.4749984741211,71.31500244140625,72.35350036621094,71.76431274414062,78660000
2020-02-05,GOOG,73.12100219726562,73.19200134277344,71.52799987792969,72.4114990234375,71.82183837890625,39724000
2020-02-06,GOOG,72.5165023803711,74.0999984741211,72.47850036621094,73.8115005493164,73.21044921875,33588000
2020-02-07,GOOG,73.36499786376953,74.29199981689453,73.31749725341797,73.96150207519531,73.35922241210938,23446000
2020-02-10,GOOG,73.71600341796875,75.4749984741211,73.71600341796875,75.43399810791016,74.81973266601562,28398000
2020-02-11,GOOG,75.59049987792969,76.48149871826172,75.28189849853516,75.43949890136719,74.8251953125,26892000
2020-02-12,GOOG,75.7239990234375,76.03475189208984,75.40550231933594,75.91349792480469,75.29531860351562,23352000
2020-02-13,GOOG,75.6344985961914,76.35900115966797,75.2300033569336,75.73300170898438,75.11630249023438,18590000
2020-02-14,GOOG,75.77999877929688,76.03700256347656,75.36699676513672,76.03700256347656,75.41783142089844,23956000
2020-02-18,GOOG,75.75,76.58149719238281,75.62950134277344,75.9834976196289,75.36476135253906,22414000
2020-02-19,GOOG,76.25350189208984,76.60530090332031,76.06999969482422,76.33450317382812,75.71290588378906,18986000
2020-02-20,GOOG,76.0999984741211,76.48200225830078,75.34100341796875,75.90750122070312,75.28937530517578,21932000
2020-02-21,GOOG,75.40149688720703,75.61074829101562,74.02200317382812,74.25550079345703,73.65083312988281,34634000
2020-02-24,GOOG,71.30549621582031,71.84850311279297,70.56950378417969,71.07949829101562,70.50068664550781,57342000
2020-02-25,GOOG,71.6500015258789,71.90699768066406,69.12000274658203,69.42250061035156,68.85718536376953,49566000
2020-02-26,GOOG,69.80699920654297,70.78500366210938,68.94999694824219,69.65899658203125,69.09175109863281,44048000
2020-02-27,GOOG,68.10299682617188,68.58519744873047,65.8584976196289,65.90450286865234,65.36783599853516,59566000
2020-02-28,GOOG,63.875,67.05699920654297,63.54999923706055,66.96649932861328,66.42118835449219,75782000
2020-03-02,GOOG,67.58049774169922,69.54350280761719,66.34075164794922,69.45549774169922,68.88992309570312,48630000
2020-03-03,GOOG,69.97100067138672,70.50749969482422,66.5999984741211,67.06950378417969,66.52335357666016,48046000
2020-03-04,GOOG,67.96150207519531,69.40450286865234,67.15550231933594,69.32599639892578,68.76148223876953,38266000
2020-03-05,GOOG,67.51000213623047,67.94550323486328,65.25499725341797,65.9520034790039,65.41495513916016,51226000
2020-03-06,GOOG,63.85300064086914,65.31099700927734,63.0525016784668,64.92050170898438,64.39185333251953,53212000
2020-03-09,GOOG,60.26499938964844,62.737998962402344,60.0,60.77799987792969,60.28307342529297,67308000
2020-03-10,GOOG,63.0,64.05750274658203,60.938499450683594,64.01950073242188,63.4981803894043,52228000
2020-03-11,GOOG,62.48500061035156,63.04800033569336,59.80350112915039,60.77050018310547,60.275638580322266,52170000
2020-03-12,GOOG,56.29999923706055,59.69350051879883,55.665000915527344,55.74549865722656,55.291561126708984,84534000
2020-03-13,GOOG,58.95000076293945,60.987998962402344,55.85715103149414,60.98649978637695,60.48988342285156,74002000
2020-03-16,GOOG,54.79999923706055,57.61334991455078,53.72200012207031,54.21649932861328,53.77500915527344,85048000
2020-03-17,GOOG,54.65549850463867,56.542999267578125,52.800498962402344,55.9900016784668,55.5340690612793,77230000
2020-03-18,GOOG,52.82550048828125,55.32500076293945,51.86399841308594,54.84000015258789,54.3934326171875,84668000
2020-03-19,GOOG,54.65250015258789,57.89849853515625,53.005401611328125,55.76449966430664,55.310401916503906,73022000
2020-03-20,GOOG,56.7859992980957,57.199501037597656,53.27450180053711,53.61600112915039,53.17939758300781,72036000
2020-03-23,GOOG,53.066001892089844,53.566001892089844,50.67679977416992,52.83100128173828,52.40079879760742,80882000
2020-03-24,GOOG,55.188499450683594,56.75,54.53099822998047,56.722999572753906,56.261104583740234,66890000
2020-03-25,GOOG,56.32350158691406,57.44499969482422,54.300498962402344,55.1245002746582,54.67561721801758,81630000
2020-03-26,GOOG,55.59000015258789,58.49850082397461,54.67649841308594,58.087501525878906,57.6144905090332,71434000
2020-03-27,GOOG,56.28350067138672,57.53350067138672,55.295501708984375,55.535499572753906,55.0832633972168,64170000
2020-03-30,GOOG,56.25199890136719,57.58150100708008,54.82400131225586,57.340999603271484,56.87406921386719,51482000
2020-03-31,GOOG,57.3650016784668,58.765499114990234,56.90700149536133,58.140499114990234,57.667057037353516,49728000
2020-04-01,GOOG,56.099998474121094,56.484500885009766,54.872501373291016,55.28099822998047,54.83083724975586,46884000
2020-04-02,GOOG,54.91299819946289,56.34299850463867,54.81999969482422,56.04199981689453,55.58564758300781,39298000
2020-04-03,GOOG,55.950748443603516,56.176998138427734,53.990501403808594,54.89400100708008,54.446990966796875,46268000
2020-04-06,GOOG,56.900001525878906,59.733001708984375,56.547000885009766,59.34600067138672,58.862735748291016,53294000
2020-04-07,GOOG,61.04999923706055,61.25,59.11149978637695,59.32550048828125,58.8424072265625,47746000
2020-04-08,GOOG,60.32500076293945,60.95349884033203,59.40800094604492,60.513999938964844,60.0212287902832,39502000
2020-04-09,GOOG,61.20399856567383,61.278499603271484,59.83675003051758,60.5724983215332,60.07925033569336,43508000
2020-04-13,GOOG,60.45899963378906,61.0255012512207,59.37990188598633,60.87799835205078,60.382259368896484,34796000
2020-04-14,GOOG,62.25450134277344,64.10350036621094,61.846500396728516,63.46149826049805,62.94472885131836,49408000
2020-04-15,GOOG,62.28049850463867,64.02300262451172,62.02000045776367,63.12350082397461,62.60947799682617,33434000
2020-04-16,GOOG,63.70500183105469,63.95000076293945,62.13100051879883,63.173500061035156,62.65907287597656,50362000
2020-04-17,GOOG,64.24250030517578,64.72149658203125,63.561500549316406,64.1624984741211,63.64002227783203,38980000
2020-04-20,GOOG,63.54999923706055,64.08000183105469,63.06850051879883,63.330501556396484,62.81480026245117,33910000
2020-04-21,GOOG,62.349998474121094,62.7135009765625,60.48550033569336,60.81700134277344,60.32176208496094,43060000
2020-04-22,GOOG,62.277000427246094,64.28064727783203,62.099998474121094,63.160499572753906,62.64617919921875,41848000
2020-04-23,GOOG,63.57749938964844,64.66549682617188,63.28350067138672,63.81549835205078,63.29584503173828,31324000
2020-04-24,GOOG,63.05849838256836,64.0199966430664,62.47249984741211,63.96549987792969,63.444618225097656,32792000
2020-04-27,GOOG,64.80000305175781,64.80750274658203,63.45000076293945,63.79399871826172,63.27451705932617,32012000
2020-04-28,GOOG,64.39649963378906,64.40249633789062,61.61000061035156,61.68349838256836,61.18120193481445,59026000
2020-04-29,GOOG,67.072998046875,67.99949645996094,66.26699829101562,67.0739974975586,66.52781677246094,75872000
2020-04-30,GOOG,66.24400329589844,67.64099884033203,66.12449645996094,67.43299865722656,66.88388061523438,53378000
2020-05-01,GOOG,66.42500305175781,67.60350036621094,65.55000305175781,66.03050231933594,65.4927978515625,41450000
2020-05-04,GOOG,65.4114990234375,66.38300323486328,64.94999694824219,66.33999633789062,65.7997817993164,30080000
2020-05-05,GOOG,66.89600372314453,68.6969985961914,66.87300109863281,67.55549621582031,67.00538635253906,33030000
2020-05-06,GOOG,68.08450317382812,68.55599975585938,67.364501953125,67.36499786376953,66.81643676757812,24308000
2020-05-07,GOOG,68.2969970703125,68.87999725341797,67.76349639892578,68.62799835205078,68.06915283203125,27952000
2020-05-08,GOOG,69.15650177001953,69.93800354003906,68.77400207519531,69.41850280761719,68.85322570800781,27738000
2020-05-11,GOOG,68.91400146484375,70.82649993896484,68.85759735107422,70.16300201416016,69.59165954589844,28242000
2020-05-12,GOOG,70.35600280761719,70.75,68.7385025024414,68.78700256347656,68.22686767578125,27812000
2020-05-13,GOOG,68.85250091552734,69.27410125732422,66.41999816894531,67.46649932861328,66.91710662841797,36252000
2020-05-14,GOOG,66.7509994506836,67.87100219726562,66.19550323486328,67.80650329589844,67.25434875488281,32062000
2020-05-15,GOOG,67.5,68.7239990234375,66.94999694824219,68.65950012207031,68.10041046142578,34154000
2020-05-18,GOOG,68.0875015258789,69.61624908447266,67.7125015258789,69.1969985961914,68.63352966308594,36448000
2020-05-19,GOOG,69.349853515625,69.5999984741211,68.67424774169922,68.67424774169922,68.11502838134766,25612000
2020-05-20,GOOG,69.47899627685547,70.52100372314453,69.36250305175781,70.33599853515625,69.76325225830078,33108000
2020-05-21,GOOG,70.4000015258789,70.77449798583984,69.67250061035156,70.13999938964844,69.56884765625,27700000
2020-05-22,GOOG,69.83550262451172,70.63800048828125,69.59149932861328,70.52100372314453,69.94673919677734,26188000
2020-05-26,GOOG,71.8635025024414,72.05000305175781,70.60649871826172,70.85099792480469,70.27405548095703,41212000
2020-05-27,GOOG,70.86250305175781,71.08699798583984,69.56449890136719,70.89199829101562,70.3147201538086,33716000
2020-05-28,GOOG,69.84300231933594,72.04199981689453,69.80000305175781,70.83650207519531,70.25965881347656,33844000
2020-05-29,GOOG,70.84700012207031,71.62850189208984,70.6675033569336,71.44599914550781,70.86422729492188,36418000
2020-06-01,GOOG,70.91950225830078,71.89800262451172,70.9000015258789,71.59100341796875,71.00802612304688,24342000
2020-06-02,GOOG,71.52749633789062,71.98049926757812,70.94149780273438,71.96099853515625,71.37500762939453,25562000
2022-12-06,GS,369.4800109863281,370.3699951171875,360.3299865722656,362.9100036621094,334.8109436035156,3081900
2022-12-07,GS,362.489990234375,365.29998779296875,358.1499938964844,359.9200134277344,332.05242919921875,2128200
2022-12-08,GS,362.0299987792969,362.5899963378906,356.05999755859375,358.0799865722656,330.35491943359375,1967800
2022-12-09,GS,356.7099914550781,361.6400146484375,356.2099914550781,359.1400146484375,331.3328552246094,1588800
2022-12-12,GS,358.57000732421875,364.010009765625,356.3399963378906,363.17999267578125,335.0600280761719,1750400
2022-12-13,GS,374.6300048828125,378.55999755859375,365.510009765625,368.69000244140625,340.1434326171875,3062600
2022-12-14,GS,367.010009765625,368.8299865722656,359.45001220703125,360.3800048828125,332.476806640625,2519700
2022-12-15,GS,354.4800109863281,356.1099853515625,347.94000244140625,349.8299865722656,322.74371337890625,3163700
2022-12-16,GS,345.0799865722656,347.7799987792969,343.4100036621094,346.3500061035156,319.5331115722656,5008800
2022-12-19,GS,346.2699890136719,348.3999938964844,342.6300048828125,344.6099853515625,317.92779541015625,1646700
2022-12-20,GS,345.989990234375,347.4200134277344,343.489990234375,344.489990234375,317.817138671875,1623000
2022-12-21,GS,348.260009765625,350.8800048828125,346.8900146484375,350.1600036621094,323.048095703125,1923100
2022-12-22,GS,347.1600036621094,348.04998779296875,339.8800048828125,345.5799865722656,318.8227233886719,1528900
2022-12-23,GS,344.8399963378906,347.760009765625,343.1099853515625,345.510009765625,318.7582092285156,1062000
2022-12-27,GS,346.510009765625,347.75,341.7900085449219,341.9700012207031,315.4922790527344,1035000
2022-12-28,GS,340.5,342.8500061035156,339.29998779296875,340.8699951171875,314.4774475097656,1117200
2022-12-29,GS,342.44000244140625,344.6400146484375,341.239990234375,343.42999267578125,316.83917236328125,1273600
2022-12-30,GS,341.739990234375,343.69000244140625,339.3999938964844,343.3800048828125,316.79302978515625,1031400
2023-01-03,GS,345.5,348.6000061035156,342.80999755859375,346.2200012207031,319.4132080078125,1589700
2023-01-04,GS,348.0299987792969,350.30999755859375,345.0799865722656,347.70001220703125,320.77862548828125,1881000
2023-01-05,GS,344.25,345.1400146484375,340.1400146484375,343.760009765625,317.1436462402344,1397800
2023-01-06,GS,347.29998779296875,349.0,340.95001220703125,348.0799865722656,321.1291809082031,3097800
2023-01-09,GS,351.8800048828125,356.5,349.5,353.0,325.6681823730469,1989000
2023-01-10,GS,352.6400146484375,357.5,350.5,357.3599853515625,329.6906433105469,1610100
2023-01-11,GS,358.8699951171875,365.5,356.2099914550781,364.4800109863281,336.2593688964844,2127000
2023-01-12,GS,366.239990234375,370.1000061035156,362.57000732421875,369.94000244140625,341.296630859375,2103100
2023-01-13,GS,363.489990234375,374.3500061035156,362.3599853515625,374.0,345.04229736328125,3310200
2023-01-17,GS,364.79998779296875,366.7900085449219,344.0,349.9200134277344,322.8267517089844,14448300
2023-01-18,GS,348.32000732421875,354.7900085449219,347.79998779296875,349.0899963378906,322.06097412109375,5585200
2023-01-19,GS,346.0299987792969,352.1600036621094,345.5199890136719,350.75,323.5924377441406,3100400
2023-01-20,GS,349.8699951171875,352.25,338.2099914550781,341.8399963378906,315.37237548828125,11247200
2023-01-23,GS,341.6700134277344,349.55999755859375,336.1600036621094,349.1400146484375,322.107177734375,4915700
2023-01-24,GS,340.0,350.29998779296875,340.0,348.3299865722656,321.35986328125,2372000
2023-01-25,GS,344.75,349.9599914550781,343.8999938964844,349.6300048828125,322.5591735839844,1985200
2023-01-26,GS,351.7300109863281,355.0,349.5199890136719,354.9700012207031,327.4856872558594,1919200
2023-01-27,GS,351.95001220703125,355.989990234375,351.8299865722656,353.70001220703125,326.31402587890625,2427400
2023-01-30,GS,353.2900085449219,362.3299865722656,352.3999938964844,357.4599914550781,329.782958984375,3184500
2023-01-31,GS,359.1600036621094,365.9200134277344,356.8599853515625,365.80999755859375,337.4864196777344,2311500
2023-02-01,GS,359.1000061035156,368.94000244140625,358.760009765625,365.7099914550781,337.3941345214844,2889400
2023-02-02,GS,368.0,372.8900146484375,364.54998779296875,369.4700012207031,340.8630065917969,2619600
2023-02-03,GS,365.6199951171875,374.57000732421875,365.44000244140625,369.95001220703125,341.305908203125,2243100
2023-02-06,GS,369.0,371.260009765625,365.7799987792969,370.79998779296875,342.0899963378906,1816200
2023-02-07,GS,368.1700134277344,376.30999755859375,367.3399963378906,374.3999938964844,345.4112548828125,2205500
2023-02-08,GS,372.9200134277344,378.3500061035156,371.9800109863281,375.1000061035156,346.05706787109375,1893200
2023-02-09,GS,377.0400085449219,379.67999267578125,367.79998779296875,367.989990234375,339.4975891113281,2052500
2023-02-10,GS,367.0,372.2300109863281,364.55999755859375,371.2799987792969,342.53289794921875,1933400
2023-02-13,GS,369.0899963378906,375.05999755859375,368.0,374.0199890136719,345.06072998046875,1570600
2023-02-14,GS,373.94000244140625,377.04998779296875,369.3800048828125,371.7799987792969,342.9941711425781,2155500
2023-02-15,GS,368.739990234375,374.3699951171875,368.25,374.3399963378906,345.35589599609375,1687200
2023-02-16,GS,370.75,374.25,368.79998779296875,370.20001220703125,341.5364990234375,1947800
2023-02-17,GS,368.04998779296875,371.05999755859375,366.8599853515625,368.5,339.9681091308594,1857300
2023-02-21,GS,366.7200012207031,366.7200012207031,360.0899963378906,361.1199951171875,333.1595458984375,2403000
2023-02-22,GS,361.6300048828125,363.0,358.0400085449219,360.8900146484375,332.9473876953125,2203800
2023-02-23,GS,363.20001220703125,367.8800048828125,359.6099853515625,363.5400085449219,335.3922119140625,1931400
2023-02-24,GS,360.1700134277344,365.17999267578125,359.5299987792969,363.8500061035156,335.67822265625,2428600
2023-02-27,GS,368.2200012207031,370.29998779296875,364.510009765625,365.5299987792969,337.2280578613281,2842400
2023-02-28,GS,366.0,366.010009765625,351.3299865722656,351.6499938964844,324.4226989746094,4945600
2023-03-01,GS,349.3900146484375,352.5400085449219,345.9599914550781,346.2300109863281,321.70953369140625,2717400
2023-03-02,GS,343.989990234375,349.7799987792969,340.489990234375,349.1000061035156,324.37628173828125,3259800
2023-03-03,GS,350.6400146484375,357.7699890136719,349.55999755859375,357.0899963378906,331.8004455566406,2396200
2023-03-06,GS,358.05999755859375,358.8599853515625,353.7300109863281,357.04998779296875,331.7632751464844,1614200
2023-03-07,GS,355.54998779296875,356.20001220703125,345.6300048828125,346.0799865722656,321.5701904296875,2048500
2023-03-08,GS,346.19000244140625,349.69000244140625,345.1700134277344,349.2900085449219,324.5528564453125,1584600
2023-03-09,GS,349.20001220703125,354.2900085449219,341.04998779296875,342.0899963378906,317.86279296875,3177800
2023-03-10,GS,338.8699951171875,339.92999267578125,326.0299987792969,327.6700134277344,304.4639892578125,4559700
2023-03-13,GS,319.6700134277344,326.1099853515625,314.5400085449219,315.510009765625,293.1651916503906,5660700
2023-03-14,GS,324.7699890136719,326.3800048828125,318.95001220703125,322.1499938964844,299.3349304199219,3785900
2023-03-15,GS,310.7699890136719,312.510009765625,304.4100036621094,312.19000244140625,290.080322265625,6596700
2023-03-16,GS,309.0,318.32000732421875,304.9200134277344,315.0899963378906,292.7749328613281,4399100
2023-03-17,GS,310.0899963378906,310.3999938964844,301.8699951171875,303.5400085449219,282.04296875,6369800
2023-03-20,GS,306.7799987792969,312.20001220703125,306.260009765625,309.5299987792969,287.6086730957031,3963700
2023-03-21,GS,317.6199951171875,320.32000732421875,315.3500061035156,317.2799987792969,294.809814453125,3242400
2023-03-22,GS,317.2799987792969,322.2200012207031,313.489990234375,313.6700134277344,291.4555358886719,2505900
2023-03-23,GS,315.2099914550781,321.3599853515625,312.6400146484375,314.8500061035156,292.55194091796875,2585900
2023-03-24,GS,310.1499938964844,312.75,305.3599853515625,312.57000732421875,290.4334411621094,2456700
2023-03-27,GS,318.6199951171875,320.8999938964844,317.1700134277344,318.5299987792969,295.9713439941406,2300600
2023-03-28,GS,319.0899963378906,320.6099853515625,316.1199951171875,318.44000244140625,295.8876647949219,1224300
2023-03-29,GS,322.5,322.7099914550781,318.67999267578125,320.7200012207031,298.0061950683594,1475900
2023-03-30,GS,324.55999755859375,324.8699951171875,319.8800048828125,321.1400146484375,298.3964538574219,1456300
2023-03-31,GS,323.4700012207031,327.3299865722656,322.4200134277344,327.1099853515625,303.94366455078125,2281100
2023-04-03,GS,326.1400146484375,328.9800109863281,323.1499938964844,326.5199890136719,303.3954162597656,1808800
2023-04-04,GS,326.82000732421875,326.8699951171875,320.1199951171875,322.6499938964844,299.799560546875,1536800
2023-04-05,GS,319.6199951171875,322.20001220703125,319.3699951171875,321.5299987792969,298.75885009765625,1329300
2023-04-06,GS,320.3800048828125,323.2300109863281,319.9800109863281,322.3999938964844,299.5672302246094,1311000
2023-04-10,GS,322.3999938964844,324.989990234375,321.30999755859375,324.9599914550781,301.9459228515625,1114400
2023-04-11,GS,326.04998779296875,329.20001220703125,323.6700134277344,327.3699951171875,304.18524169921875,1559600
2023-04-12,GS,331.7200012207031,332.07000732421875,327.17999267578125,330.239990234375,306.85198974609375,1862400
2023-04-13,GS,330.0799865722656,332.94000244140625,327.0,332.1300048828125,308.608154296875,1765500
2023-04-14,GS,336.5299987792969,339.6300048828125,334.32000732421875,336.9200134277344,313.0589294433594,2275700
2023-04-17,GS,336.0,340.45001220703125,333.67999267578125,339.67999267578125,315.62347412109375,3012100
2023-04-18,GS,328.0,336.54998779296875,326.1300048828125,333.9100036621094,310.26214599609375,7549500
2023-04-19,GS,332.9800109863281,336.989990234375,331.6700134277344,336.8900146484375,313.03106689453125,2625400
2023-04-20,GS,334.95001220703125,339.30999755859375,334.32000732421875,338.7099914550781,314.72210693359375,2217900
2023-04-21,GS,339.0,342.3599853515625,336.0,341.6600036621094,317.46319580078125,2278900
2023-04-24,GS,341.989990234375,345.05999755859375,341.5299987792969,343.9599914550781,319.6003112792969,1966300
2023-04-25,GS,341.0,343.4700012207031,338.3299865722656,339.4800109863281,315.4375915527344,2138200
2023-04-26,GS,337.5799865722656,340.6000061035156,334.6400146484375,336.55999755859375,312.7243957519531,2041900
2023-04-27,GS,340.1400146484375,343.3599853515625,338.760009765625,341.6000061035156,317.407470703125,1768200
2023-04-28,GS,340.04998779296875,344.1000061035156,339.70001220703125,343.44000244140625,319.1171569824219,1714100
2023-05-01,GS,344.04998779296875,347.4599914550781,340.3699951171875,340.57000732421875,316.45050048828125,1375000
2023-05-02,GS,339.010009765625,339.8900146484375,330.0,333.3699951171875,309.76031494140625,2397600
2023-05-03,GS,332.3599853515625,334.8299865722656,328.25,328.6499938964844,305.3746032714844,1825400
2023-05-04,GS,325.95001220703125,326.9800109863281,318.55999755859375,321.260009765625,298.5079345703125,2965100
2023-05-05,GS,325.05999755859375,327.8699951171875,322.4200134277344,327.0199890136719,303.8600158691406,2413400
2023-05-08,GS,329.6400146484375,330.29998779296875,325.6700134277344,326.510009765625,303.38616943359375,1607300
2023-05-09,GS,325.0400085449219,327.17999267578125,323.29998779296875,324.7699890136719,301.7693786621094,1253300
2023-05-10,GS,329.9200134277344,329.9200134277344,319.0799865722656,322.54998779296875,299.7066345214844,1752200
2023-05-11,GS,319.6600036621094,321.94000244140625,318.17999267578125,320.7200012207031,298.0061950683594,1515200
2023-05-12,GS,322.0400085449219,323.2200012207031,317.32000732421875,319.5,296.87261962890625,1099100
2023-05-15,GS,320.4200134277344,323.25,318.05999755859375,322.07000732421875,299.2605895996094,1178200
2023-05-16,GS,322.5,323.07000732421875,320.5,320.80999755859375,298.0898132324219,1618900
2023-05-17,GS,322.6600036621094,330.3900146484375,322.6600036621094,330.17999267578125,306.7962341308594,2098100
2023-05-18,GS,330.0,330.6000061035156,325.6600036621094,329.5799865722656,306.2387390136719,1645400
2023-05-19,GS,330.0,331.95001220703125,324.7900085449219,326.1499938964844,303.05169677734375,1546100
2023-05-22,GS,326.1499938964844,327.3399963378906,322.42999267578125,324.9200134277344,301.9087829589844,1498900
2023-05-23,GS,323.6000061035156,327.1400146484375,322.80999755859375,323.57000732421875,300.65435791015625,1550900
2023-05-24,GS,320.3900146484375,321.8999938964844,318.79998779296875,319.80999755859375,297.16064453125,1439100
2023-05-25,GS,318.9200134277344,325.17999267578125,318.79998779296875,323.8800048828125,300.9423828125,1618500
2023-05-26,GS,324.7200012207031,332.8699951171875,324.0,332.010009765625,308.49664306640625,2718700
2023-05-30,GS,332.0799865722656,332.5299987792969,327.7300109863281,330.8299865722656,307.4002380371094,1998600
2023-05-31,GS,326.07000732421875,327.25,321.82000732421875,323.8999938964844,303.2525939941406,2938000
2023-06-01,GS,324.510009765625,324.67999267578125,314.0199890136719,316.3999938964844,296.230712890625,3339700
2023-06-02,GS,318.239990234375,325.2699890136719,317.04998779296875,323.6499938964844,303.01849365234375,3987700
2023-06-05,GS,322.92999267578125,323.489990234375,320.32000732421875,321.80999755859375,301.2958068847656,1462900
2023-06-06,GS,322.42999267578125,328.07000732421875,321.3999938964844,326.79998779296875,305.9677429199219,1495600
2023-06-07,GS,327.6400146484375,337.8399963378906,326.32000732421875,335.75,314.3471984863281,3382700
2023-06-08,GS,335.3599853515625,336.3299865722656,331.3399963378906,335.4700012207031,314.08502197265625,2009500
2023-06-09,GS,335.2099914550781,336.20001220703125,332.5400085449219,336.0199890136719,314.6000061035156,1702100
2023-06-12,GS,338.44000244140625,340.0899963378906,336.3500061035156,339.489990234375,317.8487854003906,2290800
2023-06-13,GS,340.20001220703125,345.2799987792969,339.45001220703125,342.5,320.66693115234375,1772400
2023-06-14,GS,344.7799987792969,347.7300109863281,337.2300109863281,338.4200134277344,316.8470458984375,1819400
2023-06-15,GS,337.32000732421875,344.0,335.70001220703125,339.739990234375,318.0828552246094,3322700
2023-06-16,GS,341.3800048828125,341.3999938964844,337.1099853515625,338.30999755859375,316.7440185546875,4544900
2023-06-20,GS,335.32000732421875,335.3800048828125,329.2300109863281,330.7200012207031,309.6378479003906,3208100
2023-06-21,GS,328.45001220703125,330.0,324.9200134277344,325.07000732421875,304.3480529785156,2158700
2023-06-22,GS,323.69000244140625,324.260009765625,319.010009765625,319.5799865722656,299.2079772949219,2409100
2023-06-23,GS,316.55999755859375,317.7099914550781,314.07000732421875,314.7099914550781,294.6484375,2612000
2023-06-26,GS,315.1300048828125,316.6400146484375,312.1700134277344,312.3599853515625,292.4482116699219,2481000
2023-06-27,GS,312.4100036621094,315.67999267578125,310.55999755859375,313.45001220703125,293.46875,2156800
2023-06-28,GS,311.7200012207031,314.8999938964844,310.69000244140625,313.6600036621094,293.6653747558594,2423500
2023-06-29,GS,317.8500061035156,325.5,316.25,323.0899963378906,302.4942932128906,3553600
2023-06-30,GS,325.82000732421875,326.0299987792969,322.45001220703125,322.5400085449219,301.9793395996094,2361800
2023-07-03,GS,322.4100036621094,329.3999938964844,322.4100036621094,326.6099853515625,305.7898254394531,1106800
2023-07-05,GS,323.95001220703125,324.6099853515625,319.6300048828125,320.04998779296875,299.64794921875,2561000
2023-07-06,GS,318.0,318.6400146484375,312.8399963378906,313.0,293.0474548339844,2896900
2023-07-07,GS,313.20001220703125,317.3699951171875,312.70001220703125,315.1700134277344,295.0791320800781,2903100
2023-07-10,GS,316.6700134277344,320.0799865722656,316.0,316.4700012207031,296.2962646484375,1775800
2023-07-11,GS,318.8299865722656,321.0400085449219,314.5799865722656,320.8800048828125,300.42510986328125,2041700
2023-07-12,GS,324.5799865722656,333.3500061035156,324.25,326.3999938964844,305.59320068359375,2741300
2023-07-13,GS,327.3500061035156,329.2799987792969,325.69000244140625,328.67999267578125,307.7279052734375,2787800
2023-07-14,GS,331.989990234375,332.4800109863281,325.0199890136719,326.19000244140625,305.3966369628906,1815200
2023-07-17,GS,325.8900146484375,327.489990234375,324.3599853515625,327.20001220703125,306.34228515625,1777400
2023-07-18,GS,327.29998779296875,338.25,327.29998779296875,337.2699890136719,315.7702941894531,3887400
2023-07-19,GS,338.0,345.8800048828125,331.29998779296875,340.54998779296875,318.8411865234375,6037400
2023-07-20,GS,339.1600036621094,351.67999267578125,339.1600036621094,350.8599853515625,328.49395751953125,3915000
2023-07-21,GS,351.7799987792969,355.0799865722656,346.7799987792969,351.9599914550781,329.52386474609375,3217400
2023-07-24,GS,352.8299865722656,361.6199951171875,352.0,358.92999267578125,336.049560546875,3517500
2023-07-25,GS,357.4200134277344,360.82000732421875,353.9800109863281,354.70001220703125,332.0892639160156,2893000
2023-07-26,GS,354.489990234375,360.260009765625,354.2799987792969,357.55999755859375,334.76690673828125,2281600
2023-07-27,GS,358.1300048828125,360.5400085449219,354.1700134277344,354.510009765625,331.91131591796875,2010800
2023-07-28,GS,356.1099853515625,356.5,351.6099853515625,353.2300109863281,330.7129211425781,1827400
2023-07-31,GS,354.8800048828125,357.20001220703125,354.0199890136719,355.8699951171875,333.18463134765625,1385500
2023-08-01,GS,354.0,357.8699951171875,353.3900146484375,357.7200012207031,334.9167175292969,2024300
2023-08-02,GS,354.989990234375,354.989990234375,348.8699951171875,351.1000061035156,328.7187194824219,2106600
2023-08-03,GS,349.989990234375,355.2099914550781,348.6199951171875,353.1600036621094,330.64739990234375,1840400
2023-08-04,GS,353.3399963378906,358.7300109863281,352.510009765625,353.2200012207031,330.7035827636719,1725300
2023-08-07,GS,355.3999938964844,357.6700134277344,353.9200134277344,355.55999755859375,332.8944396972656,1260300
2023-08-08,GS,351.70001220703125,352.0,342.0299987792969,348.260009765625,326.0597839355469,1917300
2023-08-09,GS,346.82000732421875,348.4599914550781,342.489990234375,342.69000244140625,320.8448181152344,1326000
2023-08-10,GS,344.07000732421875,347.260009765625,339.79998779296875,340.3999938964844,318.7007751464844,1345900
2023-08-11,GS,339.92999267578125,341.7900085449219,337.54998779296875,340.7300109863281,319.00970458984375,1256800
2023-08-14,GS,337.4100036621094,338.45001220703125,334.8599853515625,337.739990234375,316.2103271484375,1347000
2023-08-15,GS,333.29998779296875,334.0299987792969,330.4800109863281,332.2099914550781,311.03289794921875,1657800
2023-08-16,GS,330.5400085449219,332.9200134277344,328.9700012207031,329.1099853515625,308.13043212890625,3340300
2023-08-17,GS,330.0,333.989990234375,324.0,327.5199890136719,306.641845703125,3135200
2023-08-18,GS,324.32000732421875,327.6199951171875,323.20001220703125,324.92999267578125,304.2169494628906,1730500
2023-08-21,GS,325.3900146484375,326.3900146484375,319.3900146484375,322.05999755859375,301.5299072265625,1983500
2023-08-22,GS,322.4800109863281,322.6400146484375,318.30999755859375,318.7900085449219,298.4683837890625,1810300
2023-08-23,GS,320.6199951171875,322.45001220703125,318.0,322.3299865722656,301.78265380859375,1429000
2023-08-24,GS,322.1499938964844,327.489990234375,319.510009765625,319.9599914550781,299.563720703125,1185600
2023-08-25,GS,320.79998779296875,322.7200012207031,318.19000244140625,320.1499938964844,299.74163818359375,1159600
2023-08-28,GS,321.3399963378906,326.6000061035156,321.3399963378906,325.9700012207031,305.1905822753906,1440100
2023-08-29,GS,325.55999755859375,332.70001220703125,324.67999267578125,332.54998779296875,311.3511962890625,1831700
2023-08-30,GS,330.0,331.9100036621094,327.6499938964844,328.5799865722656,310.1994323730469,1131500
2023-08-31,GS,329.4100036621094,330.489990234375,325.9599914550781,327.7099914550781,309.3781433105469,1271100
2023-09-01,GS,329.6700134277344,331.6199951171875,326.2099914550781,327.3999938964844,309.0854187011719,1201400
2023-09-05,GS,327.3399963378906,328.4800109863281,322.6300048828125,323.75,305.6396179199219,1846000
2023-09-06,GS,322.30999755859375,324.1400146484375,319.30999755859375,321.1300048828125,303.1661682128906,2120800
2023-09-07,GS,320.6199951171875,324.2200012207031,320.1300048828125,321.9599914550781,303.9497375488281,1471100
2023-09-08,GS,321.9200134277344,325.9700012207031,321.6600036621094,325.5199890136719,307.31060791015625,2026400
2023-09-11,GS,328.260009765625,330.1499938964844,324.2900085449219,324.6499938964844,306.4892883300781,1283100
2023-09-12,GS,324.010009765625,335.2799987792969,324.0,330.8999938964844,312.3896789550781,2054700
2023-09-13,GS,333.5,337.010009765625,330.82000732421875,334.9800109863281,316.2414245605469,2165000
2023-09-14,GS,339.0,345.1199951171875,336.8500061035156,344.57000732421875,325.29498291015625,2822700
2023-09-15,GS,345.1499938964844,346.19000244140625,341.8599853515625,342.5400085449219,323.3785400390625,3063900
2023-09-18,GS,342.5400085449219,344.260009765625,339.2699890136719,343.32000732421875,324.1148986816406,1356600
2023-09-19,GS,343.4599914550781,344.9700012207031,337.9700012207031,341.8900146484375,322.7649230957031,1660200
2023-09-20,GS,342.6099853515625,343.79998779296875,336.2900085449219,336.70001220703125,317.865234375,1224400
2023-09-21,GS,334.5,334.69000244140625,330.0799865722656,330.239990234375,311.7665710449219,1685100
2023-09-22,GS,330.1000061035156,331.5400085449219,326.8299865722656,327.8900146484375,309.5480651855469,1669100
2023-09-25,GS,327.07000732421875,329.2900085449219,325.2799987792969,328.8399963378906,310.4449157714844,833300
2023-09-26,GS,325.6099853515625,327.42999267578125,322.4200134277344,323.82000732421875,305.7057189941406,1481800
2023-09-27,GS,324.9800109863281,325.0,318.9800109863281,321.95001220703125,303.9403076171875,1493000
2023-09-28,GS,320.2099914550781,326.8399963378906,320.2099914550781,325.20001220703125,307.00848388671875,1389600
2023-09-29,GS,327.20001220703125,327.9599914550781,322.2699890136719,323.57000732421875,305.4696960449219,1403900
2023-10-02,GS,322.0299987792969,323.5799865722656,317.1000061035156,318.5,300.6833190917969,1303800
2023-10-03,GS,315.2699890136719,315.67999267578125,304.3900146484375,306.1199951171875,288.9958190917969,3118600
2023-10-04,GS,304.8500061035156,309.05999755859375,303.4800109863281,308.6000061035156,291.3371276855469,1872000
2023-10-05,GS,307.3599853515625,310.54998779296875,304.2099914550781,310.5,293.1308288574219,1584600
2023-10-06,GS,308.1099853515625,315.32000732421875,307.1700134277344,312.4800109863281,295.0000915527344,1595100
2023-10-09,GS,308.8999938964844,313.4800109863281,308.3699951171875,312.6099853515625,295.122802734375,1094400
2023-10-10,GS,314.4700012207031,316.8500061035156,312.2900085449219,314.7699890136719,297.1619567871094,1193800
2023-10-11,GS,315.42999267578125,316.6300048828125,311.6000061035156,313.0199890136719,295.50982666015625,1672500
2023-10-12,GS,314.1499938964844,314.25,308.0199890136719,309.8500061035156,292.5172119140625,1727700
2023-10-13,GS,312.0,316.17999267578125,308.1700134277344,309.29998779296875,291.9979248046875,1785200
2023-10-16,GS,313.17999267578125,315.8999938964844,310.25,314.3900146484375,296.80328369140625,2273900
2023-10-17,GS,313.3800048828125,316.17999267578125,305.9100036621094,309.3599853515625,292.0545959472656,4123000
2023-10-18,GS,307.0,307.2200012207031,301.4800109863281,301.9599914550781,285.0685729980469,3460300
2023-10-19,GS,301.9599914550781,305.3399963378906,298.6300048828125,299.19000244140625,282.4535217285156,3211800
2023-10-20,GS,298.5,303.25,298.1000061035156,300.04998779296875,283.2653503417969,2329000
2023-10-23,GS,298.2900085449219,303.54998779296875,298.19000244140625,299.2200012207031,282.4818115234375,2959800
2023-10-24,GS,300.0,303.1000061035156,299.0799865722656,299.17999267578125,282.4440612792969,1697100
2023-10-25,GS,298.6000061035156,300.0,295.0299987792969,296.760009765625,280.15948486328125,1809300
2023-10-26,GS,296.9599914550781,300.1400146484375,294.7799987792969,296.989990234375,280.3765869140625,2011200
2023-10-27,GS,297.54998779296875,298.2699890136719,289.3599853515625,289.9100036621094,273.6926574707031,2601700
2023-10-30,GS,293.45001220703125,301.80999755859375,293.2900085449219,300.8299865722656,284.00177001953125,3065200
2023-10-31,GS,301.67999267578125,304.2900085449219,300.70001220703125,303.6099853515625,286.626220703125,2611000
2023-11-01,GS,303.3299865722656,308.25,302.8399963378906,307.1600036621094,289.9776611328125,2345400
2023-11-02,GS,309.69000244140625,314.5400085449219,308.0,313.760009765625,296.20843505859375,2597000
2023-11-03,GS,318.4599914550781,329.3299865722656,317.92999267578125,327.6199951171875,309.2931213378906,3742000
2023-11-06,GS,326.6600036621094,328.8999938964844,322.1000061035156,323.9100036621094,305.7906494140625,2087600
2023-11-07,GS,322.1300048828125,326.3900146484375,321.2900085449219,323.95001220703125,305.82843017578125,1505000
2023-11-08,GS,323.95001220703125,326.6600036621094,323.6700134277344,324.55999755859375,306.40435791015625,1484400
2023-11-09,GS,326.0,326.6499938964844,319.6600036621094,320.7799987792969,302.8357849121094,1787900
2023-11-10,GS,323.32000732421875,326.05999755859375,321.6499938964844,325.510009765625,307.30120849609375,1781400
2023-11-13,GS,324.1600036621094,328.7200012207031,323.5299987792969,326.9100036621094,308.6228332519531,1403300
2023-11-14,GS,333.5299987792969,341.7799987792969,332.4700012207031,338.7200012207031,319.7721862792969,3592700
2023-11-15,GS,339.8999938964844,341.0799865722656,335.3399963378906,337.6000061035156,318.7148742675781,2534500
2023-11-16,GS,337.760009765625,339.75,335.010009765625,336.6700134277344,317.8368835449219,1620400
2023-11-17,GS,339.5,340.45001220703125,338.1199951171875,339.19000244140625,320.21588134765625,1465200
2023-11-20,GS,340.0,341.32000732421875,337.5,339.45001220703125,320.46142578125,3146000
2023-11-21,GS,338.3599853515625,339.0899963378906,334.54998779296875,334.9700012207031,316.2320251464844,1900900
2023-11-22,GS,336.94000244140625,338.9100036621094,335.3699951171875,338.6400146484375,319.69671630859375,1235200
2023-11-24,GS,338.79998779296875,340.2699890136719,337.6400146484375,339.1499938964844,320.1781311035156,460100
2023-11-27,GS,339.19000244140625,340.0199890136719,335.739990234375,337.7099914550781,318.81866455078125,1250500
2023-11-28,GS,337.3800048828125,338.3999938964844,334.8699951171875,337.6499938964844,318.7620544433594,1419000
2023-11-29,GS,337.0,343.5299987792969,336.510009765625,340.260009765625,323.8638000488281,2038100
2023-11-30,GS,341.67999267578125,344.760009765625,340.0899963378906,341.5400085449219,325.0821228027344,1903600
2023-12-01,GS,341.4599914550781,348.8900146484375,340.4200134277344,348.42999267578125,331.6401062011719,3623300
2023-12-04,GS,346.29998779296875,350.489990234375,345.2900085449219,349.3900146484375,332.5538635253906,2178100
2023-12-05,GS,346.6000061035156,346.8299865722656,340.5400085449219,341.75,325.281982421875,2429700
2023-12-06,GS,343.510009765625,347.0,341.6000061035156,341.9700012207031,325.4914245605469,1869300
2018-10-26,INTC,45.59000015258789,46.439998626708984,44.70000076293945,45.689998626708984,39.07585906982422,67280400
2018-10-29,INTC,46.5,46.75,44.439998626708984,45.400001525878906,38.82784652709961,35732200
2018-10-30,INTC,45.529998779296875,47.880001068115234,45.459999084472656,47.7599983215332,40.84621810913086,43975200
2018-10-31,INTC,48.290000915527344,48.560001373291016,46.83000183105469,46.880001068115234,40.093605041503906,33369100
2018-11-01,INTC,46.95000076293945,48.470001220703125,46.86000061035156,48.220001220703125,41.2396240234375,28335300
2018-11-02,INTC,48.130001068115234,48.25,46.75,47.11000061035156,40.290306091308594,30759800
2018-11-05,INTC,47.34000015258789,48.25,46.91999816894531,47.970001220703125,41.025814056396484,23751200
2018-11-06,INTC,47.79999923706055,47.91999816894531,47.029998779296875,47.25,40.66435623168945,23839600
2018-11-07,INTC,47.630001068115234,48.75,47.59000015258789,48.720001220703125,41.92947006225586,29913200
2018-11-08,INTC,48.4900016784668,49.290000915527344,48.459999084472656,48.9900016784668,42.16183090209961,26581700
2018-11-09,INTC,48.790000915527344,49.029998779296875,47.869998931884766,48.11000061035156,41.40449142456055,21761400
2018-11-12,INTC,47.709999084472656,47.79999923706055,46.599998474121094,46.650001525878906,40.14798355102539,24412800
2018-11-13,INTC,46.9900016784668,48.25,46.9900016784668,47.38999938964844,40.78483581542969,29315900
2018-11-14,INTC,47.849998474121094,47.970001220703125,46.88999938964844,47.09000015258789,40.526649475097656,25632700
2018-11-15,INTC,47.0099983215332,48.2400016784668,46.720001220703125,48.11000061035156,41.40449142456055,29581000
2018-11-16,INTC,47.77000045776367,49.04999923706055,47.689998626708984,48.83000183105469,42.02412414550781,31670600
2018-11-19,INTC,48.61000061035156,49.150001525878906,47.779998779296875,48.0,41.30982208251953,26859000
2018-11-20,INTC,47.400001525878906,48.119998931884766,47.09000015258789,47.38999938964844,40.78483581542969,29200800
2018-11-21,INTC,47.849998474121094,47.880001068115234,47.02000045776367,47.029998779296875,40.475013732910156,19011400
2018-11-23,INTC,46.689998626708984,47.06999969482422,46.52000045776367,46.540000915527344,40.05331039428711,8906900
2018-11-26,INTC,47.27000045776367,47.459999084472656,46.70000076293945,47.45000076293945,40.83647537231445,20723000
2018-11-27,INTC,46.939998626708984,48.220001220703125,46.59000015258789,48.06999969482422,41.37006378173828,27621000
2018-11-28,INTC,47.939998626708984,48.880001068115234,47.650001525878906,48.86000061035156,42.04994583129883,28003200
2018-11-29,INTC,48.4900016784668,48.560001373291016,47.630001068115234,47.70000076293945,41.0516242980957,23592500
2018-11-30,INTC,47.95000076293945,49.31999969482422,47.560001373291016,49.310001373291016,42.43724060058594,43313700
2018-12-03,INTC,50.0,50.5,49.529998779296875,50.130001068115234,43.142948150634766,30870400
2018-12-04,INTC,49.52000045776367,49.599998474121094,47.68000030517578,47.75,41.09466552734375,35397700
2018-12-06,INTC,46.79999923706055,48.38999938964844,46.52000045776367,48.369998931884766,41.62825393676758,31661700
2018-12-07,INTC,47.939998626708984,48.060001373291016,46.22999954223633,46.2400016784668,39.795127868652344,34016400
2018-12-10,INTC,46.279998779296875,47.459999084472656,46.0099983215332,47.209999084472656,40.62992477416992,23289000
2018-12-11,INTC,47.900001525878906,48.59000015258789,47.130001068115234,47.380001068115234,40.776241302490234,23851000
2018-12-12,INTC,48.58000183105469,48.63999938964844,47.40999984741211,47.83000183105469,41.16350173950195,31305000
2018-12-13,INTC,48.2599983215332,48.58000183105469,47.86000061035156,48.290000915527344,41.55939865112305,19526000
2018-12-14,INTC,47.88999938964844,48.7599983215332,47.849998474121094,47.86000061035156,41.189327239990234,26372100
2018-12-17,INTC,47.86000061035156,48.40999984741211,46.65999984741211,47.08000183105469,40.51805114746094,26598700
2018-12-18,INTC,47.470001220703125,48.45000076293945,47.36000061035156,47.7400016784668,41.0860595703125,29014300
2018-12-19,INTC,47.4900016784668,47.72999954223633,45.380001068115234,45.56999969482422,39.218505859375,39717600
2018-12-20,INTC,45.40999984741211,46.310001373291016,45.0099983215332,45.540000915527344,39.192691802978516,37750900
2018-12-21,INTC,45.75,46.650001525878906,44.79999923706055,44.84000015258789,38.59025192260742,52768300
2018-12-24,INTC,44.630001068115234,45.16999816894531,43.540000915527344,43.59000015258789,37.514495849609375,19241600
2018-12-26,INTC,44.0,46.20000076293945,43.5099983215332,46.189998626708984,39.75209045410156,28677600
2018-12-27,INTC,45.619998931884766,46.380001068115234,44.66999816894531,46.36000061035156,39.89839553833008,29970700
2018-12-28,INTC,46.5099983215332,47.7400016784668,46.29999923706055,46.75,40.234039306640625,24758700
2018-12-31,INTC,47.09000015258789,47.47999954223633,46.54999923706055,46.93000030517578,40.38895797729492,20490400
2019-01-02,INTC,45.959999084472656,47.470001220703125,45.77000045776367,47.08000183105469,40.51805114746094,18774600
2019-01-03,INTC,46.150001525878906,46.279998779296875,44.38999938964844,44.4900016784668,38.289031982421875,32267300
2019-01-04,INTC,45.84000015258789,47.56999969482422,45.540000915527344,47.220001220703125,40.6385383605957,35447300
2019-01-07,INTC,47.099998474121094,48.0,46.75,47.439998626708984,40.8278694152832,22736800
2019-01-08,INTC,47.79999923706055,48.029998779296875,46.779998779296875,47.7400016784668,41.0860595703125,22749200
2019-01-09,INTC,47.959999084472656,48.56999969482422,47.779998779296875,48.0099983215332,41.31842803955078,22554500
2019-01-10,INTC,47.75,48.650001525878906,47.40999984741211,48.560001373291016,41.791770935058594,27202600
2019-01-11,INTC,48.099998474121094,49.290000915527344,48.04999923706055,48.93000030517578,42.110191345214844,21751300
2019-01-14,INTC,48.459999084472656,48.83000183105469,48.29999923706055,48.349998474121094,41.61104202270508,19193900
2019-01-15,INTC,48.709999084472656,49.130001068115234,48.439998626708984,48.599998474121094,41.826194763183594,22480800
2019-01-16,INTC,48.599998474121094,48.88999938964844,48.08000183105469,48.130001068115234,41.421695709228516,19057700
2019-01-17,INTC,48.0,48.84000015258789,47.90999984741211,48.470001220703125,41.71430206298828,17448700
2019-01-18,INTC,49.11000061035156,49.380001068115234,48.689998626708984,49.189998626708984,42.33395004272461,29874600
2019-01-22,INTC,48.959999084472656,48.97999954223633,47.869998931884766,48.27000045776367,41.54218673706055,25940700
2019-01-23,INTC,48.40999984741211,48.79999923706055,47.52000045776367,47.939998626708984,41.2581787109375,18960700
2019-01-24,INTC,48.70000076293945,50.040000915527344,48.599998474121094,49.7599983215332,42.82450866699219,50578300
2019-01-25,INTC,46.849998474121094,47.43000030517578,45.75,47.040000915527344,40.48362350463867,86455700
2019-01-28,INTC,46.130001068115234,46.72999954223633,46.04999923706055,46.709999084472656,40.19961929321289,35928700
2019-01-29,INTC,46.779998779296875,46.970001220703125,46.33000183105469,46.540000915527344,40.05331039428711,20988300
2019-01-30,INTC,46.68000030517578,47.68000030517578,46.45000076293945,47.540000915527344,40.9139289855957,26931700
2019-01-31,INTC,46.70000076293945,47.18000030517578,46.099998474121094,47.119998931884766,40.55247116088867,43051300
2019-02-01,INTC,47.060001373291016,49.04999923706055,47.0099983215332,48.72999954223633,41.938072204589844,37442900
2019-02-04,INTC,48.619998931884766,49.2400016784668,48.2400016784668,49.220001220703125,42.359771728515625,20905000
2019-02-05,INTC,49.18000030517578,50.720001220703125,49.18000030517578,50.0099983215332,43.0396614074707,31641600
2019-02-06,INTC,49.95000076293945,50.63999938964844,49.81999969482422,49.900001525878906,43.217220306396484,21647800
2019-02-07,INTC,49.5,49.849998474121094,48.68000030517578,49.22999954223633,42.63693618774414,27825900
2019-02-08,INTC,48.77000045776367,49.02000045776367,48.0099983215332,48.84000015258789,42.29916763305664,18851200
2019-02-11,INTC,49.02000045776367,49.31999969482422,48.58000183105469,48.77000045776367,42.23854064941406,18004100
2019-02-12,INTC,49.36000061035156,50.13999938964844,49.27000045776367,50.0099983215332,43.31247329711914,18050100
2019-02-13,INTC,50.130001068115234,50.810001373291016,50.0,50.470001220703125,43.710880279541016,17712800
2019-02-14,INTC,50.40999984741211,51.040000915527344,50.349998474121094,50.810001373291016,44.005348205566406,17545400
2019-02-15,INTC,51.25,51.66999816894531,51.09000015258789,51.65999984741211,44.74149703979492,22520400
2019-02-19,INTC,51.349998474121094,51.709999084472656,51.34000015258789,51.400001525878906,44.516334533691406,15611800
2019-02-20,INTC,51.630001068115234,51.72999954223633,51.060001373291016,51.38999938964844,44.50765609741211,21607700
2019-02-21,INTC,51.31999969482422,51.84000015258789,51.209999084472656,51.40999984741211,44.524993896484375,16162100
2019-02-22,INTC,52.70000076293945,52.97999954223633,52.060001373291016,52.4900016784668,45.46035385131836,31934100
2019-02-25,INTC,53.060001373291016,53.61000061035156,52.86000061035156,53.099998474121094,45.98865509033203,20711800
2019-02-26,INTC,53.0099983215332,53.369998931884766,52.90999984741211,53.22999954223633,46.10124969482422,16082200
2019-02-27,INTC,52.7599983215332,53.380001068115234,52.5099983215332,53.2400016784668,46.10990905761719,17590300
2019-02-28,INTC,52.91999816894531,53.18000030517578,52.810001373291016,52.959999084472656,45.86741256713867,18388800
2019-03-01,INTC,53.439998626708984,53.68000030517578,52.88999938964844,53.29999923706055,46.16187286376953,18359300
2019-03-04,INTC,53.75,54.099998474121094,53.209999084472656,53.939998626708984,46.716156005859375,21706100
2019-03-05,INTC,53.849998474121094,53.9900016784668,53.11000061035156,53.68000030517578,46.49098587036133,21057700
2019-03-06,INTC,53.630001068115234,53.650001525878906,52.939998626708984,52.95000076293945,45.858741760253906,14740500
2019-03-07,INTC,52.77000045776367,52.9900016784668,52.36000061035156,52.599998474121094,45.55561828613281,17803000
2019-03-08,INTC,51.970001220703125,52.560001373291016,51.70000076293945,52.47999954223633,45.451690673828125,16793900
2019-03-11,INTC,52.880001068115234,53.650001525878906,52.56999969482422,53.349998474121094,46.20517349243164,18963000
2019-03-12,INTC,53.34000015258789,53.959999084472656,53.18000030517578,53.56999969482422,46.39570999145508,20782100
2019-03-13,INTC,54.0,54.56999969482422,53.650001525878906,54.369998931884766,47.088565826416016,25522300
2019-03-14,INTC,54.29999923706055,54.45000076293945,53.33000183105469,53.439998626708984,46.28311538696289,26647100
2019-03-15,INTC,53.68000030517578,54.689998626708984,53.68000030517578,54.33000183105469,47.053932189941406,46512500
2019-03-18,INTC,54.41999816894531,54.5099983215332,53.869998931884766,54.099998474121094,46.854732513427734,16274000
2019-03-19,INTC,54.470001220703125,54.650001525878906,54.0,54.16999816894531,46.91535186767578,18274800
2019-03-20,INTC,54.060001373291016,54.400001525878906,53.61000061035156,53.81999969482422,46.61223220825195,24325300
2019-03-21,INTC,53.91999816894531,54.9900016784668,53.84000015258789,54.63999938964844,47.32241439819336,19127200
2019-03-22,INTC,54.400001525878906,54.619998931884766,53.209999084472656,53.2599983215332,46.12722396850586,21438400
2019-03-25,INTC,52.970001220703125,53.54999923706055,52.380001068115234,52.779998779296875,45.711517333984375,16971400
2019-03-26,INTC,53.31999969482422,53.77000045776367,53.040000915527344,53.439998626708984,46.28311538696289,17724300
2019-03-27,INTC,53.59000015258789,53.86000061035156,52.939998626708984,53.15999984741211,46.040618896484375,19656000
2019-03-28,INTC,53.25,53.439998626708984,52.77000045776367,53.11000061035156,45.997310638427734,13607900
2019-03-29,INTC,53.79999923706055,54.040000915527344,53.47999954223633,53.70000076293945,46.508296966552734,18736100
2019-04-01,INTC,54.34000015258789,54.56999969482422,54.099998474121094,54.5099983215332,47.20983123779297,17830400
2019-04-02,INTC,54.529998779296875,54.79999923706055,54.22999954223633,54.36000061035156,47.079917907714844,13704500
2019-04-03,INTC,55.029998779296875,55.9900016784668,54.88999938964844,55.47999954223633,48.0499153137207,24552800
2019-04-04,INTC,55.27000045776367,56.13999938964844,55.27000045776367,55.91999816894531,48.43098831176758,16520500
2019-04-05,INTC,55.75,55.95000076293945,54.869998931884766,55.599998474121094,48.153846740722656,19268400
2019-04-08,INTC,55.279998779296875,55.7400016784668,55.20000076293945,55.68000030517578,48.22312927246094,11758800
2019-04-09,INTC,55.349998474121094,55.43000030517578,54.900001525878906,55.31999969482422,47.91134262084961,13339700
2019-04-10,INTC,55.31999969482422,55.86000061035156,55.31999969482422,55.75,48.28376770019531,13084000
2019-04-11,INTC,55.7599983215332,56.06999969482422,55.630001068115234,55.79999923706055,48.32706069946289,10845800
2019-04-12,INTC,56.209999084472656,56.4900016784668,55.84000015258789,56.41999816894531,48.86403274536133,12910200
2019-04-15,INTC,56.459999084472656,56.560001373291016,55.91999816894531,56.279998779296875,48.74277114868164,11676900
2019-04-16,INTC,56.65999984741211,57.470001220703125,56.06999969482422,56.709999084472656,49.11518859863281,30301900
2019-04-17,INTC,58.439998626708984,59.59000015258789,58.119998931884766,58.560001373291016,50.71742248535156,38788400
2019-04-18,INTC,58.709999084472656,58.880001068115234,58.119998931884766,58.4900016784668,50.65681457519531,20464200
2019-04-22,INTC,58.150001525878906,58.83000183105469,57.880001068115234,58.81999969482422,50.94260787963867,12327500
2019-04-23,INTC,58.88999938964844,58.97999954223633,58.5,58.779998779296875,50.9079704284668,17739900
2019-04-24,INTC,58.52000045776367,59.290000915527344,58.13999938964844,58.720001220703125,50.85601043701172,17723700
2019-04-25,INTC,58.29999923706055,58.380001068115234,57.22999954223633,57.61000061035156,49.8946647644043,27949900
2019-04-26,INTC,52.7400016784668,53.09000015258789,51.52000045776367,52.43000030517578,45.40837860107422,72364500
2019-04-29,INTC,52.16999816894531,52.43000030517578,51.0,51.11000061035156,44.265159606933594,42142300
2019-04-30,INTC,51.0,51.43000030517578,50.869998931884766,51.040000915527344,44.20454025268555,27130900
2019-05-01,INTC,51.099998474121094,51.599998474121094,50.7400016784668,50.7599983215332,43.962039947509766,20467600
2019-05-02,INTC,50.79999923706055,51.33000183105469,50.119998931884766,50.54999923706055,43.780155181884766,22655400
2019-05-03,INTC,51.08000183105469,51.81999969482422,50.72999954223633,51.75,44.8194580078125,25656600
2019-05-06,INTC,50.25,51.279998779296875,50.189998626708984,51.220001220703125,44.632110595703125,26245200
2019-05-07,INTC,50.599998474121094,50.880001068115234,49.93000030517578,50.47999954223633,43.98728942871094,29713400
2019-05-08,INTC,50.20000076293945,50.790000915527344,49.06999969482422,49.2400016784668,42.906768798828125,36812400
2019-05-09,INTC,47.900001525878906,48.290000915527344,46.04999923706055,46.619998931884766,40.62375259399414,59642200
2019-05-10,INTC,46.439998626708984,46.79999923706055,45.099998474121094,46.20000076293945,40.25777816772461,42522800
2019-05-13,INTC,45.33000183105469,45.63999938964844,44.70000076293945,44.7599983215332,39.00298309326172,39091900
2019-05-14,INTC,45.18000030517578,45.4900016784668,44.869998931884766,45.16999816894531,39.36025619506836,24706500
2019-05-15,INTC,44.91999816894531,45.75,44.7599983215332,45.619998931884766,39.752376556396484,23407900
2019-05-16,INTC,45.470001220703125,45.95000076293945,45.41999816894531,45.529998779296875,39.673954010009766,19954700
2019-05-17,INTC,45.18000030517578,45.72999954223633,44.7599983215332,44.88999938964844,39.11626434326172,22500400
2019-05-20,INTC,44.0,44.52000045776367,43.45000076293945,43.560001373291016,37.957332611083984,28675000
2019-05-21,INTC,44.34000015258789,44.779998779296875,44.18000030517578,44.459999084472656,38.741573333740234,25543400
2019-05-22,INTC,44.150001525878906,44.459999084472656,43.849998474121094,44.0,38.340736389160156,16932500
2019-05-23,INTC,43.369998931884766,44.7400016784668,42.86000061035156,44.529998779296875,38.80256271362305,35783900
2019-05-24,INTC,44.59000015258789,45.04999923706055,44.4900016784668,44.56999969482422,38.83742141723633,27168100
2019-05-28,INTC,44.65999984741211,44.689998626708984,43.29999923706055,43.56999969482422,37.96604537963867,34779900
2019-05-29,INTC,43.349998474121094,44.529998779296875,43.33000183105469,44.22999954223633,38.54116439819336,28450300
2019-05-30,INTC,44.29999923706055,45.029998779296875,44.22999954223633,44.72999954223633,38.976844787597656,21618900
2019-05-31,INTC,44.18000030517578,44.970001220703125,43.93000030517578,44.040000915527344,38.375587463378906,25532500
2019-06-03,INTC,44.25,44.59000015258789,43.20000076293945,43.459999084472656,37.870182037353516,31155700
2019-06-04,INTC,44.15999984741211,44.86000061035156,43.77000045776367,44.790000915527344,39.02913284301758,28094900
2019-06-05,INTC,45.11000061035156,45.18000030517578,44.189998626708984,44.54999923706055,38.81999206542969,20802000
2019-06-06,INTC,44.75,45.16999816894531,44.5099983215332,45.099998474121094,39.299259185791016,19076200
2019-06-07,INTC,45.25,46.119998931884766,45.099998474121094,46.029998779296875,40.10963821411133,24370300
2019-06-10,INTC,46.22999954223633,47.189998626708984,46.20000076293945,46.79999923706055,40.780601501464844,20806100
2019-06-11,INTC,47.2599983215332,47.31999969482422,46.52000045776367,46.849998474121094,40.82416915893555,18415500
2019-06-12,INTC,46.66999816894531,46.66999816894531,46.25,46.31999969482422,40.362335205078125,15900600
2019-06-13,INTC,46.599998474121094,46.959999084472656,46.529998779296875,46.70000076293945,40.69346237182617,12267600
2019-06-14,INTC,45.83000183105469,46.41999816894531,45.54999923706055,46.189998626708984,40.249053955078125,15381100
2019-06-17,INTC,46.13999938964844,46.529998779296875,45.79999923706055,46.130001068115234,40.19678497314453,12643300
2019-06-18,INTC,46.75,48.0,46.599998474121094,47.369998931884766,41.27729034423828,25732300
2019-06-19,INTC,47.47999954223633,47.58000183105469,47.0,47.06999969482422,41.01587677001953,17436400
2019-06-20,INTC,47.869998931884766,48.04999923706055,46.869998931884766,47.189998626708984,41.12043762207031,20126800
2019-06-21,INTC,46.95000076293945,47.72999954223633,46.79999923706055,47.459999084472656,41.355709075927734,31096300
2019-06-24,INTC,47.400001525878906,47.849998474121094,47.16999816894531,47.630001068115234,41.50385665893555,14479900
2019-06-25,INTC,47.560001373291016,47.68000030517578,46.79999923706055,46.849998474121094,40.82416915893555,16665600
2019-06-26,INTC,47.650001525878906,48.47999954223633,47.560001373291016,48.189998626708984,41.991825103759766,21886300
2019-06-27,INTC,48.150001525878906,48.41999816894531,47.2400016784668,47.459999084472656,41.355709075927734,23062900
2019-06-28,INTC,47.77000045776367,48.20000076293945,47.68000030517578,47.869998931884766,41.712982177734375,26646200
2019-07-01,INTC,49.290000915527344,49.45000076293945,47.75,48.04999923706055,41.86983108520508,27423300
2019-07-02,INTC,47.90999984741211,48.220001220703125,47.689998626708984,48.119998931884766,41.93082809448242,15381600
2019-07-03,INTC,48.18000030517578,48.560001373291016,48.0,48.52000045776367,42.27938461303711,10739100
2019-07-05,INTC,48.029998779296875,48.18000030517578,47.439998626708984,48.08000183105469,41.89596939086914,14339200
2019-07-08,INTC,47.619998931884766,47.95000076293945,47.06999969482422,47.81999969482422,41.669410705566406,16564300
2019-07-09,INTC,47.36000061035156,47.79999923706055,47.130001068115234,47.75,41.6084098815918,17853200
2019-07-10,INTC,47.91999816894531,48.61000061035156,47.900001525878906,48.209999084472656,42.00925064086914,16032300
2019-07-11,INTC,48.560001373291016,48.779998779296875,48.310001373291016,48.599998474121094,42.34908676147461,16615100
2019-07-12,INTC,49.0,49.93000030517578,48.810001373291016,49.91999816894531,43.499305725097656,20148700
2019-07-15,INTC,50.0,50.25,49.77000045776367,50.119998931884766,43.673583984375,14345100
2019-07-16,INTC,49.90999984741211,50.0,48.959999084472656,49.16999816894531,42.84577560424805,17131400
2019-07-17,INTC,49.5,49.70000076293945,49.2400016784668,49.38999938964844,43.037471771240234,11928600
2019-07-18,INTC,49.279998779296875,49.9900016784668,48.88999938964844,49.939998626708984,43.516727447509766,15671600
2019-07-19,INTC,49.959999084472656,50.65999984741211,49.90999984741211,50.27000045776367,43.80428695678711,29141100
2019-07-22,INTC,50.0099983215332,51.52000045776367,49.88999938964844,51.349998474121094,44.745384216308594,21688000
2019-07-23,INTC,52.0,52.0,51.29999923706055,51.75,45.09394073486328,18413500
2019-07-24,INTC,51.97999954223633,52.970001220703125,51.79999923706055,52.91999816894531,46.113441467285156,20896400
2019-07-25,INTC,52.5099983215332,52.599998474121094,51.880001068115234,52.15999984741211,45.45119857788086,27765400
2019-07-26,INTC,52.689998626708984,53.5,51.529998779296875,51.59000015258789,44.95451354980469,36401500
2019-07-29,INTC,51.529998779296875,52.560001373291016,50.779998779296875,52.5099983215332,45.75617599487305,21897500
2019-07-30,INTC,51.709999084472656,52.310001373291016,51.560001373291016,51.70000076293945,45.05037307739258,16487700
2019-07-31,INTC,51.5099983215332,51.720001220703125,50.04999923706055,50.54999923706055,44.04827880859375,24169800
2019-08-01,INTC,50.52000045776367,51.88999938964844,49.470001220703125,49.5,43.133331298828125,34020800
2019-08-02,INTC,49.09000015258789,49.36000061035156,48.5,48.68000030517578,42.41880416870117,27881600
2019-08-05,INTC,47.7599983215332,47.959999084472656,46.56999969482422,46.970001220703125,40.92873764038086,38936600
2019-08-06,INTC,47.150001525878906,47.560001373291016,46.77000045776367,46.959999084472656,41.19629669189453,26119600
2019-08-07,INTC,46.29999923706055,46.880001068115234,45.970001220703125,46.72999954223633,40.994537353515625,29440400
2019-08-08,INTC,46.15999984741211,47.369998931884766,45.90999984741211,47.16999816894531,41.380523681640625,30643700
2019-08-09,INTC,46.939998626708984,47.0,45.779998779296875,45.97999954223633,40.33658981323242,24975500
2019-08-12,INTC,45.7599983215332,46.06999969482422,45.439998626708984,45.599998474121094,40.00322341918945,18494300
2019-08-13,INTC,45.4900016784668,47.04999923706055,45.36000061035156,46.84000015258789,41.091033935546875,28959500
2019-08-14,INTC,46.060001373291016,46.630001068115234,45.650001525878906,45.869998931884766,40.240074157714844,25650200
2019-08-15,INTC,46.099998474121094,46.18000030517578,45.439998626708984,45.70000076293945,40.0909538269043,21896000
2019-08-16,INTC,46.34000015258789,46.68000030517578,46.060001373291016,46.5,40.79277038574219,22701800
2019-08-19,INTC,47.459999084472656,47.599998474121094,47.040000915527344,47.22999954223633,41.433162689208984,21403600
2019-08-20,INTC,47.029998779296875,47.119998931884766,46.459999084472656,46.599998474121094,40.8804931640625,23113300
2019-08-21,INTC,47.11000061035156,47.290000915527344,46.88999938964844,47.150001525878906,41.36298751831055,15915000
2019-08-22,INTC,47.279998779296875,47.43000030517578,46.689998626708984,46.779998779296875,41.03839874267578,19783000
2019-08-23,INTC,46.349998474121094,46.630001068115234,44.79999923706055,44.959999084472656,39.441776275634766,32814000
2019-08-26,INTC,45.81999969482422,45.81999969482422,45.25,45.560001373291016,39.96812438964844,22080500
2019-08-27,INTC,45.869998931884766,46.119998931884766,45.5,45.790000915527344,40.16990280151367,16925500
2019-08-28,INTC,45.70000076293945,45.90999984741211,45.369998931884766,45.790000915527344,40.16990280151367,14888800
2019-08-29,INTC,46.459999084472656,47.220001220703125,46.400001525878906,46.869998931884766,41.11735153198242,17803800
2019-08-30,INTC,47.2400016784668,47.790000915527344,47.15999984741211,47.40999984741211,41.591068267822266,16922600
2019-09-03,INTC,47.119998931884766,47.220001220703125,46.5,46.97999954223633,41.21385192871094,15003800
2019-09-04,INTC,47.560001373291016,48.95000076293945,47.540000915527344,48.91999816894531,42.91574478149414,23450700
2019-09-05,INTC,49.93000030517578,51.16999816894531,49.869998931884766,50.099998474121094,43.95090866088867,30014200
2019-09-06,INTC,50.25,50.9900016784668,50.06999969482422,50.91999816894531,44.670257568359375,17067900
2019-09-09,INTC,51.060001373291016,52.029998779296875,51.02000045776367,51.59000015258789,45.25803756713867,20749700
2019-09-10,INTC,51.33000183105469,51.84000015258789,50.83000183105469,51.81999969482422,45.45980453491211,18532000
2019-09-11,INTC,51.599998474121094,52.790000915527344,51.380001068115234,52.790000915527344,46.31074905395508,18968900
2019-09-12,INTC,53.0,53.33000183105469,52.06999969482422,53.0099983215332,46.503746032714844,23308700
2019-09-13,INTC,52.7599983215332,53.0,52.22999954223633,52.540000915527344,46.091434478759766,18010800
2019-09-16,INTC,51.900001525878906,52.290000915527344,51.70000076293945,52.20000076293945,45.79317092895508,13354600
2019-09-17,INTC,52.04999923706055,52.13999938964844,51.349998474121094,51.95000076293945,45.573848724365234,19641100
2019-09-18,INTC,52.130001068115234,52.130001068115234,51.15999984741211,51.7400016784668,45.38962173461914,14906800
2019-09-19,INTC,51.70000076293945,51.9900016784668,51.5,51.56999969482422,45.24049758911133,11428400
2019-09-20,INTC,51.599998474121094,51.880001068115234,50.560001373291016,50.720001220703125,44.49481964111328,37067900
2019-09-23,INTC,50.83000183105469,51.22999954223633,50.38999938964844,50.900001525878906,44.6527214050293,18916600
2019-09-24,INTC,51.099998474121094,51.18000030517578,49.63999938964844,49.81999969482422,43.70527267456055,28197400
2019-09-25,INTC,49.75,51.209999084472656,49.41999816894531,51.02000045776367,44.75799560546875,19486700
2019-09-26,INTC,50.97999954223633,51.150001525878906,50.34000015258789,50.91999816894531,44.670257568359375,11351800
2019-09-27,INTC,50.630001068115234,51.220001220703125,50.34000015258789,50.779998779296875,44.54745101928711,14845700
2019-09-30,INTC,51.189998626708984,51.599998474121094,50.939998626708984,51.529998779296875,45.20540237426758,13652100
2019-10-01,INTC,51.970001220703125,52.2400016784668,50.43000030517578,50.7599983215332,44.5299072265625,18413100
2019-10-02,INTC,50.310001373291016,50.369998931884766,48.97999954223633,49.38999938964844,43.32804870605469,20078700
2019-10-03,INTC,49.5,50.06999969482422,48.529998779296875,50.029998779296875,43.8895149230957,16320100
2019-10-04,INTC,50.349998474121094,50.970001220703125,50.029998779296875,50.91999816894531,44.670257568359375,12644900
2019-10-07,INTC,50.70000076293945,51.22999954223633,50.560001373291016,50.619998931884766,44.4070930480957,12081400
2019-10-08,INTC,50.15999984741211,50.47999954223633,49.61000061035156,49.72999954223633,43.6263313293457,17409100
2019-10-09,INTC,50.470001220703125,50.790000915527344,50.150001525878906,50.47999954223633,44.284271240234375,11834900
2019-10-10,INTC,50.40999984741211,51.779998779296875,50.400001525878906,51.11000061035156,44.83694839477539,13907900
2019-10-11,INTC,52.0,52.790000915527344,51.81999969482422,52.09000015258789,45.69667053222656,24072500
2019-10-14,INTC,51.900001525878906,51.95000076293945,51.439998626708984,51.63999938964844,45.30189514160156,15016800
2019-10-15,INTC,51.93000030517578,53.06999969482422,51.83000183105469,52.650001525878906,46.18793487548828,18878100
2019-10-16,INTC,52.349998474121094,52.560001373291016,52.119998931884766,52.45000076293945,46.01249313354492,14769300
2019-10-17,INTC,52.63999938964844,52.84000015258789,51.380001068115234,51.86000061035156,45.494903564453125,16533900
2019-10-18,INTC,51.75,51.81999969482422,51.029998779296875,51.36000061035156,45.0562744140625,16974100
2019-10-21,INTC,51.52000045776367,52.16999816894531,51.34000015258789,52.130001068115234,45.73175811767578,12189000
2019-10-22,INTC,51.900001525878906,52.31999969482422,51.88999938964844,52.0099983215332,45.62648391723633,13114300
2019-10-23,INTC,51.369998931884766,51.959999084472656,51.20000076293945,51.720001220703125,45.37208557128906,15887500
2019-10-24,INTC,52.09000015258789,52.43000030517578,51.43000030517578,52.22999954223633,45.819480895996094,23413000
2019-10-25,INTC,54.189998626708984,56.61000061035156,53.91999816894531,56.459999084472656,49.530303955078125,59767700
2022-12-19,MSFT,244.86000061035156,245.2100067138672,238.7100067138672,240.4499969482422,234.30055236816406,29696400
2022-12-20,MSFT,239.39999389648438,242.91000366210938,238.4199981689453,241.8000030517578,235.61605834960938,25150800
2022-12-21,MSFT,241.69000244140625,245.6199951171875,240.11000061035156,244.42999267578125,238.17874145507812,23690600
2022-12-22,MSFT,241.25999450683594,241.99000549316406,233.8699951171875,238.19000244140625,232.0983428955078,28651700
2022-12-23,MSFT,236.11000061035156,238.8699951171875,233.94000244140625,238.72999572753906,232.62451171875,21207000
2022-12-27,MSFT,238.6999969482422,238.92999267578125,235.8300018310547,236.9600067138672,230.89984130859375,16688600
2022-12-28,MSFT,236.88999938964844,239.72000122070312,234.1699981689453,234.52999877929688,228.53195190429688,17457100
2022-12-29,MSFT,235.64999389648438,241.9199981689453,235.64999389648438,241.00999450683594,234.84622192382812,19770700
2022-12-30,MSFT,238.2100067138672,239.9600067138672,236.66000366210938,239.82000732421875,233.68667602539062,21938500
2023-01-03,MSFT,243.0800018310547,245.75,237.39999389648438,239.5800018310547,233.45278930664062,25740000
2023-01-04,MSFT,232.27999877929688,232.8699951171875,225.9600067138672,229.10000610351562,223.24081420898438,50623400
2023-01-05,MSFT,227.1999969482422,227.5500030517578,221.75999450683594,222.30999755859375,216.62448120117188,39585600
2023-01-06,MSFT,223.0,225.75999450683594,219.35000610351562,224.92999267578125,219.17745971679688,43613600
2023-01-09,MSFT,226.4499969482422,231.24000549316406,226.41000366210938,227.1199951171875,221.31146240234375,27369800
2023-01-10,MSFT,227.75999450683594,231.30999755859375,227.3300018310547,228.85000610351562,222.99722290039062,27033900
2023-01-11,MSFT,231.2899932861328,235.9499969482422,231.11000061035156,235.77000427246094,229.74024963378906,28669300
2023-01-12,MSFT,235.25999450683594,239.89999389648438,233.55999755859375,238.50999450683594,232.41014099121094,27269500
2023-01-13,MSFT,237.0,239.3699951171875,234.9199981689453,239.22999572753906,233.11175537109375,21333300
2023-01-17,MSFT,237.97000122070312,240.91000366210938,237.08999633789062,240.35000610351562,234.20309448242188,29831300
2023-01-18,MSFT,241.57000732421875,242.3800048828125,235.52000427246094,235.80999755859375,229.77923583984375,30028700
2023-01-19,MSFT,233.77999877929688,235.52000427246094,230.67999267578125,231.92999267578125,225.9984588623047,28623000
2023-01-20,MSFT,234.86000061035156,240.74000549316406,234.50999450683594,240.22000122070312,234.07643127441406,35389800
2023-01-23,MSFT,241.10000610351562,245.1699981689453,239.64999389648438,242.5800018310547,236.3760986328125,31934000
2023-01-24,MSFT,242.5,243.9499969482422,240.44000244140625,242.0399932861328,235.84991455078125,40234400
2023-01-25,MSFT,234.47999572753906,243.3000030517578,230.89999389648438,240.61000061035156,234.45645141601562,66526600
2023-01-26,MSFT,243.64999389648438,248.30999755859375,242.0,248.0,241.657470703125,33454500
2023-01-27,MSFT,248.99000549316406,249.8300018310547,246.8300018310547,248.16000366210938,241.81338500976562,26498900
2023-01-30,MSFT,244.50999450683594,245.60000610351562,242.1999969482422,242.7100067138672,236.50274658203125,25867400
2023-01-31,MSFT,243.4499969482422,247.9499969482422,242.9499969482422,247.80999755859375,241.4723358154297,26541100
2023-02-01,MSFT,248.0,255.17999267578125,245.47000122070312,252.75,246.28599548339844,31259900
2023-02-02,MSFT,258.82000732421875,264.69000244140625,257.25,264.6000061035156,257.8329162597656,39940400
2023-02-03,MSFT,259.5400085449219,264.20001220703125,257.1000061035156,258.3500061035156,251.7427520751953,29077300
2023-02-06,MSFT,257.44000244140625,258.29998779296875,254.77999877929688,256.7699890136719,250.20318603515625,22518000
2023-02-07,MSFT,260.5299987792969,268.7699890136719,260.0799865722656,267.55999755859375,260.7172546386719,50841400
2023-02-08,MSFT,273.20001220703125,276.760009765625,266.2099914550781,266.7300109863281,259.908447265625,54686000
2023-02-09,MSFT,273.79998779296875,273.9800109863281,262.79998779296875,263.6199951171875,256.87799072265625,42375100
2023-02-10,MSFT,261.5299987792969,264.0899963378906,260.6600036621094,263.1000061035156,256.37127685546875,25818500
2023-02-13,MSFT,267.6400146484375,274.6000061035156,267.1499938964844,271.32000732421875,264.3810729980469,44630900
2023-02-14,MSFT,272.6700134277344,274.9700012207031,269.2799987792969,272.1700134277344,265.2093200683594,37047900
2023-02-15,MSFT,268.32000732421875,270.7300109863281,266.17999267578125,269.32000732421875,263.0895690917969,28922400
2023-02-16,MSFT,264.0199890136719,266.739990234375,261.8999938964844,262.1499938964844,256.08538818359375,29603600
2023-02-17,MSFT,259.3900146484375,260.0899963378906,256.0,258.05999755859375,252.0900115966797,30000100
2023-02-21,MSFT,254.47999572753906,255.49000549316406,251.58999633789062,252.6699981689453,246.82470703125,28397400
2023-02-22,MSFT,254.08999633789062,254.33999633789062,250.33999633789062,251.50999450683594,245.69155883789062,22491100
2023-02-23,MSFT,255.55999755859375,256.8399963378906,250.47999572753906,254.77000427246094,248.87611389160156,29219100
2023-02-24,MSFT,249.9600067138672,251.0,248.10000610351562,249.22000122070312,243.4545135498047,24990900
2023-02-27,MSFT,252.4600067138672,252.82000732421875,249.38999938964844,250.16000366210938,244.37274169921875,21190000
2023-02-28,MSFT,249.07000732421875,251.49000549316406,248.72999572753906,249.4199981689453,243.64988708496094,22491000
2023-03-01,MSFT,250.75999450683594,250.92999267578125,245.7899932861328,246.27000427246094,240.57276916503906,27565300
2023-03-02,MSFT,246.5500030517578,251.39999389648438,245.61000061035156,251.11000061035156,245.30079650878906,24808200
2023-03-03,MSFT,252.19000244140625,255.6199951171875,251.38999938964844,255.2899932861328,249.3840789794922,30760100
2023-03-06,MSFT,256.42999267578125,260.1199951171875,255.97999572753906,256.8699951171875,250.9275360107422,24109800
2023-03-07,MSFT,256.29998779296875,257.69000244140625,253.38999938964844,254.14999389648438,248.27044677734375,21473200
2023-03-08,MSFT,254.0399932861328,254.5399932861328,250.80999755859375,253.6999969482422,247.8308868408203,17340200
2023-03-09,MSFT,255.82000732421875,259.55999755859375,251.5800018310547,252.32000732421875,246.4827880859375,26653400
2023-03-10,MSFT,251.0800018310547,252.7899932861328,247.60000610351562,248.58999633789062,242.83909606933594,28333900
2023-03-13,MSFT,247.39999389648438,257.9100036621094,245.72999572753906,253.9199981689453,248.04580688476562,33339700
2023-03-14,MSFT,256.75,261.07000732421875,255.86000061035156,260.7900085449219,254.75692749023438,33620300
2023-03-15,MSFT,259.9800109863281,266.4800109863281,259.2099914550781,265.44000244140625,259.29925537109375,46028000
2023-03-16,MSFT,265.2099914550781,276.55999755859375,263.2799987792969,276.20001220703125,269.81036376953125,54768800
2023-03-17,MSFT,278.260009765625,283.3299865722656,276.32000732421875,279.42999267578125,272.9656677246094,69527400
2023-03-20,MSFT,276.9800109863281,277.4800109863281,269.8500061035156,272.2300109863281,265.9321594238281,43466600
2023-03-21,MSFT,274.8800048828125,275.0,269.5199890136719,273.7799987792969,267.4462890625,34558700
2023-03-22,MSFT,273.3999938964844,281.0400085449219,272.17999267578125,272.2900085449219,265.9908447265625,34873300
2023-03-23,MSFT,277.94000244140625,281.05999755859375,275.20001220703125,277.6600036621094,271.236572265625,36610900
2023-03-24,MSFT,277.239990234375,280.6300048828125,275.2799987792969,280.57000732421875,274.0792541503906,28172000
2023-03-27,MSFT,280.5,281.4599914550781,275.5199890136719,276.3800048828125,269.98614501953125,26840200
2023-03-28,MSFT,275.7900085449219,276.1400146484375,272.04998779296875,275.2300109863281,268.8627624511719,21878600
2023-03-29,MSFT,278.9599914550781,281.1400146484375,278.4100036621094,280.510009765625,274.02069091796875,25087000
2023-03-30,MSFT,284.2300109863281,284.4599914550781,281.4800109863281,284.04998779296875,277.4787902832031,25053400
2023-03-31,MSFT,283.7300109863281,289.2699890136719,283.0,288.29998779296875,281.63043212890625,32766000
2023-04-03,MSFT,286.5199890136719,288.2699890136719,283.95001220703125,287.2300109863281,280.585205078125,24883300
2023-04-04,MSFT,287.2300109863281,290.45001220703125,285.6700134277344,287.17999267578125,280.5362854003906,25824300
2023-04-05,MSFT,285.8500061035156,287.1499938964844,282.9200134277344,284.3399963378906,277.76202392578125,22064800
2023-04-06,MSFT,283.2099914550781,292.0799865722656,282.0299987792969,291.6000061035156,284.85406494140625,29770300
2023-04-10,MSFT,289.2099914550781,289.6000061035156,284.7099914550781,289.3900146484375,282.6952209472656,23103000
2023-04-11,MSFT,285.75,285.9800109863281,281.6400146484375,282.8299865722656,276.2869873046875,27276600
2023-04-12,MSFT,284.7900085449219,287.010009765625,281.9599914550781,283.489990234375,276.9316711425781,27403400
2023-04-13,MSFT,283.5899963378906,289.8999938964844,283.1700134277344,289.8399963378906,283.13482666015625,24222700
2023-04-14,MSFT,287.0,288.4800109863281,283.69000244140625,286.1400146484375,279.5203857421875,20987900
2023-04-17,MSFT,289.92999267578125,291.6000061035156,286.1600036621094,288.79998779296875,282.11883544921875,23836200
2023-04-18,MSFT,291.57000732421875,291.760009765625,287.010009765625,288.3699951171875,281.6988220214844,20161800
2023-04-19,MSFT,285.989990234375,289.04998779296875,284.5400085449219,288.45001220703125,281.7770080566406,17150300
2023-04-20,MSFT,285.25,289.0299987792969,285.0799865722656,286.1099853515625,279.4909973144531,23244400
2023-04-21,MSFT,285.010009765625,286.2699890136719,283.05999755859375,285.760009765625,279.1491394042969,21676400
2023-04-24,MSFT,282.0899963378906,284.95001220703125,278.7200012207031,281.7699890136719,275.2514953613281,26611000
2023-04-25,MSFT,279.510009765625,281.6000061035156,275.3699951171875,275.4200134277344,269.0484313964844,45772200
2023-04-26,MSFT,296.70001220703125,299.57000732421875,292.7300109863281,295.3699951171875,288.536865234375,64599200
2023-04-27,MSFT,295.9700012207031,305.20001220703125,295.25,304.8299865722656,297.77801513671875,46462600
2023-04-28,MSFT,304.010009765625,308.92999267578125,303.30999755859375,307.260009765625,300.15179443359375,36469600
2023-05-01,MSFT,306.9700012207031,308.6000061035156,305.1499938964844,305.55999755859375,298.4910888671875,21294100
2023-05-02,MSFT,307.760009765625,309.17999267578125,303.9100036621094,305.4100036621094,298.3446044921875,26404400
2023-05-03,MSFT,306.6199951171875,308.6099853515625,304.0899963378906,304.3999938964844,297.3579406738281,22360800
2023-05-04,MSFT,306.239990234375,307.760009765625,303.3999938964844,305.4100036621094,298.3446044921875,22519900
2023-05-05,MSFT,305.7200012207031,311.9700012207031,304.2699890136719,310.6499938964844,303.4634094238281,28197100
2023-05-08,MSFT,310.1300048828125,310.20001220703125,306.0899963378906,308.6499938964844,301.5096435546875,21318600
2023-05-09,MSFT,308.0,310.0400085449219,306.30999755859375,307.0,299.8978576660156,21340800
2023-05-10,MSFT,308.6199951171875,313.0,307.6700134277344,312.30999755859375,305.0849609375,30078000
2023-05-11,MSFT,310.1000061035156,311.1199951171875,306.260009765625,310.1099853515625,302.9359130859375,31680200
2023-05-12,MSFT,310.54998779296875,310.6499938964844,306.6000061035156,308.9700012207031,301.8222351074219,19774700
2023-05-15,MSFT,309.1000061035156,309.8999938964844,307.5899963378906,309.4599914550781,302.3009033203125,16336500
2023-05-16,MSFT,309.8299865722656,313.7099914550781,309.8299865722656,311.739990234375,304.5281677246094,26730300
2023-05-17,MSFT,312.2900085449219,314.42999267578125,310.739990234375,314.0,307.406494140625,24315000
2023-05-18,MSFT,314.5299987792969,319.0400085449219,313.7200012207031,318.5199890136719,311.8315124511719,27276000
2023-05-19,MSFT,316.739990234375,318.75,316.3699951171875,318.3399963378906,311.6552734375,27546700
2023-05-22,MSFT,318.6000061035156,322.5899963378906,318.010009765625,321.17999267578125,314.43560791015625,24115700
2023-05-23,MSFT,320.0299987792969,322.7200012207031,315.25,315.260009765625,308.63995361328125,30797200
2023-05-24,MSFT,314.7300109863281,316.5,312.6099853515625,313.8500061035156,307.25958251953125,23384900
2023-05-25,MSFT,323.239990234375,326.8999938964844,320.0,325.9200134277344,319.0761413574219,43301700
2023-05-26,MSFT,324.0199890136719,333.3999938964844,323.8800048828125,332.8900146484375,325.8997497558594,36630600
2023-05-30,MSFT,335.2300109863281,335.739990234375,330.5199890136719,331.2099914550781,324.25506591796875,29503100
2023-05-31,MSFT,332.2900085449219,335.94000244140625,327.3299865722656,328.3900146484375,321.49432373046875,45950600
2023-06-01,MSFT,325.92999267578125,333.5299987792969,324.7200012207031,332.5799865722656,325.5962829589844,26773900
2023-06-02,MSFT,334.25,337.5,332.54998779296875,335.3999938964844,328.3570556640625,25873800
2023-06-05,MSFT,335.2200012207031,338.55999755859375,334.6600036621094,335.94000244140625,328.8857116699219,21307100
2023-06-06,MSFT,335.3299865722656,335.3699951171875,332.1700134277344,333.67999267578125,326.6731262207031,20396200
2023-06-07,MSFT,331.6499938964844,334.489990234375,322.5,323.3800048828125,316.5894470214844,40717100
2023-06-08,MSFT,323.94000244140625,326.6400146484375,323.3500061035156,325.260009765625,318.4299621582031,23277700
2023-06-09,MSFT,324.989990234375,329.989990234375,324.4100036621094,326.7900085449219,319.9278869628906,22529000
2023-06-12,MSFT,328.5799865722656,332.1000061035156,325.1600036621094,331.8500061035156,324.881591796875,24260300
2023-06-13,MSFT,334.4700012207031,336.9800109863281,330.3900146484375,334.2900085449219,327.2703857421875,22951300
2023-06-14,MSFT,334.3399963378906,339.0400085449219,332.80999755859375,337.3399963378906,330.2563171386719,26003800
2023-06-15,MSFT,337.4800109863281,349.8399963378906,337.20001220703125,348.1000061035156,340.7904052734375,38899100
2023-06-16,MSFT,351.32000732421875,351.4700012207031,341.95001220703125,342.3299865722656,335.14154052734375,46552000
2023-06-20,MSFT,339.30999755859375,342.0799865722656,335.8599853515625,338.04998779296875,330.9513854980469,26375400
2023-06-21,MSFT,336.3699951171875,337.7300109863281,332.07000732421875,333.55999755859375,326.5556640625,25117800
2023-06-22,MSFT,334.1199951171875,340.1199951171875,333.3399963378906,339.7099914550781,332.57659912109375,23556800
2023-06-23,MSFT,334.3599853515625,337.9599914550781,333.45001220703125,335.0199890136719,327.9850769042969,23146900
2023-06-26,MSFT,333.7200012207031,336.1099853515625,328.489990234375,328.6000061035156,321.6998596191406,21520600
2023-06-27,MSFT,331.8599853515625,336.1499938964844,329.29998779296875,334.57000732421875,327.5444641113281,24354100
2023-06-28,MSFT,334.6600036621094,337.9800109863281,333.80999755859375,335.8500061035156,328.797607421875,20259500
2023-06-29,MSFT,334.7099914550781,336.1099853515625,332.6199951171875,335.04998779296875,328.014404296875,16997000
2023-06-30,MSFT,337.75,342.7300109863281,337.20001220703125,340.5400085449219,333.3891296386719,26832800
2023-07-03,MSFT,339.19000244140625,340.8999938964844,336.57000732421875,337.989990234375,330.89263916015625,12508700
2023-07-05,MSFT,335.0899963378906,341.6499938964844,334.7300109863281,338.1499938964844,331.0493469238281,18172400
2023-07-06,MSFT,337.29998779296875,342.989990234375,335.5,341.2699890136719,334.103759765625,28161200
2023-07-07,MSFT,339.32000732421875,341.7900085449219,337.0,337.2200012207031,330.1388244628906,21214800
2023-07-10,MSFT,334.6000061035156,335.2300109863281,327.5899963378906,331.8299865722656,324.8620300292969,32791400
2023-07-11,MSFT,331.05999755859375,332.8599853515625,327.0,332.4700012207031,325.48858642578125,26698200
2023-07-12,MSFT,336.6000061035156,341.6499938964844,335.6700134277344,337.20001220703125,330.1192626953125,29995300
2023-07-13,MSFT,339.55999755859375,343.739990234375,339.0199890136719,342.6600036621094,335.4645690917969,20567200
2023-07-14,MSFT,347.5899963378906,351.42999267578125,344.30999755859375,345.239990234375,337.9903869628906,28352700
2023-07-17,MSFT,345.67999267578125,346.989990234375,342.20001220703125,345.7300109863281,338.4701232910156,20363900
2023-07-18,MSFT,345.8299865722656,366.7799987792969,342.1700134277344,359.489990234375,351.9411926269531,64738600
2023-07-19,MSFT,361.75,362.4599914550781,352.44000244140625,355.0799865722656,347.6238098144531,39732900
2023-07-20,MSFT,353.57000732421875,357.9700012207031,345.3699951171875,346.8699951171875,339.586181640625,33778400
2023-07-21,MSFT,349.1499938964844,350.29998779296875,339.8299865722656,343.7699890136719,336.55126953125,69405400
2023-07-24,MSFT,345.8500061035156,346.9200134277344,342.30999755859375,345.1099853515625,337.8631286621094,26678100
2023-07-25,MSFT,347.1099853515625,351.8900146484375,345.07000732421875,350.9800109863281,343.60992431640625,41637700
2023-07-26,MSFT,341.44000244140625,344.6700134277344,333.1099853515625,337.7699890136719,330.6772766113281,58383700
2023-07-27,MSFT,340.4800109863281,341.3299865722656,329.04998779296875,330.7200012207031,323.7752685546875,39635300
2023-07-28,MSFT,333.6700134277344,340.010009765625,333.1700134277344,338.3699951171875,331.2646789550781,28484900
2023-07-31,MSFT,336.9200134277344,337.70001220703125,333.3599853515625,335.9200134277344,328.8662109375,25446000
2023-08-01,MSFT,335.19000244140625,338.5400085449219,333.70001220703125,336.3399963378906,329.2773132324219,18311900
2023-08-02,MSFT,333.6300048828125,333.6300048828125,326.3599853515625,327.5,320.6229248046875,27761300
2023-08-03,MSFT,326.0,329.8800048828125,325.95001220703125,326.6600036621094,319.8006286621094,18253700
2023-08-04,MSFT,331.8800048828125,335.1400146484375,327.239990234375,327.7799987792969,320.8970947265625,23741500
2023-08-07,MSFT,328.3699951171875,331.1099853515625,327.5199890136719,330.1099853515625,323.1781005859375,17741500
2023-08-08,MSFT,326.9599914550781,328.75,323.0,326.04998779296875,319.2033386230469,22327600
2023-08-09,MSFT,326.4700012207031,327.1099853515625,321.04998779296875,322.2300109863281,315.4636535644531,22373300
2023-08-10,MSFT,326.0199890136719,328.260009765625,321.17999267578125,322.92999267578125,316.14892578125,20113700
2023-08-11,MSFT,320.260009765625,322.4100036621094,319.2099914550781,321.010009765625,314.2691955566406,24355500
2023-08-14,MSFT,321.3900146484375,324.05999755859375,320.0799865722656,324.0400085449219,317.2356262207031,18836100
2023-08-15,MSFT,323.0,325.0899963378906,320.8999938964844,321.8599853515625,315.101318359375,16966300
2023-08-16,MSFT,320.79998779296875,324.4200134277344,319.79998779296875,320.3999938964844,314.336181640625,20698900
2023-08-17,MSFT,320.5400085449219,321.8699951171875,316.2099914550781,316.8800048828125,310.8827819824219,21257200
2023-08-18,MSFT,314.489990234375,318.3800048828125,311.54998779296875,316.4800109863281,310.4903564453125,24755000
2023-08-21,MSFT,317.92999267578125,322.7699890136719,317.0400085449219,321.8800048828125,315.7881164550781,24040000
2023-08-22,MSFT,325.5,326.0799865722656,321.4599914550781,322.4599914550781,316.3571472167969,16084600
2023-08-23,MSFT,323.82000732421875,329.20001220703125,323.4599914550781,327.0,320.81121826171875,21166400
2023-08-24,MSFT,332.8500061035156,332.9800109863281,319.9599914550781,319.9700012207031,313.9143371582031,23281400
2023-08-25,MSFT,321.4700012207031,325.3599853515625,318.79998779296875,322.9800109863281,316.8673400878906,21684100
2023-08-28,MSFT,325.6600036621094,326.1499938964844,321.7200012207031,323.70001220703125,317.57373046875,14808500
2023-08-29,MSFT,321.8800048828125,328.9800109863281,321.8800048828125,328.4100036621094,322.1945495605469,19284600
2023-08-30,MSFT,328.6700134277344,329.80999755859375,326.45001220703125,328.7900085449219,322.5673828125,15222100
2023-08-31,MSFT,329.20001220703125,330.9100036621094,326.7799987792969,327.760009765625,321.55682373046875,26411000
2023-09-01,MSFT,331.30999755859375,331.989990234375,326.7799987792969,328.6600036621094,322.4397888183594,14942000
2023-09-05,MSFT,329.0,334.8500061035156,328.6600036621094,333.54998779296875,327.2372741699219,18553900
2023-09-06,MSFT,333.3800048828125,334.4599914550781,330.17999267578125,332.8800048828125,326.5799865722656,17535800
2023-09-07,MSFT,331.2900085449219,333.0799865722656,329.0299987792969,329.9100036621094,323.66619873046875,18381000
2023-09-08,MSFT,330.0899963378906,336.1600036621094,329.4599914550781,334.2699890136719,327.9437255859375,19530100
2023-09-11,MSFT,337.239990234375,338.4200134277344,335.42999267578125,337.94000244140625,331.5442199707031,16583300
2023-09-12,MSFT,335.82000732421875,336.7900085449219,331.4800109863281,331.7699890136719,325.490966796875,17565500
2023-09-13,MSFT,331.30999755859375,336.8500061035156,331.1700134277344,336.05999755859375,329.6997375488281,16544400
2023-09-14,MSFT,339.1499938964844,340.8599853515625,336.57000732421875,338.70001220703125,332.289794921875,20267000
2023-09-15,MSFT,336.9200134277344,337.3999938964844,329.6499938964844,330.2200012207031,323.9703369140625,37679800
2023-09-18,MSFT,327.79998779296875,330.3999938964844,326.3599853515625,329.05999755859375,322.832275390625,16834200
2023-09-19,MSFT,326.1700134277344,329.3900146484375,324.510009765625,328.6499938964844,322.4300231933594,16505900
2023-09-20,MSFT,329.510009765625,329.5899963378906,320.510009765625,320.7699890136719,314.69915771484375,21436500
2023-09-21,MSFT,319.260009765625,325.3500061035156,315.0,319.5299987792969,313.48260498046875,35560400
2023-09-22,MSFT,321.32000732421875,321.45001220703125,316.1499938964844,317.010009765625,311.01031494140625,21447900
2023-09-25,MSFT,316.5899963378906,317.6700134277344,315.0,317.5400085449219,311.5303039550781,17836000
2023-09-26,MSFT,315.1300048828125,315.8800048828125,310.0199890136719,312.1400146484375,306.232421875,26297600
2023-09-27,MSFT,312.29998779296875,314.29998779296875,309.69000244140625,312.7900085449219,306.87017822265625,19410100
2023-09-28,MSFT,310.989990234375,315.4800109863281,309.45001220703125,313.6400146484375,307.7041320800781,19683600
2023-09-29,MSFT,317.75,319.4700012207031,314.9800109863281,315.75,309.774169921875,24147300
2023-10-02,MSFT,316.2799987792969,321.8900146484375,315.17999267578125,321.79998779296875,315.70965576171875,20570000
2023-10-03,MSFT,320.8299865722656,321.3900146484375,311.2099914550781,313.3900146484375,307.4588623046875,21033500
2023-10-04,MSFT,314.0299987792969,320.0400085449219,314.0,318.9599914550781,312.92340087890625,20720100
2023-10-05,MSFT,319.0899963378906,319.9800109863281,314.8999938964844,319.3599853515625,313.3157958984375,16965600
2023-10-06,MSFT,316.54998779296875,329.19000244140625,316.29998779296875,327.260009765625,321.06640625,25673600
2023-10-09,MSFT,324.75,330.29998779296875,323.17999267578125,329.82000732421875,323.5778503417969,19891200
2023-10-10,MSFT,330.9599914550781,331.1000061035156,327.6700134277344,328.3900146484375,322.17498779296875,20557100
2023-10-11,MSFT,331.2099914550781,332.82000732421875,329.1400146484375,332.4200134277344,326.1286926269531,20063200
2023-10-12,MSFT,330.57000732421875,333.6300048828125,328.7200012207031,331.1600036621094,324.89251708984375,19313100
2023-10-13,MSFT,332.3800048828125,333.8299865722656,326.3599853515625,327.7300109863281,321.5274658203125,21072400
2023-10-16,MSFT,331.04998779296875,336.1400146484375,330.6000061035156,332.6400146484375,326.344482421875,22158000
2023-10-17,MSFT,329.5899963378906,333.4599914550781,327.4100036621094,332.05999755859375,325.7755126953125,18338500
2023-10-18,MSFT,332.489990234375,335.5899963378906,328.29998779296875,330.1099853515625,323.86236572265625,23153600
2023-10-19,MSFT,332.1499938964844,336.8800048828125,330.9100036621094,331.32000732421875,325.0494384765625,25052100
2023-10-20,MSFT,331.7200012207031,331.9200134277344,325.45001220703125,326.6700134277344,320.4874572753906,25027700
2023-10-23,MSFT,325.4700012207031,332.7300109863281,324.3900146484375,329.32000732421875,323.08734130859375,24374700
2023-10-24,MSFT,331.29998779296875,331.8399963378906,327.6000061035156,330.5299987792969,324.2744140625,31153600
2023-10-25,MSFT,345.0199890136719,346.20001220703125,337.6199951171875,340.6700134277344,334.2225341796875,55053800
2023-10-26,MSFT,340.5400085449219,341.6300048828125,326.94000244140625,327.8900146484375,321.6844177246094,37828500
2023-10-27,MSFT,330.42999267578125,336.7200012207031,328.3999938964844,329.80999755859375,323.56805419921875,29856500
2023-10-30,MSFT,333.4100036621094,339.45001220703125,331.8299865722656,337.30999755859375,330.9261169433594,22828100
2023-10-31,MSFT,338.8500061035156,339.0,334.69000244140625,338.1099853515625,331.71099853515625,20265300
2023-11-01,MSFT,339.7900085449219,347.4200134277344,339.6499938964844,346.07000732421875,339.5202941894531,28158800
2023-11-02,MSFT,347.239990234375,348.8299865722656,344.7699890136719,348.32000732421875,341.727783203125,24348100
2023-11-03,MSFT,349.6300048828125,354.3900146484375,347.3299865722656,352.79998779296875,346.1228942871094,23637700
2023-11-06,MSFT,353.45001220703125,357.5400085449219,353.3500061035156,356.5299987792969,349.7823486328125,23828300
2023-11-07,MSFT,359.3999938964844,362.4599914550781,357.6300048828125,360.5299987792969,353.7066650390625,25833900
2023-11-08,MSFT,361.67999267578125,363.8699951171875,360.54998779296875,363.20001220703125,356.326171875,26767800
2023-11-09,MSFT,362.29998779296875,364.7900085449219,360.3599853515625,360.69000244140625,353.8636169433594,24847300
2023-11-10,MSFT,361.489990234375,370.1000061035156,361.07000732421875,369.6700134277344,362.6737365722656,28042100
2023-11-13,MSFT,368.2200012207031,368.4700012207031,365.8999938964844,366.67999267578125,359.7402648925781,19986500
2023-11-14,MSFT,371.010009765625,371.95001220703125,367.3500061035156,370.2699890136719,363.2623291015625,27683900
2023-11-15,MSFT,371.2799987792969,373.1300048828125,367.1099853515625,369.6700134277344,363.4098205566406,26860100
2023-11-16,MSFT,370.9599914550781,376.3500061035156,370.17999267578125,376.1700134277344,369.7997131347656,27182300
2023-11-17,MSFT,373.6099853515625,374.3699951171875,367.0,369.8500061035156,363.5867004394531,40157000
2023-11-20,MSFT,371.2200012207031,378.8699951171875,371.0,377.44000244140625,371.0481872558594,52465100
2023-11-21,MSFT,375.6700134277344,376.2200012207031,371.1199951171875,373.07000732421875,366.752197265625,28423100
2023-11-22,MSFT,378.0,379.7900085449219,374.9700012207031,377.8500061035156,371.4512939453125,23345300
2023-11-24,MSFT,377.3299865722656,377.9700012207031,375.1400146484375,377.42999267578125,371.0384216308594,10176600
2023-11-27,MSFT,376.7799987792969,380.6400146484375,376.20001220703125,378.6099853515625,372.1983337402344,22179200
2023-11-28,MSFT,378.3500061035156,383.0,378.1600036621094,382.70001220703125,376.2191467285156,20453100
2023-11-29,MSFT,383.760009765625,384.29998779296875,377.44000244140625,378.8500061035156,372.4343566894531,28963400
2023-11-30,MSFT,378.489990234375,380.0899963378906,375.4700012207031,378.9100036621094,372.49334716796875,30554400
2023-12-01,MSFT,376.760009765625,378.1600036621094,371.30999755859375,374.510009765625,368.1678161621094,33040500
2023-12-04,MSFT,369.1000061035156,369.5199890136719,362.8999938964844,369.1400146484375,362.8887634277344,32063300
2023-12-05,MSFT,366.45001220703125,373.0799865722656,365.6199951171875,372.5199890136719,366.2115173339844,23065000
2023-12-06,MSFT,373.5400085449219,374.17999267578125,368.0299987792969,368.79998779296875,362.55450439453125,21182100
2023-12-07,MSFT,368.2300109863281,371.45001220703125,366.32000732421875,370.95001220703125,364.6681213378906,23118900
2023-12-08,MSFT,369.20001220703125,374.4599914550781,368.2300109863281,374.2300109863281,367.8926086425781,20154400
2023-12-11,MSFT,368.4800109863281,371.6000061035156,366.1000061035156,371.29998779296875,365.01214599609375,27708800
2023-12-12,MSFT,370.8500061035156,374.4200134277344,370.4599914550781,374.3800048828125,368.0400085449219,24838300
2023-12-13,MSFT,376.0199890136719,377.6400146484375,370.7699890136719,374.3699951171875,368.03021240234375,30955500
2023-12-14,MSFT,373.30999755859375,373.760009765625,364.1300048828125,365.92999267578125,359.73309326171875,43277500
2023-12-15,MSFT,366.8500061035156,372.3999938964844,366.2799987792969,370.7300109863281,364.45184326171875,78502300
2017-09-25,MU,36.040000915527344,36.150001525878906,34.540000915527344,34.869998931884766,34.008262634277344,35607200
2017-09-26,MU,35.22999954223633,35.369998931884766,34.09000015258789,34.18000030517578,33.33531951904297,55112600
2017-09-27,MU,36.2599983215332,37.150001525878906,35.91999816894531,37.09000015258789,36.173397064208984,84593900
2017-09-28,MU,37.150001525878906,38.459999084472656,36.81999969482422,37.959999084472656,37.02189254760742,52569900
2017-09-29,MU,37.97999954223633,39.36000061035156,37.810001373291016,39.33000183105469,38.35803985595703,48711400
2017-10-02,MU,39.599998474121094,40.369998931884766,39.36000061035156,40.0099983215332,39.021244049072266,54244800
2017-10-03,MU,39.93000030517578,40.540000915527344,39.849998474121094,40.369998931884766,39.37233352661133,27322300
2017-10-04,MU,40.13999938964844,40.43000030517578,38.90999984741211,39.560001373291016,38.58235549926758,37908400
2017-10-05,MU,39.79999923706055,39.86000061035156,39.25,39.369998931884766,38.39706039428711,22501000
2017-10-06,MU,39.0,39.66999816894531,38.810001373291016,39.66999816894531,38.68963623046875,25150300
2017-10-09,MU,39.720001220703125,40.9900016784668,39.619998931884766,40.959999084472656,39.9477653503418,27279300
2017-10-10,MU,41.45000076293945,42.0,40.459999084472656,41.97999954223633,40.94254684448242,48214100
2017-10-11,MU,40.84000015258789,42.06999969482422,40.79999923706055,41.61000061035156,40.58169937133789,53023600
2017-10-12,MU,41.209999084472656,41.75,40.290000915527344,40.58000183105469,39.577152252197266,66789800
2017-10-13,MU,40.779998779296875,41.16999816894531,40.31999969482422,40.400001525878906,39.401607513427734,35371200
2017-10-16,MU,40.880001068115234,41.56999969482422,40.5099983215332,41.4900016784668,40.46466064453125,33696800
2017-10-17,MU,41.13999938964844,41.400001525878906,40.25,40.38999938964844,39.39183807373047,41233700
2017-10-18,MU,41.040000915527344,41.95000076293945,40.810001373291016,41.650001525878906,40.62070846557617,43528000
2017-10-19,MU,41.18000030517578,41.5,39.79999923706055,41.310001373291016,40.28910446166992,47676000
2017-10-20,MU,42.0,42.16999816894531,41.439998626708984,41.5,40.474430084228516,36293700
2017-10-23,MU,41.849998474121094,42.189998626708984,41.400001525878906,41.560001373291016,40.53293991088867,26844200
2017-10-24,MU,41.7400016784668,42.0099983215332,41.43000030517578,41.599998474121094,40.57194900512695,26299400
2017-10-25,MU,41.310001373291016,41.59000015258789,40.310001373291016,41.060001373291016,40.0452880859375,31061100
2017-10-26,MU,41.16999816894531,41.18000030517578,40.310001373291016,40.599998474121094,39.59666061401367,27453500
2017-10-27,MU,40.59000015258789,40.939998626708984,40.040000915527344,40.849998474121094,39.840476989746094,31094700
2017-10-30,MU,40.72999954223633,41.86000061035156,40.68000030517578,41.650001525878906,40.62070846557617,29119500
2017-10-31,MU,42.25,44.56999969482422,42.20000076293945,44.310001373291016,43.214969635009766,61972200
2017-11-01,MU,44.790000915527344,45.33000183105469,43.779998779296875,44.380001068115234,43.28324890136719,38842900
2017-11-02,MU,44.08000183105469,44.75,43.720001220703125,44.34000015258789,43.244232177734375,25813000
2017-11-03,MU,44.77000045776367,45.0,43.349998474121094,43.709999084472656,42.629798889160156,27694600
2017-11-06,MU,43.849998474121094,44.0099983215332,42.45000076293945,43.25,42.1811637878418,28841000
2017-11-07,MU,43.58000183105469,44.2400016784668,43.33000183105469,43.95000076293945,42.86387252807617,32422900
2017-11-08,MU,43.849998474121094,44.13999938964844,43.45000076293945,44.09000015258789,43.000404357910156,19519600
2017-11-09,MU,43.689998626708984,43.689998626708984,42.58000183105469,43.5,42.424991607666016,32501100
2017-11-10,MU,43.7599983215332,44.849998474121094,43.709999084472656,44.779998779296875,43.67335891723633,33840800
2017-11-13,MU,44.33000183105469,45.869998931884766,44.189998626708984,45.599998474121094,44.47309494018555,30522300
2017-11-14,MU,45.58000183105469,46.0,44.79999923706055,45.79999923706055,44.66814422607422,29899200
2017-11-15,MU,45.189998626708984,45.7400016784668,44.619998931884766,45.36000061035156,44.2390251159668,22434500
2017-11-16,MU,45.72999954223633,46.290000915527344,45.290000915527344,46.18000030517578,45.03876495361328,24192600
2017-11-17,MU,46.540000915527344,46.54999923706055,45.72999954223633,46.15999984741211,45.01925277709961,22613300
2017-11-20,MU,46.5099983215332,47.86000061035156,46.400001525878906,47.63999938964844,46.46268081665039,26975000
2017-11-21,MU,48.36000061035156,49.630001068115234,48.150001525878906,49.400001525878906,48.17918395996094,35756600
2017-11-22,MU,49.849998474121094,49.88999938964844,48.619998931884766,49.13999938964844,47.92561721801758,28711800
2017-11-24,MU,49.31999969482422,49.880001068115234,49.029998779296875,49.68000030517578,48.4522590637207,14203300
2017-11-27,MU,47.959999084472656,48.38999938964844,47.09000015258789,48.04999923706055,46.862552642822266,44469700
2017-11-28,MU,48.45000076293945,48.86000061035156,47.81999969482422,47.93000030517578,46.745513916015625,30633200
2017-11-29,MU,47.5,47.599998474121094,43.27000045776367,43.7400016784668,42.6590576171875,81370100
2017-11-30,MU,44.15999984741211,44.540000915527344,41.86000061035156,42.38999938964844,41.34242248535156,63895700
2017-12-01,MU,41.72999954223633,42.54999923706055,40.0099983215332,41.9900016784668,40.95232009887695,73138600
2017-12-04,MU,41.95000076293945,42.290000915527344,39.06999969482422,39.900001525878906,38.91395950317383,73640500
2017-12-05,MU,39.77000045776367,42.04999923706055,39.41999816894531,41.209999084472656,40.19157409667969,56540700
2017-12-06,MU,40.81999969482422,41.7400016784668,40.29999923706055,41.58000183105469,40.55244064331055,39735300
2017-12-07,MU,42.18000030517578,43.22999954223633,41.90999984741211,43.20000076293945,42.132408142089844,43189000
2017-12-08,MU,44.040000915527344,44.58000183105469,42.869998931884766,43.209999084472656,42.14215850830078,44717800
2017-12-11,MU,43.41999816894531,43.75,42.33000183105469,43.0099983215332,41.94710159301758,32824000
2017-12-12,MU,42.689998626708984,42.849998474121094,41.709999084472656,41.86000061035156,40.82551193237305,28492300
2017-12-13,MU,42.220001220703125,43.099998474121094,41.970001220703125,42.04999923706055,41.010826110839844,28565600
2017-12-14,MU,42.290000915527344,42.72999954223633,41.880001068115234,42.2400016784668,41.196136474609375,24582800
2017-12-15,MU,42.29999923706055,42.560001373291016,41.88999938964844,42.400001525878906,41.35218048095703,58721700
2017-12-18,MU,43.369998931884766,43.72999954223633,42.9900016784668,43.709999084472656,42.629798889160156,35075500
2017-12-19,MU,44.09000015258789,44.34000015258789,43.29999923706055,43.97999954223633,42.89311981201172,51048300
2017-12-20,MU,46.650001525878906,46.79999923706055,44.86000061035156,45.75,44.61939239501953,84338200
2017-12-21,MU,45.54999923706055,45.58000183105469,44.349998474121094,44.41999816894531,43.3222541809082,50486100
2017-12-22,MU,44.18000030517578,44.939998626708984,43.939998626708984,44.119998931884766,43.0296745300293,30372500
2017-12-26,MU,43.189998626708984,43.20000076293945,41.52000045776367,42.25,41.20588684082031,41966200
2017-12-27,MU,42.220001220703125,43.06999969482422,42.029998779296875,42.47999954223633,41.43019485473633,24175100
2017-12-28,MU,42.83000183105469,43.04999923706055,41.75,41.810001373291016,40.77676010131836,28999700
2017-12-29,MU,41.81999969482422,41.84000015258789,40.77000045776367,41.119998931884766,40.10380935668945,44642100
2018-01-02,MU,41.540000915527344,43.720001220703125,41.189998626708984,43.66999816894531,42.59080123901367,37097000
2018-01-03,MU,44.5,45.04999923706055,44.04999923706055,44.97999954223633,43.868412017822266,43376700
2018-01-04,MU,45.9900016784668,46.97999954223633,45.0099983215332,46.880001068115234,45.721458435058594,52229500
2018-01-05,MU,46.130001068115234,46.65999984741211,45.380001068115234,45.79999923706055,44.66814422607422,47381100
2018-01-08,MU,45.310001373291016,46.09000015258789,44.90999984741211,45.54999923706055,44.424320220947266,32217400
2018-01-09,MU,45.27000045776367,45.54999923706055,42.77000045776367,42.970001220703125,41.9080924987793,62982900
2018-01-10,MU,41.95000076293945,43.369998931884766,41.38999938964844,43.310001373291016,42.23968505859375,53348000
2018-01-11,MU,43.52000045776367,44.0,42.619998931884766,42.81999969482422,41.76179504394531,39402200
2018-01-12,MU,42.81999969482422,43.349998474121094,42.68000030517578,42.810001373291016,41.75204849243164,28458500
2018-01-16,MU,43.13999938964844,43.86000061035156,42.41999816894531,42.91999816894531,41.85932540893555,38174800
2018-01-17,MU,43.209999084472656,44.380001068115234,42.97999954223633,44.2599983215332,43.166202545166016,38077100
2018-01-18,MU,44.209999084472656,44.650001525878906,43.90999984741211,43.9900016784668,42.90288543701172,25152100
2018-01-19,MU,43.95000076293945,44.20000076293945,42.650001525878906,42.75,41.69353485107422,41469200
2018-01-22,MU,42.470001220703125,42.880001068115234,41.68000030517578,42.880001068115234,41.820308685302734,37879400
2018-01-23,MU,43.25,44.65999984741211,42.72999954223633,43.95000076293945,42.86387252807617,41334100
2018-01-24,MU,43.7599983215332,43.95000076293945,42.7400016784668,43.08000183105469,42.0153694152832,31305700
2018-01-25,MU,44.22999954223633,44.720001220703125,42.86000061035156,43.0099983215332,41.94710159301758,40519200
2018-01-26,MU,43.220001220703125,43.810001373291016,43.029998779296875,43.66999816894531,42.59080123901367,27177500
2018-01-29,MU,43.25,43.41999816894531,42.380001068115234,43.290000915527344,42.22018051147461,29455000
2018-01-30,MU,41.9900016784668,42.79999923706055,41.470001220703125,41.66999816894531,40.64021682739258,38861900
2018-01-31,MU,42.97999954223633,43.959999084472656,42.77000045776367,43.720001220703125,42.639564514160156,45114600
2018-02-01,MU,43.040000915527344,44.09000015258789,42.099998474121094,42.4900016784668,41.43994903564453,35713500
2018-02-02,MU,42.0,42.209999084472656,40.61000061035156,40.81999969482422,39.811222076416016,40657400
2018-02-05,MU,40.13999938964844,41.529998779296875,39.0099983215332,39.400001525878906,38.42631912231445,45796800
2018-02-06,MU,40.54999923706055,43.93000030517578,40.54999923706055,43.880001068115234,42.79560470581055,66972800
2018-02-07,MU,43.2599983215332,43.560001373291016,41.7400016784668,42.0099983215332,40.97180938720703,51354800
2018-02-08,MU,42.52000045776367,43.029998779296875,40.0,40.0,39.011478424072266,53794100
2018-02-09,MU,41.04999923706055,41.189998626708984,37.52000045776367,40.40999984741211,39.411346435546875,65189300
2018-02-12,MU,41.0099983215332,42.68000030517578,40.880001068115234,42.189998626708984,41.147361755371094,47941100
2018-02-13,MU,42.04999923706055,42.91999816894531,41.97999954223633,42.630001068115234,41.57648849487305,30296800
2018-02-14,MU,41.93000030517578,43.630001068115234,41.93000030517578,43.45000076293945,42.3762321472168,36765900
2018-02-15,MU,43.72999954223633,43.91999816894531,42.2599983215332,43.5,42.424991607666016,35072300
2018-02-16,MU,43.290000915527344,45.11000061035156,43.130001068115234,44.209999084472656,43.11744689941406,49404600
2018-02-20,MU,44.02000045776367,45.27000045776367,43.900001525878906,44.900001525878906,43.7903938293457,36215900
2018-02-21,MU,45.369998931884766,45.54999923706055,44.52000045776367,44.540000915527344,43.43929672241211,31618700
2018-02-22,MU,44.779998779296875,44.83000183105469,44.040000915527344,44.25,43.156455993652344,24359600
2018-02-23,MU,45.18000030517578,46.79999923706055,45.02000045776367,46.529998779296875,45.380104064941406,48476700
2018-02-26,MU,46.970001220703125,48.22999954223633,46.70000076293945,47.97999954223633,46.79427719116211,41966100
2018-02-27,MU,47.65999984741211,48.9900016784668,47.41999816894531,48.58000183105469,47.37944793701172,44731100
2018-02-28,MU,48.79999923706055,49.459999084472656,48.349998474121094,48.810001373291016,47.6037712097168,45031400
2018-03-01,MU,48.77000045776367,48.810001373291016,46.77000045776367,47.619998931884766,46.44317626953125,61278800
2018-03-02,MU,46.36000061035156,49.25,45.95000076293945,49.11000061035156,47.89635467529297,52492900
2018-03-05,MU,48.79999923706055,52.36000061035156,48.720001220703125,52.029998779296875,50.74419403076172,70984100
2018-03-06,MU,53.400001525878906,54.63999938964844,53.209999084472656,53.7400016784668,52.41193389892578,73096300
2018-03-07,MU,53.34000015258789,55.0,53.130001068115234,53.970001220703125,52.63624572753906,61670000
2018-03-08,MU,54.59000015258789,55.470001220703125,54.29999923706055,55.220001220703125,53.85535430908203,51685900
2018-03-09,MU,55.7599983215332,55.83000183105469,53.619998931884766,54.59000015258789,53.24092483520508,65504600
2018-03-12,MU,56.5,61.16999816894531,56.349998474121094,59.369998931884766,57.90279006958008,138651600
2018-03-13,MU,62.16999816894531,63.41999816894531,58.52000045776367,59.43000030517578,57.96131134033203,142315800
2018-03-14,MU,59.31999969482422,60.060001373291016,57.560001373291016,59.779998779296875,58.30266571044922,80306900
2018-03-15,MU,59.77000045776367,60.150001525878906,58.22999954223633,58.84000015258789,57.38589859008789,50963700
2018-03-16,MU,60.0,60.689998626708984,59.209999084472656,60.58000183105469,59.08289337158203,69323100
2018-03-19,MU,60.36000061035156,60.9900016784668,58.75,60.13999938964844,58.65376281738281,71373300
2018-03-20,MU,60.099998474121094,61.25,59.79999923706055,61.150001525878906,59.63880920410156,53890500
2018-03-21,MU,61.349998474121094,61.720001220703125,60.599998474121094,61.06999969482422,59.5607795715332,51220200
2018-03-22,MU,60.06999969482422,60.29999923706055,58.11000061035156,58.91999816894531,57.46392059326172,74274700
2018-03-23,MU,57.689998626708984,58.79999923706055,53.68000030517578,54.209999084472656,52.87031555175781,118369500
2018-03-26,MU,56.2599983215332,56.709999084472656,52.720001220703125,55.560001373291016,54.18695831298828,70260700
2018-03-27,MU,55.060001373291016,55.470001220703125,51.68000030517578,52.400001525878906,51.105045318603516,67785100
2018-03-28,MU,51.93000030517578,53.349998474121094,50.70000076293945,51.4900016784668,50.217533111572266,62987500
2018-03-29,MU,52.15999984741211,52.68000030517578,51.13999938964844,52.13999938964844,50.85147476196289,61458800
2018-04-02,MU,51.540000915527344,51.720001220703125,49.560001373291016,50.060001373291016,48.82288360595703,59875500
2018-04-03,MU,50.79999923706055,51.77000045776367,50.31999969482422,51.54999923706055,50.27605438232422,52436400
2018-04-04,MU,49.619998931884766,53.5,49.2599983215332,53.38999938964844,52.07057571411133,60272800
2018-04-05,MU,52.060001373291016,52.20000076293945,49.189998626708984,49.84000015258789,48.608314514160156,89203500
2018-04-06,MU,47.720001220703125,50.47999954223633,47.2599983215332,48.459999084472656,47.26240539550781,79392200
2018-04-09,MU,49.130001068115234,49.83000183105469,47.91999816894531,47.959999084472656,46.77476501464844,50532900
2018-04-10,MU,49.25,50.75,48.63999938964844,50.47999954223633,49.23249053955078,50346500
2018-04-11,MU,50.279998779296875,51.79999923706055,50.11000061035156,50.47999954223633,49.23249053955078,38942200
2018-04-12,MU,51.119998931884766,52.91999816894531,51.099998474121094,52.59000015258789,51.29035186767578,46656300
2018-04-13,MU,53.400001525878906,53.4900016784668,51.58000183105469,52.22999954223633,50.939247131347656,43598900
2018-04-16,MU,52.25,52.47999954223633,51.31999969482422,51.650001525878906,50.37359619140625,30879500
2018-04-17,MU,51.849998474121094,52.70000076293945,51.7400016784668,52.2599983215332,50.968505859375,33325300
2018-04-18,MU,51.45000076293945,54.27000045776367,50.68000030517578,54.0099983215332,52.67525100708008,55393600
2018-04-19,MU,52.900001525878906,54.099998474121094,50.97999954223633,51.41999816894531,50.14926528930664,52635000
2018-04-20,MU,51.5,52.06999969482422,50.150001525878906,50.619998931884766,49.3690299987793,38510800
2018-04-23,MU,50.810001373291016,50.880001068115234,48.810001373291016,49.02000045776367,47.808570861816406,43693000
2018-04-24,MU,49.65999984741211,50.2599983215332,46.439998626708984,47.11000061035156,45.94577407836914,61915400
2018-04-25,MU,47.560001373291016,48.34000015258789,46.08000183105469,47.599998474121094,46.423667907714844,43781200
2018-04-26,MU,49.279998779296875,50.18000030517578,48.83000183105469,50.13999938964844,48.90089797973633,39041400
2018-04-27,MU,51.11000061035156,51.38999938964844,47.189998626708984,47.52000045776367,46.34564208984375,50049800
2018-04-30,MU,47.060001373291016,47.689998626708984,45.31999969482422,45.97999954223633,44.84370040893555,54743800
2018-05-01,MU,45.59000015258789,46.869998931884766,45.40999984741211,46.790000915527344,45.633689880371094,34154900
2018-05-02,MU,45.90999984741211,46.7400016784668,45.68000030517578,45.88999938964844,44.75592803955078,31640800
2018-05-03,MU,45.7400016784668,46.869998931884766,45.33000183105469,46.619998931884766,45.46788787841797,30489600
2018-05-04,MU,46.31999969482422,47.70000076293945,46.13999938964844,47.58000183105469,46.40415954589844,28632200
2018-05-07,MU,48.2599983215332,49.11000061035156,48.11000061035156,48.47999954223633,47.281917572021484,33996900
2018-05-08,MU,48.529998779296875,48.86000061035156,47.880001068115234,48.56999969482422,47.36970520019531,25205500
2018-05-09,MU,49.060001373291016,51.029998779296875,48.9900016784668,51.0099983215332,49.7493896484375,36489100
2018-05-10,MU,51.79999923706055,52.68000030517578,51.599998474121094,52.65999984741211,51.358619689941406,37146300
2018-05-11,MU,52.380001068115234,52.79999923706055,51.68000030517578,51.81999969482422,50.53937911987305,27646400
2018-05-14,MU,52.9900016784668,53.709999084472656,52.86000061035156,53.0,51.69021987915039,33376300
2018-05-15,MU,53.79999923706055,54.16999816894531,52.689998626708984,54.0099983215332,52.67525100708008,43307300
2018-05-16,MU,55.59000015258789,56.90999984741211,55.47999954223633,56.5,55.103721618652344,59011900
2018-05-17,MU,56.0099983215332,56.439998626708984,53.93000030517578,54.70000076293945,53.348209381103516,54832200
2018-05-18,MU,53.599998474121094,54.650001525878906,52.849998474121094,53.38999938964844,52.07057571411133,46088800
2018-05-21,MU,56.18000030517578,56.470001220703125,54.529998779296875,55.47999954223633,54.10893249511719,70858100
2018-05-22,MU,59.04999923706055,60.5,58.29999923706055,59.029998779296875,57.57119369506836,111262700
2018-05-23,MU,59.04999923706055,60.0,58.150001525878906,59.970001220703125,58.487972259521484,64066800
2018-05-24,MU,60.18000030517578,61.9900016784668,59.560001373291016,61.4900016784668,59.97040939331055,74725000
2018-05-25,MU,60.849998474121094,62.099998474121094,60.61000061035156,61.349998474121094,59.8338623046875,54715900
2018-05-29,MU,61.36000061035156,63.97999954223633,61.349998474121094,62.619998931884766,61.072479248046875,75591900
2018-05-30,MU,63.70000076293945,64.66000366210938,60.91999816894531,62.56999969482422,61.023719787597656,84737600
2018-05-31,MU,59.22999954223633,60.25,57.16999816894531,57.59000015258789,56.166786193847656,101882200
2018-06-01,MU,58.810001373291016,59.34000015258789,56.880001068115234,58.7400016784668,57.288360595703125,74761500
2018-06-04,MU,57.43000030517578,59.15999984741211,56.619998931884766,59.099998474121094,57.63947296142578,64350500
2018-06-05,MU,59.79999923706055,60.13999938964844,58.83000183105469,59.40999984741211,57.94181442260742,41711300
2018-06-06,MU,59.2599983215332,59.59000015258789,58.29999923706055,59.41999816894531,57.95155334472656,36749000
2018-06-07,MU,59.849998474121094,60.27000045776367,58.560001373291016,59.630001068115234,58.156368255615234,42264700
2018-06-08,MU,58.630001068115234,61.599998474121094,58.220001220703125,61.38999938964844,59.87287521362305,57144900
2018-06-11,MU,61.709999084472656,62.54999923706055,61.06999969482422,61.38999938964844,59.87287521362305,42251500
2018-06-12,MU,61.84000015258789,61.849998474121094,59.939998626708984,60.54999923706055,59.05363082885742,43633300
2018-06-13,MU,60.29999923706055,61.27000045776367,60.02000045776367,60.04999923706055,58.56599044799805,33281400
2018-06-14,MU,60.54999923706055,60.56999969482422,58.66999816894531,59.18000030517578,57.717498779296875,43421900
2018-06-15,MU,58.529998779296875,59.099998474121094,57.29999923706055,58.22999954223633,56.79096603393555,45854100
2018-06-18,MU,57.599998474121094,58.599998474121094,56.869998931884766,58.45000076293945,57.00554275512695,36975600
2018-06-19,MU,57.63999938964844,59.459999084472656,57.11000061035156,59.25,57.7857551574707,43486600
2018-06-20,MU,60.130001068115234,61.119998931884766,58.79999923706055,58.95000076293945,57.49317932128906,57497600
2018-06-21,MU,61.459999084472656,61.83000183105469,59.09000015258789,59.439998626708984,57.971065521240234,70419900
2018-06-22,MU,60.20000076293945,60.40999984741211,57.02000045776367,57.099998474121094,55.688899993896484,63497500
2018-06-25,MU,55.540000915527344,55.63999938964844,52.40999984741211,53.15999984741211,51.84626770019531,72196300
2018-06-26,MU,54.40999984741211,54.77000045776367,53.61000061035156,54.59000015258789,53.24092483520508,42277100
2018-06-27,MU,55.0,55.349998474121094,52.15999984741211,52.2599983215332,50.968505859375,53007500
2018-06-28,MU,52.0,53.310001373291016,51.790000915527344,53.13999938964844,51.82676315307617,36878900
2018-06-29,MU,53.689998626708984,53.849998474121094,52.400001525878906,52.439998626708984,51.1440544128418,32582200
2018-07-02,MU,51.52000045776367,54.529998779296875,51.31999969482422,54.47999954223633,53.133636474609375,38934200
2018-07-03,MU,54.54999923706055,54.790000915527344,50.099998474121094,51.47999954223633,50.20779037475586,52190200
2018-07-05,MU,52.630001068115234,53.310001373291016,51.939998626708984,52.84000015258789,51.5341682434082,51136400
2018-07-06,MU,52.540000915527344,53.40999984741211,51.97999954223633,53.22999954223633,51.91453552246094,31841000
2018-07-09,MU,53.79999923706055,54.5,53.11000061035156,54.310001373291016,52.96784591674805,32579700
2018-07-10,MU,54.65999984741211,55.900001525878906,54.349998474121094,55.7400016784668,54.36251449584961,34852800
2018-07-11,MU,54.38999938964844,55.0,53.77000045776367,54.18000030517578,52.841064453125,38699200
2018-07-12,MU,54.650001525878906,55.65999984741211,54.349998474121094,55.45000076293945,54.079673767089844,29647700
2018-07-13,MU,55.5099983215332,56.59000015258789,55.31999969482422,56.349998474121094,54.957427978515625,28799000
2018-07-16,MU,56.599998474121094,57.18000030517578,56.060001373291016,56.150001525878906,54.76237487792969,25735200
2018-07-17,MU,55.83000183105469,57.130001068115234,55.5,56.959999084472656,55.552345275878906,24729100
2018-07-18,MU,57.25,58.150001525878906,56.91999816894531,57.45000076293945,56.030242919921875,33729700
2018-07-19,MU,57.25,57.560001373291016,55.66999816894531,56.220001220703125,54.830650329589844,39392100
2018-07-20,MU,56.08000183105469,56.13999938964844,54.83000183105469,55.02000045776367,53.660301208496094,32588100
2018-07-23,MU,53.5099983215332,54.58000183105469,52.220001220703125,54.290000915527344,52.94833755493164,42781500
2018-07-24,MU,55.0,55.400001525878906,52.939998626708984,53.16999816894531,51.856014251708984,39011500
2018-07-25,MU,52.630001068115234,54.220001220703125,52.29999923706055,53.38999938964844,52.07057571411133,39749200
2018-07-26,MU,53.599998474121094,54.7400016784668,53.45000076293945,53.7599983215332,52.43143844604492,28862500
2018-07-27,MU,54.459999084472656,54.630001068115234,53.11000061035156,53.959999084472656,52.62649154663086,30109700
2018-07-30,MU,54.189998626708984,54.25,52.41999816894531,53.0099983215332,51.69996643066406,25747800
2018-07-31,MU,53.779998779296875,54.220001220703125,52.77000045776367,52.790000915527344,51.48541259765625,29301700
2018-08-01,MU,52.65999984741211,53.58000183105469,52.16999816894531,52.290000915527344,50.99775695800781,28200000
2018-08-02,MU,51.70000076293945,53.54999923706055,51.380001068115234,53.400001525878906,52.08032989501953,28708000
2018-08-03,MU,53.29999923706055,53.400001525878906,52.2599983215332,52.810001373291016,51.504913330078125,22958900
2018-08-06,MU,52.220001220703125,52.810001373291016,51.5,52.66999816894531,51.368377685546875,28776900
2018-08-07,MU,52.939998626708984,53.439998626708984,52.70000076293945,53.040000915527344,51.72923278808594,21918600
2018-08-08,MU,52.84000015258789,53.529998779296875,52.459999084472656,53.38999938964844,52.07057571411133,18074700
2018-08-09,MU,52.650001525878906,52.849998474121094,51.93000030517578,52.2599983215332,50.968505859375,34538400
2018-08-10,MU,51.25,51.95000076293945,51.02000045776367,51.369998931884766,50.10049819946289,31340800
2018-08-13,MU,51.61000061035156,52.060001373291016,51.279998779296875,51.34000015258789,50.07124328613281,24609500
2018-08-14,MU,51.72999954223633,51.77000045776367,50.0099983215332,50.619998931884766,49.3690299987793,32050200
2018-08-15,MU,49.83000183105469,49.86000061035156,47.13999938964844,47.4900016784668,46.31638717651367,57746200
2018-08-16,MU,48.20000076293945,48.310001373291016,46.959999084472656,47.099998474121094,45.93602752685547,33663000
2018-08-17,MU,46.209999084472656,47.36000061035156,45.619998931884766,47.11000061035156,45.94577407836914,34464200
2018-08-20,MU,47.400001525878906,48.61000061035156,46.470001220703125,48.06999969482422,46.88204574584961,33022900
2018-08-21,MU,48.900001525878906,50.369998931884766,48.869998931884766,49.939998626708984,48.705841064453125,38572900
2018-08-22,MU,50.380001068115234,50.650001525878906,49.869998931884766,50.2400016784668,48.99843215942383,26740400
2018-08-23,MU,50.04999923706055,50.2400016784668,49.400001525878906,49.70000076293945,48.47177505493164,26832000
2018-08-24,MU,49.91999816894531,50.81999969482422,49.91999816894531,50.70000076293945,49.44706726074219,24785500
2018-08-27,MU,51.349998474121094,52.45000076293945,51.16999816894531,52.06999969482422,50.783203125,29134100
2018-08-28,MU,52.41999816894531,52.560001373291016,51.470001220703125,52.34000015258789,51.04653549194336,26198800
2018-08-29,MU,52.09000015258789,52.15999984741211,51.29999923706055,51.83000183105469,50.549129486083984,31450800
2018-08-30,MU,51.560001373291016,53.68000030517578,51.400001525878906,52.7599983215332,51.456138610839844,32416600
2018-08-31,MU,52.70000076293945,53.22999954223633,52.220001220703125,52.52000045776367,51.22207260131836,29937300
2018-09-04,MU,52.13999938964844,52.29999923706055,50.709999084472656,51.93000030517578,50.64665603637695,28975100
2018-09-05,MU,51.38999938964844,51.599998474121094,49.06999969482422,49.540000915527344,48.31572723388672,39125100
2018-09-06,MU,48.20000076293945,48.45000076293945,44.060001373291016,44.650001525878906,43.546573638916016,94413400
2018-09-07,MU,45.13999938964844,46.459999084472656,44.650001525878906,44.86000061035156,43.751380920410156,47114300
2018-09-10,MU,45.25,45.380001068115234,44.38999938964844,44.900001525878906,43.7903938293457,33078300
2018-09-11,MU,43.650001525878906,43.75,42.349998474121094,43.599998474121094,42.522518157958984,48980700
2018-09-12,MU,41.2400016784668,42.18000030517578,40.68000030517578,41.7400016784668,40.70848083496094,66916000
2018-09-13,MU,42.29999923706055,44.4900016784668,42.29999923706055,43.619998931884766,42.54201889038086,59922100
2018-09-14,MU,44.11000061035156,44.560001373291016,43.459999084472656,44.29999923706055,43.20521926879883,40610300
2018-09-17,MU,43.59000015258789,44.31999969482422,43.25,43.58000183105469,42.50301742553711,28205300
2018-09-18,MU,43.93000030517578,45.869998931884766,43.880001068115234,45.33000183105469,44.20976257324219,36507400
2018-09-19,MU,45.779998779296875,46.060001373291016,44.84000015258789,45.060001373291016,43.94643020629883,29264700
2018-09-20,MU,46.400001525878906,47.220001220703125,45.90999984741211,46.060001373291016,44.92172622680664,75144100
2018-09-21,MU,44.400001525878906,45.599998474121094,43.79999923706055,44.7400016784668,43.63435363769531,97053400
2018-09-24,MU,44.20000076293945,45.650001525878906,43.86000061035156,45.15999984741211,44.043968200683594,36918900
2018-09-25,MU,45.099998474121094,45.459999084472656,44.02000045776367,44.63999938964844,43.53681182861328,32547500
2022-12-19,NVDA,16.57200050354004,16.608999252319336,16.145000457763672,16.253999710083008,16.236865997314453,354039000
2022-12-20,NVDA,16.06399917602539,16.309999465942383,15.85200023651123,16.084999084472656,16.068044662475586,403260000
2022-12-21,NVDA,16.11400032043457,16.62700080871582,16.101999282836914,16.500999450683594,16.483604431152344,325025000
2022-12-22,NVDA,16.0939998626709,16.13800048828125,14.881999969482422,15.33899974822998,15.322830200195312,565045000
2022-12-23,NVDA,15.196000099182129,15.33899974822998,14.883000373840332,15.206000328063965,15.189970970153809,349326000
2022-12-27,NVDA,15.074000358581543,15.100000381469727,14.055999755859375,14.121000289916992,14.106115341186523,464902000
2022-12-28,NVDA,13.927000045776367,14.26200008392334,13.883999824523926,14.03600025177002,14.021203994750977,351066000
2022-12-29,NVDA,14.402000427246094,14.682999610900879,14.22700023651123,14.602999687194824,14.587604522705078,354923000
2022-12-30,NVDA,14.333999633789062,14.628999710083008,14.232999801635742,14.61400032043457,14.598593711853027,310490000
2023-01-03,NVDA,14.85099983215332,14.996000289916992,14.095999717712402,14.3149995803833,14.299909591674805,401277000
2023-01-04,NVDA,14.567000389099121,14.852999687194824,14.241000175476074,14.74899959564209,14.733451843261719,431324000
2023-01-05,NVDA,14.491000175476074,14.564000129699707,14.14799976348877,14.265000343322754,14.249963760375977,389168000
2023-01-06,NVDA,14.473999977111816,15.010000228881836,14.034000396728516,14.859000205993652,14.843337059020996,405044000
2023-01-09,NVDA,15.284000396728516,16.055999755859375,15.140999794006348,15.628000259399414,15.611526489257812,504231000
2023-01-10,NVDA,15.506999969482422,15.961999893188477,15.472000122070312,15.909000396728516,15.892230033874512,384101000
2023-01-11,NVDA,15.84000015258789,16.027999877929688,15.562999725341797,16.000999450683594,15.984130859375,353285000
2023-01-12,NVDA,16.100000381469727,16.636999130249023,15.491999626159668,16.51099967956543,16.49359703063965,551409000
2023-01-13,NVDA,16.277999877929688,16.922000885009766,16.165000915527344,16.89900016784668,16.881187438964844,447287000
2023-01-17,NVDA,16.89900016784668,17.72800064086914,16.89900016784668,17.70199966430664,17.683340072631836,511102000
2023-01-18,NVDA,17.66699981689453,17.87299919128418,17.281999588012695,17.37700080871582,17.358686447143555,439624000
2023-01-19,NVDA,17.035999298095703,17.19700050354004,16.731000900268555,16.764999389648438,16.74732780456543,452932000
2023-01-20,NVDA,17.01099967956543,17.856000900268555,16.825000762939453,17.839000701904297,17.82019805908203,564967000
2023-01-23,NVDA,18.06399917602539,19.2450008392334,17.81800079345703,19.19300079345703,19.172765731811523,655163000
2023-01-24,NVDA,18.82699966430664,19.4950008392334,18.81999969482422,19.264999389648438,19.24468994140625,496204000
2023-01-25,NVDA,18.913000106811523,19.3700008392334,18.579999923706055,19.322999954223633,19.30263328552246,449537000
2023-01-26,NVDA,19.701000213623047,20.166000366210938,19.277999877929688,19.802000045776367,19.7811222076416,489535000
2023-01-27,NVDA,19.461999893188477,20.628000259399414,19.405000686645508,20.364999771118164,20.34353256225586,542142000
2023-01-30,NVDA,19.950000762939453,20.139999389648438,19.149999618530273,19.16200065612793,19.141803741455078,488611000
2023-01-31,NVDA,19.170000076293945,19.687000274658203,18.950000762939453,19.53700065612793,19.51640510559082,498017000
2023-02-01,NVDA,19.69099998474121,21.191999435424805,19.611000061035156,20.94300079345703,20.92092514038086,660477000
2023-02-02,NVDA,21.0,21.948999404907227,20.700000762939453,21.708999633789062,21.686115264892578,564276000
2023-02-03,NVDA,21.0,21.7450008392334,20.788999557495117,21.100000381469727,21.0777587890625,429366000
2023-02-06,NVDA,20.805999755859375,21.56999969482422,20.785999298095703,21.089000701904297,21.0667724609375,452197000
2023-02-07,NVDA,21.381999969482422,22.259000778198242,21.149999618530273,22.17300033569336,22.149627685546875,664150000
2023-02-08,NVDA,22.386999130249023,22.878000259399414,22.007999420166016,22.204999923706055,22.181589126586914,559651000
2023-02-09,NVDA,22.606000900268555,23.020000457763672,22.1200008392334,22.336999893188477,22.313453674316406,523876000
2023-02-10,NVDA,21.690000534057617,22.077999114990234,20.81100082397461,21.264999389648438,21.242586135864258,550737000
2023-02-13,NVDA,21.538000106811523,22.04800033569336,20.961999893188477,21.788000106811523,21.765031814575195,474919000
2023-02-14,NVDA,21.577999114990234,23.048999786376953,21.365999221801758,22.97100067138672,22.9467830657959,675474000
2023-02-15,NVDA,22.548999786376953,22.854999542236328,22.106000900268555,22.763999938964844,22.739999771118164,420575000
2023-02-16,NVDA,22.132999420166016,22.549999237060547,21.927000045776367,22.00200080871582,21.978805541992188,412026000
2023-02-17,NVDA,21.631000518798828,21.739999771118164,20.975000381469727,21.38800048828125,21.365455627441406,465888000
2023-02-21,NVDA,21.0,21.493999481201172,20.618000030517578,20.655000686645508,20.63322639465332,410015000
2023-02-22,NVDA,20.707000732421875,21.104000091552734,20.42099952697754,20.753999710083008,20.732120513916016,513184000
2023-02-23,NVDA,23.440000534057617,23.88800048828125,23.024999618530273,23.663999557495117,23.639055252075195,1117995000
2023-02-24,NVDA,23.225000381469727,23.474000930786133,22.94700050354004,23.285999298095703,23.26145362854004,589716000
2023-02-27,NVDA,23.670000076293945,23.8799991607666,23.45400047302246,23.500999450683594,23.476226806640625,452994000
2023-02-28,NVDA,23.371999740600586,23.825000762939453,23.20599937438965,23.215999603271484,23.191526412963867,455963000
2023-03-01,NVDA,23.191999435424805,23.256000518798828,22.507999420166016,22.697999954223633,22.674072265625,460026000
2023-03-02,NVDA,22.488000869750977,23.3799991607666,22.43199920654297,23.31399917602539,23.289424896240234,389415000
2023-03-03,NVDA,23.31999969482422,23.899999618530273,23.1299991607666,23.889999389648438,23.86481475830078,412393000
2023-03-06,NVDA,23.891000747680664,24.24799919128418,23.48699951171875,23.554000854492188,23.529172897338867,437429000
2023-03-07,NVDA,23.600000381469727,24.125,23.240999221801758,23.288000106811523,23.26740074157715,515154000
2023-03-08,NVDA,23.48699951171875,24.200000762939453,23.423999786376953,24.180999755859375,24.15961456298828,513573000
2023-03-09,NVDA,24.174999237060547,24.45400047302246,23.382999420166016,23.43600082397461,23.415273666381836,501257000
2023-03-10,NVDA,23.409000396728516,23.62700080871582,22.72599983215332,22.96500015258789,22.944684982299805,474866000
2023-03-13,NVDA,22.75200080871582,23.29800033569336,22.297000885009766,22.965999603271484,22.945682525634766,421890000
2023-03-14,NVDA,23.496000289916992,24.2189998626709,23.459999084472656,24.062999725341797,24.041715621948242,474910000
2023-03-15,NVDA,23.76099967956543,24.285999298095703,23.360000610351562,24.22800064086914,24.20656967163086,524486000
2023-03-16,NVDA,24.027000427246094,25.58799934387207,23.893999099731445,25.541000366210938,25.518409729003906,583253000
2023-03-17,NVDA,25.98200035095215,26.39900016784668,25.667999267578125,25.725000381469727,25.70224952697754,848547000
2023-03-20,NVDA,25.614999771118164,26.02400016784668,25.1299991607666,25.899999618530273,25.877090454101562,432747000
2023-03-21,NVDA,26.18000030517578,26.392000198364258,25.381000518798828,26.198999404907227,26.17582893371582,547408000
2023-03-22,NVDA,26.424999237060547,27.589000701904297,26.23699951171875,26.468000411987305,26.444589614868164,797295000
2023-03-23,NVDA,27.114999771118164,27.499000549316406,26.690000534057617,27.19099998474121,27.166954040527344,564889000
2023-03-24,NVDA,27.0310001373291,27.16699981689453,26.354999542236328,26.77899932861328,26.75531768798828,454920000
2023-03-27,NVDA,26.836999893188477,27.0,26.364999771118164,26.5310001373291,26.507532119750977,361026000
2023-03-28,NVDA,26.44700050354004,26.51300048828125,25.850000381469727,26.40999984741211,26.386648178100586,356104000
2023-03-29,NVDA,26.825000762939453,27.077999114990234,26.597000122070312,26.983999252319336,26.960134506225586,393694000
2023-03-30,NVDA,27.229000091552734,27.499000549316406,27.101999282836914,27.382999420166016,27.358781814575195,364516000
2023-03-31,NVDA,27.139999389648438,27.833999633789062,27.104999542236328,27.777000427246094,27.7524356842041,433933000
2023-04-03,NVDA,27.509000778198242,28.0,27.336000442504883,27.96500015258789,27.94026756286621,398716000
2023-04-04,NVDA,27.965999603271484,28.0,27.30699920654297,27.452999114990234,27.42871856689453,368592000
2023-04-05,NVDA,26.82900047302246,26.99799919128418,26.395000457763672,26.881000518798828,26.85722541809082,515015000
2023-04-06,NVDA,26.583999633789062,27.079999923706055,26.427000045776367,27.03700065612793,27.01308822631836,397654000
2023-04-10,NVDA,26.822999954223633,27.621000289916992,26.66900062561035,27.57900047302246,27.55460548400879,395279000
2023-04-11,NVDA,27.724000930786133,27.790000915527344,27.125999450683594,27.16900062561035,27.144969940185547,314378000
2023-04-12,NVDA,27.3700008392334,27.468000411987305,26.447999954223633,26.4950008392334,26.47156524658203,446259000
2023-04-13,NVDA,26.733999252319336,26.886999130249023,26.32900047302246,26.46299934387207,26.439590454101562,353615000
2023-04-14,NVDA,26.503999710083008,26.882999420166016,26.219999313354492,26.757999420166016,26.734333038330078,395660000
2023-04-17,NVDA,26.565000534057617,27.006000518798828,26.433000564575195,27.00200080871582,26.97811508178711,321471000
2023-04-18,NVDA,27.533000946044922,28.110000610351562,27.35700035095215,27.66699981689453,27.642528533935547,604812000
2023-04-19,NVDA,27.361000061035156,28.0,27.23200035095215,27.930999755859375,27.90629768371582,358660000
2023-04-20,NVDA,27.67099952697754,28.030000686645508,27.0,27.104000091552734,27.08003044128418,427713000
2023-04-21,NVDA,26.95199966430664,27.183000564575195,26.722000122070312,27.118999481201172,27.095012664794922,345103000
2023-04-24,NVDA,27.01300048828125,27.365999221801758,26.67099952697754,27.04199981689453,27.018081665039062,339282000
2023-04-25,NVDA,27.077999114990234,27.246999740600586,26.225000381469727,26.240999221801758,26.217790603637695,378527000
2023-04-26,NVDA,27.00200080871582,27.329999923706055,26.704999923706055,26.95599937438965,26.93215560913086,406337000
2023-04-27,NVDA,27.363000869750977,27.4950008392334,26.625,27.22599983215332,27.20191764831543,377161000
2023-04-28,NVDA,27.225000381469727,27.757999420166016,27.070999145507812,27.749000549316406,27.724458694458008,292216000
2023-05-01,NVDA,27.84000015258789,29.058000564575195,27.780000686645508,28.90999984741211,28.884429931640625,570329000
2023-05-02,NVDA,28.68000030517578,28.836000442504883,28.08300018310547,28.209999084472656,28.185047149658203,402730000
2023-05-03,NVDA,27.84000015258789,28.367000579833984,27.472000122070312,27.802000045776367,27.77741050720215,383387000
2023-05-04,NVDA,27.650999069213867,27.858999252319336,27.239999771118164,27.562000274658203,27.537622451782227,321850000
2023-05-05,NVDA,27.826000213623047,28.7549991607666,27.731000900268555,28.68000030517578,28.654634475708008,361494000
2023-05-08,NVDA,28.52199935913086,29.219999313354492,28.350000381469727,29.150999069213867,29.125215530395508,344979000
2023-05-09,NVDA,28.89900016784668,28.972999572753906,28.450000762939453,28.570999145507812,28.545730590820312,314869000
2023-05-10,NVDA,29.0049991607666,29.113000869750977,28.461000442504883,28.885000228881836,28.859451293945312,369350000
2023-05-11,NVDA,28.895999908447266,28.950000762939453,28.246000289916992,28.577999114990234,28.55272102355957,322149000
2023-05-12,NVDA,28.52899932861328,28.780000686645508,28.04599952697754,28.34000015258789,28.314931869506836,274222000
2023-05-15,NVDA,28.507999420166016,28.9689998626709,28.152000427246094,28.952999114990234,28.927392959594727,293926000
2023-05-16,NVDA,28.840999603271484,29.8700008392334,28.832000732421875,29.21299934387207,29.187162399291992,449405000
2023-05-17,NVDA,29.583999633789062,30.198999404907227,29.43000030517578,30.17799949645996,30.151308059692383,432535000
2023-05-18,NVDA,30.40999984741211,31.827999114990234,30.31999969482422,31.67799949645996,31.649980545043945,748725000
2023-05-19,NVDA,31.535999298095703,31.579999923706055,30.916000366210938,31.263999938964844,31.236343383789062,473908000
2023-05-22,NVDA,30.900999069213867,31.520000457763672,30.68000030517578,31.176000595092773,31.148426055908203,372000000
2023-05-23,NVDA,31.0,31.288000106811523,30.631000518798828,30.687999725341797,30.660856246948242,356253000
2023-05-24,NVDA,30.209999084472656,30.60700035095215,29.805999755859375,30.538000106811523,30.5109920501709,721419000
2023-05-25,NVDA,38.52299880981445,39.47999954223633,36.6349983215332,37.97999954223633,37.94640350341797,1543911000
2023-05-26,NVDA,37.88999938964844,39.16999816894531,37.54999923706055,38.94599914550781,38.91155242919922,714397000
2023-05-30,NVDA,40.595001220703125,41.9379997253418,39.94900131225586,40.111000061035156,40.07551956176758,923401000
2023-05-31,NVDA,39.487998962402344,40.29499816894531,37.821998596191406,37.83399963378906,37.800537109375,1002580000
2023-06-01,NVDA,38.48899841308594,40.04999923706055,38.34000015258789,39.77000045776367,39.73481750488281,635873000
2023-06-02,NVDA,40.09700012207031,40.5,39.05799865722656,39.32699966430664,39.292213439941406,482731000
2023-06-05,NVDA,38.909000396728516,39.564998626708984,38.707000732421875,39.17100143432617,39.136356353759766,396094000
2023-06-06,NVDA,38.83000183105469,39.15999984741211,38.14799880981445,38.65399932861328,38.61981201171875,388729000
2023-06-07,NVDA,38.915000915527344,39.499000549316406,37.35599899291992,37.474998474121094,37.44572448730469,511998000
2023-06-08,NVDA,37.7239990234375,38.86399841308594,37.505001068115234,38.5099983215332,38.479923248291016,417772000
2023-06-09,NVDA,39.0369987487793,39.71099853515625,38.56700134277344,38.77000045776367,38.739715576171875,427717000
2023-06-12,NVDA,39.20000076293945,39.529998779296875,38.61800003051758,39.481998443603516,39.45116424560547,388701000
2023-06-13,NVDA,40.18600082397461,41.10100173950195,39.7400016784668,41.02199935913086,40.98995590209961,613208000
2023-06-14,NVDA,40.82400131225586,43.0,40.551998138427734,42.99700164794922,42.96342086791992,740465000
2023-06-15,NVDA,42.60200119018555,43.28900146484375,42.14699935913086,42.65299987792969,42.61968994140625,568622000
2023-06-16,NVDA,43.45000076293945,43.72100067138672,42.6609992980957,42.69200134277344,42.65864944458008,655709000
2023-06-20,NVDA,42.99800109863281,43.9900016784668,42.67399978637695,43.80799865722656,43.773780822753906,451153000
2023-06-21,NVDA,43.500999450683594,43.6150016784668,42.08000183105469,43.04499816894531,43.01137924194336,551603000
2023-06-22,NVDA,42.25299835205078,43.42599868774414,42.23400115966797,43.025001525878906,42.991390228271484,417737000
2023-06-23,NVDA,42.4640007019043,42.808998107910156,42.01499938964844,42.20899963378906,42.176029205322266,358140000
2023-06-26,NVDA,42.46099853515625,42.763999938964844,40.099998474121094,40.63199996948242,40.60026550292969,594322000
2023-06-27,NVDA,40.79899978637695,41.939998626708984,40.448001861572266,41.875999450683594,41.84328842163086,462175000
2023-06-28,NVDA,40.65999984741211,41.845001220703125,40.518001556396484,41.117000579833984,41.08488845825195,582639000
2023-06-29,NVDA,41.55799865722656,41.599998474121094,40.599998474121094,40.821998596191406,40.79011917114258,380514000
2023-06-30,NVDA,41.68000030517578,42.54999923706055,41.500999450683594,42.301998138427734,42.268959045410156,501148000
2023-07-03,NVDA,42.516998291015625,42.89799880981445,42.20199966430664,42.41299819946289,42.379859924316406,198209000
2023-07-05,NVDA,42.1349983215332,43.176998138427734,42.084999084472656,42.31700134277344,42.2839469909668,323618000
2023-07-06,NVDA,41.84400177001953,42.17900085449219,41.34600067138672,42.10300064086914,42.07011413574219,303582000
2023-07-07,NVDA,42.321998596191406,43.2140007019043,42.18000030517578,42.50299835205078,42.46979904174805,355881000
2023-07-10,NVDA,42.65700149536133,42.81100082397461,41.64899826049805,42.18000030517578,42.14705276489258,353908000
2023-07-11,NVDA,42.48099899291992,42.757999420166016,42.06700134277344,42.404998779296875,42.37187194824219,298244000
2023-07-12,NVDA,43.03300094604492,43.935001373291016,42.777000427246094,43.902000427246094,43.867706298828125,481277000
2023-07-13,NVDA,44.518001556396484,46.154998779296875,44.492000579833984,45.97700119018555,45.94108963012695,478204000
2023-07-14,NVDA,46.58300018310547,48.0880012512207,45.060001373291016,45.46900177001953,45.43349075317383,772075000
2023-07-17,NVDA,46.28900146484375,46.49599838256836,45.262001037597656,46.46099853515625,46.42470932006836,510488000
2023-07-18,NVDA,46.70100021362305,47.895999908447266,45.73400115966797,47.49399948120117,47.45690155029297,569164000
2023-07-19,NVDA,47.4640007019043,47.81800079345703,46.742000579833984,47.07699966430664,47.040225982666016,427502000
2023-07-20,NVDA,46.50699996948242,47.08700180053711,45.0620002746582,45.52000045776367,45.48444366455078,537865000
2023-07-21,NVDA,45.78799819946289,45.86600112915039,44.099998474121094,44.308998107910156,44.274391174316406,963769000
2023-07-24,NVDA,44.73099899291992,45.10900115966797,44.040000915527344,44.61199951171875,44.57715606689453,382516000
2023-07-25,NVDA,44.941001892089844,46.18299865722656,44.92300033569336,45.67900085449219,45.6433219909668,348081000
2023-07-26,NVDA,46.020999908447266,46.053001403808594,44.630001068115234,45.45199966430664,45.4164924621582,364237000
2023-07-27,NVDA,46.51900100708008,47.39500045776367,45.75,45.900001525878906,45.8641471862793,455976000
2023-07-28,NVDA,46.667999267578125,47.027000427246094,46.38100051879883,46.75,46.71348190307617,331194000
2023-07-31,NVDA,46.75400161743164,47.130001068115234,46.50600051879883,46.729000091552734,46.69249725341797,251055000
2023-08-01,NVDA,46.459999084472656,46.900001525878906,46.027000427246094,46.50699996948242,46.470672607421875,237858000
2023-08-02,NVDA,45.83100128173828,45.84000015258789,43.387001037597656,44.26900100708008,44.23442077636719,530142000
2023-08-03,NVDA,43.79999923706055,45.11800003051758,43.79999923706055,44.51499938964844,44.48023223876953,324176000
2023-08-04,NVDA,44.98500061035156,45.641998291015625,44.393001556396484,44.68000030517578,44.64509963989258,362666000
2023-08-07,NVDA,45.111000061035156,45.540000915527344,44.5629997253418,45.41699981689453,45.381534576416016,322154000
2023-08-08,NVDA,44.85300064086914,45.242000579833984,44.055999755859375,44.66400146484375,44.62911605834961,353843000
2023-08-09,NVDA,44.27399826049805,44.3120002746582,42.13399887084961,42.55400085449219,42.52075958251953,586449000
2023-08-10,NVDA,42.15999984741211,43.57400131225586,41.834999084472656,42.38800048828125,42.35490036010742,492705000
2023-08-11,NVDA,41.750999450683594,42.018001556396484,40.638999938964844,40.85499954223633,40.82308578491211,533085000
2023-08-14,NVDA,40.486000061035156,43.79999923706055,40.31100082397461,43.75299835205078,43.71882247924805,690286000
2023-08-15,NVDA,44.560001373291016,45.268001556396484,43.709999084472656,43.939998626708984,43.905677795410156,676512000
2023-08-16,NVDA,44.52000045776367,44.67499923706055,43.40599822998047,43.486000061035156,43.452030181884766,527451000
2023-08-17,NVDA,43.970001220703125,44.0620002746582,43.000999450683594,43.34400177001953,43.31014633178711,452395000
2023-08-18,NVDA,42.6349983215332,43.577999114990234,41.65999984741211,43.29899978637695,43.265174865722656,583768000
2023-08-21,NVDA,44.49399948120117,47.064998626708984,44.22200012207031,46.96699905395508,46.93031311035156,692573000
2023-08-22,NVDA,48.1349983215332,48.1870002746582,45.33300018310547,45.667999267578125,45.632328033447266,755293000
2023-08-23,NVDA,45.86600112915039,47.20000076293945,45.20800018310547,47.11600112915039,47.07920455932617,779046000
2023-08-24,NVDA,50.215999603271484,50.26599884033203,47.159000396728516,47.16299819946289,47.126163482666016,1156044000
2023-08-25,NVDA,47.012001037597656,47.80500030517578,45.02399826049805,46.018001556396484,45.982059478759766,925341000
2023-08-28,NVDA,46.481998443603516,46.97999954223633,44.88800048828125,46.834999084472656,46.79841995239258,685192000
2023-08-29,NVDA,46.66600036621094,49.08100128173828,46.39099884033203,48.784000396728516,48.745887756347656,701397000
2023-08-30,NVDA,49.04399871826172,49.926998138427734,48.42499923706055,49.263999938964844,49.22551727294922,735206000
2023-08-31,NVDA,49.380001068115234,49.74399948120117,48.95800018310547,49.35499954223633,49.31644821166992,528570000
2023-09-01,NVDA,49.762001037597656,49.79999923706055,48.141998291015625,48.50899887084961,48.47110366821289,463830000
2023-09-05,NVDA,48.222999572753906,48.85100173950195,47.86000061035156,48.54800033569336,48.51008605957031,382653000
2023-09-06,NVDA,48.441001892089844,48.54899978637695,46.58000183105469,47.06100082397461,47.02811050415039,468670000
2023-09-07,NVDA,45.525001525878906,46.34400177001953,45.152000427246094,46.24100112915039,46.20869064331055,433330000
2023-09-08,NVDA,45.94200134277344,46.60599899291992,45.270999908447266,45.571998596191406,45.54015350341797,473069000
2023-09-11,NVDA,46.14799880981445,46.16299819946289,44.3120002746582,45.178001403808594,45.14643096923828,473966000
2023-09-12,NVDA,44.737998962402344,45.67300033569336,44.53099822998047,44.869998931884766,44.83863830566406,349256000
2023-09-13,NVDA,44.599998474121094,45.93000030517578,44.50299835205078,45.48500061035156,45.45321273803711,398355000
2023-09-14,NVDA,45.95000076293945,45.98699951171875,45.13100051879883,45.58100128173828,45.54914855957031,370097000
2023-09-15,NVDA,45.340999603271484,45.5989990234375,43.80799865722656,43.900001525878906,43.86932373046875,506831000
2023-09-18,NVDA,42.74800109863281,44.242000579833984,42.0,43.965999603271484,43.935272216796875,500271000
2023-09-19,NVDA,43.83300018310547,43.965999603271484,43.00199890136719,43.52000045776367,43.48958969116211,373064000
2023-09-20,NVDA,43.599998474121094,43.90299987792969,42.222999572753906,42.23899841308594,42.2094841003418,367108000
2023-09-21,NVDA,41.58300018310547,42.099998474121094,40.97999954223633,41.016998291015625,40.98833465576172,450736000
2023-09-22,NVDA,41.571998596191406,42.1150016784668,41.23099899291992,41.61000061035156,41.580928802490234,479236000
2023-09-25,NVDA,41.590999603271484,42.5359992980957,41.176998138427734,42.22200012207031,42.19249725341797,419091000
2023-09-26,NVDA,42.000999450683594,42.81999969482422,41.654998779296875,41.9109992980957,41.8817138671875,402282000
2023-09-27,NVDA,42.33000183105469,42.87200164794922,41.62900161743164,42.46799850463867,42.43832015991211,444935000
2023-09-28,NVDA,42.459999084472656,43.44599914550781,42.1150016784668,43.0890007019043,43.05889129638672,424663000
2023-09-29,NVDA,43.82699966430664,44.14400100708008,43.30699920654297,43.499000549316406,43.46860122680664,397830000
2023-10-02,NVDA,44.029998779296875,45.17499923706055,43.861000061035156,44.78200149536133,44.75070571899414,433298000
2023-10-03,NVDA,44.80799865722656,45.130001068115234,43.24599838256836,43.516998291015625,43.48659133911133,470850000
2023-10-04,NVDA,43.742000579833984,44.143001556396484,43.29199981689453,44.04100036621094,44.010231018066406,361821000
2023-10-05,NVDA,44.04999923706055,44.900001525878906,43.88800048828125,44.6879997253418,44.656776428222656,393483000
2023-10-06,NVDA,44.19300079345703,45.78900146484375,44.0260009765625,45.762001037597656,45.73002243041992,434436000
2023-10-09,NVDA,44.84199905395508,45.60499954223633,44.36800003051758,45.27299880981445,45.241363525390625,409675000
2023-10-10,NVDA,45.310001373291016,46.25899887084961,45.0880012512207,45.79800033569336,45.765995025634766,368582000
2023-10-11,NVDA,46.19599914550781,46.85900115966797,46.04999923706055,46.805999755859375,46.77329635620117,378137000
2023-10-12,NVDA,46.777000427246094,47.60900115966797,46.33000183105469,46.94499969482422,46.91219711303711,481325000
2023-10-13,NVDA,46.959999084472656,47.11600112915039,45.279998779296875,45.46099853515625,45.42923355102539,474115000
2023-10-16,NVDA,45.0629997253418,46.224998474121094,44.9119987487793,46.095001220703125,46.06279373168945,375099000
2023-10-17,NVDA,44.0,44.75400161743164,42.47999954223633,43.9379997253418,43.90729904174805,812333000
2023-10-18,NVDA,42.590999603271484,43.21900177001953,41.82500076293945,42.19599914550781,42.16651153564453,627294000
2023-10-19,NVDA,42.81100082397461,43.297000885009766,41.88199996948242,42.10100173950195,42.07158279418945,501233000
2023-10-20,NVDA,41.88999938964844,42.470001220703125,41.077999114990234,41.387001037597656,41.35807800292969,477266000
2023-10-23,NVDA,41.229000091552734,43.24800109863281,40.94499969482422,42.974998474121094,42.944969177246094,478530000
2023-10-24,NVDA,43.07699966430664,43.696998596191406,42.691001892089844,43.66299819946289,43.632484436035156,401463000
2023-10-25,NVDA,43.39799880981445,43.650001525878906,41.55500030517578,41.77899932861328,41.74980926513672,398379000
2023-10-26,NVDA,41.85300064086914,42.25600051879883,39.880001068115234,40.32600021362305,40.297821044921875,541001000
2023-10-27,NVDA,41.130001068115234,41.20600128173828,40.01499938964844,40.5,40.47169876098633,416784000
2023-10-30,NVDA,41.08700180053711,41.76599884033203,40.48099899291992,41.1609992980957,41.132240295410156,388028000
2023-10-31,NVDA,40.45000076293945,40.87900161743164,39.22999954223633,40.779998779296875,40.751502990722656,517969000
2023-11-01,NVDA,40.88399887084961,42.38100051879883,40.86899948120117,42.32500076293945,42.295433044433594,437593000
2023-11-02,NVDA,43.327999114990234,43.88399887084961,42.89400100708008,43.50600051879883,43.47560119628906,409172000
2023-11-03,NVDA,44.02000045776367,45.308998107910156,43.722999572753906,45.005001068115234,44.973548889160156,424610000
2023-11-06,NVDA,45.28499984741211,45.935001373291016,44.89899826049805,45.750999450683594,45.71902847290039,400733000
2023-11-07,NVDA,45.71900177001953,46.21799850463867,45.15800094604492,45.95500183105469,45.92289352416992,343165000
2023-11-08,NVDA,46.099998474121094,46.867000579833984,45.96799850463867,46.57400131225586,46.54145431518555,346719000
2023-11-09,NVDA,47.46699905395508,48.22999954223633,46.75,46.95000076293945,46.91719436645508,540496000
2023-11-10,NVDA,47.5,48.47200012207031,47.28300094604492,48.334999084472656,48.30122375488281,421245000
2023-11-13,NVDA,48.31999969482422,49.11600112915039,48.0989990234375,48.619998931884766,48.58602523803711,384136000
2023-11-14,NVDA,49.68000030517578,49.83399963378906,49.040000915527344,49.65599822998047,49.62130355834961,416954000
2023-11-15,NVDA,49.935001373291016,49.959999084472656,48.20000076293945,48.88800048828125,48.85383605957031,475497000
2023-11-16,NVDA,48.67900085449219,49.525001525878906,48.33000183105469,49.47999954223633,49.44542694091797,339756000
2023-11-17,NVDA,49.52399826049805,49.71699905395508,49.00699996948242,49.29800033569336,49.26355743408203,325205000
2023-11-20,NVDA,49.3120002746582,50.54800033569336,49.180999755859375,50.409000396728516,50.373779296875,414120000
2023-11-21,NVDA,50.125999450683594,50.516998291015625,49.22200012207031,49.944000244140625,49.909095764160156,565747000
2023-11-22,NVDA,49.85200119018555,50.334999084472656,47.689998626708984,48.715999603271484,48.68195343017578,899420000
2023-11-24,NVDA,48.470001220703125,48.92100143432617,47.744998931884766,47.7760009765625,47.742618560791016,294645000
2023-11-27,NVDA,47.79999923706055,48.529998779296875,47.652000427246094,48.242000579833984,48.208290100097656,395662000
2023-11-28,NVDA,48.236000061035156,48.323001861572266,47.472999572753906,47.82099914550781,47.7875862121582,401491000
2023-11-29,NVDA,48.37900161743164,48.762001037597656,47.86000061035156,48.13999938964844,48.106361389160156,382005000
2023-11-30,NVDA,48.02399826049805,48.11000061035156,46.422000885009766,46.77000045776367,46.73732376098633,526247000
2023-12-01,NVDA,46.525001525878906,47.20000076293945,46.1870002746582,46.76499938964844,46.732330322265625,369317000
2023-12-04,NVDA,46.07699966430664,46.07699966430664,45.0099983215332,45.5099983215332,45.47819900512695,437543000
2023-12-05,NVDA,45.465999603271484,46.599998474121094,45.270999908447266,46.566001892089844,46.53755569458008,371718000
2023-12-06,NVDA,47.21500015258789,47.387001037597656,45.4119987487793,45.50299835205078,45.47520065307617,380590000
2023-12-07,NVDA,45.70000076293945,46.62900161743164,45.604000091552734,46.59600067138672,46.56753158569336,350823000
2023-12-08,NVDA,46.595001220703125,47.74100112915039,46.54999923706055,47.50600051879883,47.47697830200195,359224000
2023-12-11,NVDA,47.49100112915039,47.53099822998047,45.83000183105469,46.62699890136719,46.59851837158203,509728000
2023-12-12,NVDA,46.04600143432617,47.66600036621094,46.04600143432617,47.65700149536133,47.627891540527344,372387000
2023-12-13,NVDA,47.62900161743164,48.59400177001953,47.608001708984375,48.0880012512207,48.058624267578125,447792000
2023-12-14,NVDA,48.38999938964844,48.66999816894531,47.422000885009766,48.349998474121094,48.320465087890625,391232000
2023-12-15,NVDA,48.194000244140625,49.40399932861328,48.119998931884766,48.88999938964844,48.860130310058594,479948000
2018-11-09,PCG,44.47999954223633,44.58000183105469,39.790000915527344,39.91999816894531,39.349571228027344,23627100
2018-11-12,PCG,33.15999984741211,35.150001525878906,24.950000762939453,32.97999954223633,32.50873947143555,44033200
2018-11-13,PCG,32.599998474121094,33.2599983215332,30.760000228881836,32.720001220703125,32.2524528503418,17907500
2018-11-14,PCG,26.950000762939453,29.200000762939453,22.350000381469727,25.59000015258789,25.224334716796875,53543100
2018-11-15,PCG,24.010000228881836,24.18000030517578,17.260000228881836,17.739999771118164,17.486507415771484,107155700
2018-11-16,PCG,25.209999084472656,25.510000228881836,23.010000228881836,24.399999618530273,24.05133819580078,54698400
2018-11-19,PCG,22.3700008392334,23.389999389648438,21.540000915527344,23.260000228881836,22.927631378173828,22846000
2018-11-20,PCG,24.170000076293945,24.40999984741211,23.079999923706055,23.510000228881836,23.174057006835938,16367400
2018-11-21,PCG,23.639999389648438,24.549999237060547,23.639999389648438,24.299999237060547,23.95276641845703,10688600
2018-11-23,PCG,24.06999969482422,24.079999923706055,23.260000228881836,23.84000015258789,23.49934196472168,5736500
2018-11-26,PCG,23.520000457763672,25.15999984741211,23.34000015258789,25.1200008392334,24.76105499267578,9648200
2018-11-27,PCG,25.559999465942383,27.0,24.959999084472656,26.969999313354492,26.58461570739746,19132500
2018-11-28,PCG,27.520000457763672,27.520000457763672,26.290000915527344,27.459999084472656,27.067615509033203,13017200
2018-11-29,PCG,27.100000381469727,27.600000381469727,26.219999313354492,26.760000228881836,26.377614974975586,10133100
2018-11-30,PCG,26.809999465942383,26.989999771118164,26.020000457763672,26.3799991607666,26.003047943115234,9689900
2018-12-03,PCG,26.299999237060547,27.309999465942383,26.100000381469727,27.110000610351562,26.72261619567871,6789700
2018-12-04,PCG,27.149999618530273,27.34000015258789,26.329999923706055,26.75,26.367759704589844,6481900
2018-12-06,PCG,26.56999969482422,26.649999618530273,25.43000030517578,26.030000686645508,25.658050537109375,9359100
2018-12-07,PCG,26.010000228881836,26.68000030517578,25.729999542236328,25.790000915527344,25.421480178833008,6837300
2018-12-10,PCG,25.420000076293945,25.959999084472656,24.809999465942383,25.889999389648438,25.520050048828125,7141300
2018-12-11,PCG,26.0,26.350000381469727,25.350000381469727,26.059999465942383,25.687620162963867,4841800
2018-12-12,PCG,25.450000762939453,26.920000076293945,25.260000228881836,26.389999389648438,26.012903213500977,6293500
2018-12-13,PCG,26.399999618530273,26.93000030517578,26.100000381469727,26.510000228881836,26.131187438964844,7338900
2018-12-14,PCG,26.579999923706055,27.3799991607666,25.68000030517578,26.010000228881836,25.638334274291992,12100200
2018-12-17,PCG,24.450000762939453,24.989999771118164,24.1299991607666,24.440000534057617,24.09076690673828,15783300
2018-12-18,PCG,24.350000381469727,24.719999313354492,22.959999084472656,23.020000457763672,22.69106101989746,11884000
2018-12-19,PCG,23.09000015258789,24.059999465942383,22.799999237060547,23.75,23.410627365112305,14386500
2018-12-20,PCG,23.6299991607666,24.290000915527344,22.950000762939453,23.850000381469727,23.509197235107422,10699200
2018-12-21,PCG,23.799999237060547,24.270000457763672,22.31999969482422,22.75,22.424917221069336,13712300
2018-12-24,PCG,22.350000381469727,23.600000381469727,22.299999237060547,23.149999618530273,22.819204330444336,6053900
2018-12-26,PCG,23.18000030517578,23.350000381469727,21.8799991607666,23.329999923706055,22.99662971496582,6862000
2018-12-27,PCG,23.18000030517578,23.600000381469727,22.600000381469727,23.600000381469727,23.262773513793945,7313600
2018-12-28,PCG,23.579999923706055,24.43000030517578,23.25,23.889999389648438,23.548625946044922,7882600
2018-12-31,PCG,23.229999542236328,24.229999542236328,23.149999618530273,23.75,23.410627365112305,7780200
2019-01-02,PCG,23.549999237060547,24.469999313354492,23.299999237060547,23.799999237060547,23.459915161132812,8591800
2019-01-03,PCG,23.850000381469727,24.200000762939453,23.40999984741211,23.950000762939453,23.607770919799805,5591800
2019-01-04,PCG,23.84000015258789,24.829999923706055,23.84000015258789,24.399999618530273,24.05133819580078,9156600
2019-01-07,PCG,18.5,20.200000762939453,17.959999084472656,18.950000762939453,18.67922019958496,35120500
2019-01-08,PCG,16.790000915527344,17.559999465942383,15.779999732971191,17.559999465942383,17.3090763092041,34202000
2019-01-09,PCG,17.600000381469727,19.350000381469727,17.559999465942383,17.829999923706055,17.575220108032227,24533300
2019-01-10,PCG,18.049999237060547,19.200000762939453,17.06999969482422,17.760000228881836,17.506223678588867,24798300
2019-01-11,PCG,17.0,17.959999084472656,16.719999313354492,17.59000015258789,17.33864974975586,19750700
2019-01-14,PCG,9.210000038146973,9.729999542236328,7.78000020980835,8.380000114440918,8.260254859924316,127198800
2019-01-15,PCG,6.28000020980835,7.199999809265137,5.070000171661377,6.909999847412109,6.811259746551514,173062600
2019-01-16,PCG,6.449999809265137,7.110000133514404,6.309999942779541,7.03000020980835,6.92954683303833,78485900
2019-01-17,PCG,8.300000190734863,8.319999694824219,6.309999942779541,6.360000133514404,6.269120216369629,205294500
2019-01-18,PCG,6.659999847412109,7.460000038146973,6.539999961853027,7.230000019073486,7.126688003540039,53590400
2019-01-22,PCG,7.159999847412109,8.380000114440918,7.0,7.699999809265137,7.589972019195557,59384900
2019-01-23,PCG,7.960000038146973,8.050000190734863,7.519999980926514,7.989999771118164,7.875827312469482,21631000
2019-01-24,PCG,7.900000095367432,14.5,7.300000190734863,13.949999809265137,13.750664710998535,82538300
2019-01-25,PCG,12.699999809265137,12.859999656677246,11.510000228881836,11.770000457763672,11.601814270019531,72357400
2019-01-28,PCG,10.609999656677246,14.149999618530273,10.609999656677246,12.010000228881836,11.838384628295898,58267000
2019-01-29,PCG,12.3100004196167,14.350000381469727,12.229999542236328,13.989999771118164,13.790091514587402,56057400
2019-01-30,PCG,14.149999618530273,14.149999618530273,13.149999618530273,13.670000076293945,13.474664688110352,19681000
2019-01-31,PCG,13.380000114440918,13.65999984741211,12.729999542236328,13.0,12.814237594604492,12119500
2019-02-01,PCG,12.880000114440918,13.25,12.8100004196167,13.079999923706055,12.893095016479492,6496900
2019-02-04,PCG,13.369999885559082,13.390000343322754,12.800000190734863,13.289999961853027,13.100093841552734,8512100
2019-02-05,PCG,13.260000228881836,14.25,13.170000076293945,14.079999923706055,13.878807067871094,9157100
2019-02-06,PCG,14.119999885559082,14.140000343322754,13.65999984741211,13.670000076293945,13.474664688110352,5999700
2019-02-07,PCG,13.5,14.149999618530273,13.420000076293945,14.0600004196167,13.85909366607666,8918500
2019-02-08,PCG,13.930000305175781,14.569999694824219,13.710000038146973,14.199999809265137,13.997091293334961,6488300
2019-02-11,PCG,14.319999694824219,14.65999984741211,14.079999923706055,14.329999923706055,14.125234603881836,7368300
2019-02-12,PCG,14.8100004196167,15.470000267028809,14.380000114440918,15.430000305175781,15.209515571594238,11555800
2019-02-13,PCG,15.5,16.0,15.149999618530273,15.210000038146973,14.992659568786621,8687000
2019-02-14,PCG,15.350000381469727,15.550000190734863,15.119999885559082,15.470000267028809,15.248943328857422,7240500
2019-02-15,PCG,15.449999809265137,15.680000305175781,15.399999618530273,15.479999542236328,15.258800506591797,4823200
2019-02-19,PCG,16.350000381469727,18.510000228881836,16.1299991607666,17.739999771118164,17.486507415771484,29442500
2019-02-20,PCG,18.059999465942383,18.479999542236328,17.760000228881836,18.209999084472656,17.949792861938477,12206200
2019-02-21,PCG,18.450000762939453,19.950000762939453,18.299999237060547,19.399999618530273,19.122785568237305,22164000
2019-02-22,PCG,19.8799991607666,19.989999771118164,17.780000686645508,18.770000457763672,18.50179100036621,16304400
2019-02-25,PCG,18.799999237060547,18.829999923706055,17.920000076293945,18.649999618530273,18.383501052856445,5906500
2019-02-26,PCG,18.649999618530273,19.030000686645508,18.31999969482422,18.520000457763672,18.25536346435547,5207500
2019-02-27,PCG,18.68000030517578,18.850000381469727,17.350000381469727,17.799999237060547,17.5456485748291,11950700
2019-02-28,PCG,17.850000381469727,17.860000610351562,16.229999542236328,17.030000686645508,16.78665542602539,11974600
2019-03-01,PCG,17.100000381469727,18.270000457763672,17.049999237060547,17.90999984741211,17.654075622558594,11335400
2019-03-04,PCG,18.139999389648438,18.190000534057617,17.709999084472656,18.049999237060547,17.792076110839844,8047100
2019-03-05,PCG,18.0,18.440000534057617,17.969999313354492,18.309999465942383,18.048362731933594,7826400
2019-03-06,PCG,18.15999984741211,19.200000762939453,18.149999618530273,18.360000610351562,18.09764862060547,8636000
2019-03-07,PCG,18.479999542236328,19.170000076293945,18.40999984741211,19.06999969482422,18.797500610351562,7077900
2019-03-08,PCG,18.8799991607666,19.399999618530273,18.770000457763672,19.389999389648438,19.11292839050293,3936200
2019-03-11,PCG,19.399999618530273,19.56999969482422,19.139999389648438,19.3799991607666,19.103069305419922,5576800
2019-03-12,PCG,19.389999389648438,19.520000457763672,19.15999984741211,19.219999313354492,18.945358276367188,4570700
2019-03-13,PCG,19.600000381469727,19.610000610351562,18.809999465942383,19.459999084472656,19.181928634643555,12773100
2019-03-14,PCG,19.389999389648438,19.559999465942383,19.260000228881836,19.510000228881836,19.231216430664062,6437300
2019-03-15,PCG,19.579999923706055,19.670000076293945,18.959999084472656,19.649999618530273,19.369213104248047,8077300
2019-03-18,PCG,19.799999237060547,19.799999237060547,19.209999084472656,19.43000030517578,19.15235710144043,6636300
2019-03-19,PCG,19.43000030517578,19.479999542236328,18.709999084472656,19.06999969482422,18.797500610351562,7094100
2019-03-20,PCG,18.93000030517578,19.360000610351562,18.84000015258789,19.079999923706055,18.80735969543457,2576900
2019-03-21,PCG,19.030000686645508,19.149999618530273,18.81999969482422,19.049999237060547,18.777786254882812,2472700
2019-03-22,PCG,19.100000381469727,19.479999542236328,18.899999618530273,19.420000076293945,19.142499923706055,9601700
2019-03-25,PCG,19.3799991607666,19.3799991607666,17.5,18.209999084472656,17.949792861938477,12809400
2019-03-26,PCG,18.270000457763672,18.75,17.920000076293945,17.950000762939453,17.69350814819336,3537100
2019-03-27,PCG,17.93000030517578,18.0,17.399999618530273,17.68000030517578,17.4273681640625,8151600
2019-03-28,PCG,18.040000915527344,18.1299991607666,15.489999771118164,17.25,17.003509521484375,12484100
2019-03-29,PCG,17.389999389648438,17.809999465942383,16.959999084472656,17.799999237060547,17.5456485748291,3587300
2019-04-01,PCG,17.59000015258789,18.030000686645508,17.18000030517578,18.010000228881836,17.752649307250977,4114600
2019-04-02,PCG,17.969999313354492,18.420000076293945,17.6299991607666,17.65999984741211,17.40764808654785,5701000
2019-04-03,PCG,18.15999984741211,18.75,17.860000610351562,18.469999313354492,18.20607566833496,9992500
2019-04-04,PCG,18.899999618530273,19.639999389648438,18.760000228881836,18.860000610351562,18.590505599975586,7950800
2019-04-05,PCG,19.06999969482422,19.43000030517578,18.8799991607666,19.3700008392334,19.093215942382812,3570800
2019-04-08,PCG,19.420000076293945,20.059999465942383,19.389999389648438,19.68000030517578,19.398784637451172,8207600
2019-04-09,PCG,19.649999618530273,19.860000610351562,18.739999771118164,18.81999969482422,18.55107307434082,6424900
2019-04-10,PCG,18.81999969482422,19.200000762939453,18.790000915527344,18.8700008392334,18.600357055664062,1971700
2019-04-11,PCG,18.979999542236328,19.600000381469727,18.899999618530273,19.1299991607666,18.85664176940918,3405100
2019-04-12,PCG,19.18000030517578,23.219999313354492,18.829999923706055,23.079999923706055,22.750202178955078,26759100
2019-04-15,PCG,22.760000228881836,24.899999618530273,22.020000457763672,23.719999313354492,23.381057739257812,20527400
2019-04-16,PCG,23.549999237060547,23.75,22.139999389648438,22.260000228881836,21.941919326782227,7660400
2019-04-17,PCG,22.809999465942383,22.809999465942383,21.709999084472656,21.850000381469727,21.537776947021484,5429000
2019-04-18,PCG,21.700000762939453,21.729999542236328,20.809999465942383,21.0,20.69992446899414,5209500
2019-04-22,PCG,20.8799991607666,21.600000381469727,20.8700008392334,21.399999618530273,21.094207763671875,5001000
2019-04-23,PCG,21.5,21.780000686645508,21.299999237060547,21.530000686645508,21.22235107421875,11613200
2019-04-24,PCG,22.31999969482422,23.450000762939453,22.049999237060547,22.93000030517578,22.602346420288086,16766800
2019-04-25,PCG,22.670000076293945,23.239999771118164,22.229999542236328,23.09000015258789,22.76005744934082,5321200
2019-04-26,PCG,23.049999237060547,23.40999984741211,22.760000228881836,23.40999984741211,23.075489044189453,8885000
2019-04-29,PCG,23.399999618530273,23.799999237060547,23.270000457763672,23.420000076293945,23.085342407226562,6637100
2019-04-30,PCG,23.43000030517578,23.469999313354492,22.5,22.520000457763672,22.198204040527344,4419000
2019-05-01,PCG,22.65999984741211,22.65999984741211,21.510000228881836,21.700000762939453,21.389917373657227,6483400
2019-05-02,PCG,21.950000762939453,22.600000381469727,20.709999084472656,20.959999084472656,20.66049575805664,7570400
2019-05-03,PCG,20.729999542236328,21.610000610351562,20.719999313354492,21.489999771118164,21.18292236328125,3080200
2019-05-06,PCG,20.8799991607666,21.799999237060547,20.799999237060547,21.34000015258789,21.035064697265625,3252900
2019-05-07,PCG,21.360000610351562,21.579999923706055,20.899999618530273,21.0,20.69992446899414,8308800
2019-05-08,PCG,20.799999237060547,20.8700008392334,20.1299991607666,20.260000228881836,19.970497131347656,9509100
2019-05-09,PCG,20.139999389648438,20.229999542236328,18.950000762939453,19.350000381469727,19.073497772216797,7473400
2019-05-10,PCG,19.459999084472656,19.559999465942383,18.399999618530273,18.600000381469727,18.334217071533203,10992600
2019-05-13,PCG,18.350000381469727,18.3799991607666,17.959999084472656,18.229999542236328,17.969501495361328,10616800
2019-05-14,PCG,18.299999237060547,18.420000076293945,18.0,18.360000610351562,18.09764862060547,7931900
2019-05-15,PCG,18.360000610351562,18.440000534057617,18.0,18.059999465942383,17.801929473876953,5657600
2019-05-16,PCG,18.030000686645508,18.450000762939453,17.799999237060547,18.170000076293945,17.910362243652344,10289000
2019-05-17,PCG,18.0,18.149999618530273,16.860000610351562,17.020000457763672,16.776792526245117,13270300
2019-05-20,PCG,16.649999618530273,17.829999923706055,16.489999771118164,17.68000030517578,17.4273681640625,8248500
2019-05-21,PCG,17.68000030517578,18.489999771118164,17.520000457763672,18.450000762939453,18.186363220214844,5723200
2019-05-22,PCG,18.3700008392334,19.25,18.299999237060547,19.0,18.728500366210938,7364800
2019-05-23,PCG,18.950000762939453,19.290000915527344,18.56999969482422,18.989999771118164,18.71864128112793,5615600
2019-05-24,PCG,19.190000534057617,19.290000915527344,18.81999969482422,18.829999923706055,18.560932159423828,3437100
2019-05-28,PCG,18.8799991607666,18.950000762939453,17.399999618530273,17.729999542236328,17.476648330688477,10638600
2019-05-29,PCG,17.549999237060547,17.770000457763672,16.760000228881836,17.1299991607666,16.885223388671875,7907400
2019-05-30,PCG,17.299999237060547,18.719999313354492,16.270000457763672,17.780000686645508,17.52593421936035,9607300
2019-05-31,PCG,17.549999237060547,17.68000030517578,16.700000762939453,17.100000381469727,16.855655670166016,9651400
2019-06-03,PCG,17.200000762939453,17.889999389648438,17.010000228881836,17.889999389648438,17.63436508178711,6035300
2019-06-04,PCG,18.049999237060547,19.440000534057617,17.709999084472656,18.739999771118164,18.472217559814453,7561200
2019-06-05,PCG,18.739999771118164,21.270000457763672,18.3799991607666,20.75,20.4534969329834,14810000
2019-06-06,PCG,20.56999969482422,21.260000228881836,19.09000015258789,20.969999313354492,20.67034912109375,10012000
2019-06-07,PCG,20.829999923706055,21.06999969482422,20.350000381469727,20.459999084472656,20.167638778686523,5486500
2019-06-10,PCG,20.8799991607666,21.0,19.530000686645508,19.770000457763672,19.48750114440918,3405400
2019-06-11,PCG,19.860000610351562,19.969999313354492,18.969999313354492,19.100000381469727,18.82707405090332,7045500
2019-06-12,PCG,18.940000534057617,19.530000686645508,17.969999313354492,18.239999771118164,17.979366302490234,5714400
2019-06-13,PCG,18.299999237060547,18.469999313354492,18.030000686645508,18.290000915527344,18.028648376464844,2360200
2019-06-14,PCG,18.190000534057617,18.639999389648438,18.100000381469727,18.479999542236328,18.215932846069336,1746800
2019-06-17,PCG,18.600000381469727,19.09000015258789,18.540000915527344,18.8799991607666,18.610214233398438,3937400
2019-06-18,PCG,19.139999389648438,19.690000534057617,18.959999084472656,19.139999389648438,18.866500854492188,3322800
2019-06-19,PCG,19.6200008392334,21.06999969482422,19.420000076293945,20.530000686645508,20.23664093017578,16633800
2019-06-20,PCG,21.0,23.850000381469727,20.799999237060547,23.56999969482422,23.233198165893555,19836400
2019-06-21,PCG,22.75,25.190000534057617,22.1200008392334,22.959999084472656,22.631914138793945,21088700
2019-06-24,PCG,22.969999313354492,23.299999237060547,21.270000457763672,21.670000076293945,21.360349655151367,8706200
2019-06-25,PCG,21.65999984741211,22.209999084472656,20.93000030517578,21.600000381469727,21.291349411010742,13765700
2019-06-26,PCG,21.440000534057617,21.90999984741211,20.950000762939453,21.719999313354492,21.409635543823242,5820800
2019-06-27,PCG,21.75,24.030000686645508,21.489999771118164,23.950000762939453,23.607770919799805,7600600
2019-06-28,PCG,23.739999771118164,24.1200008392334,22.18000030517578,22.920000076293945,22.592487335205078,10740600
2019-07-01,PCG,23.110000610351562,23.559999465942383,22.469999313354492,23.350000381469727,23.016345977783203,4676400
2019-07-02,PCG,23.360000610351562,23.489999771118164,22.1299991607666,22.399999618530273,22.079917907714844,4796500
2019-07-03,PCG,22.469999313354492,23.100000381469727,22.030000686645508,22.3700008392334,22.050352096557617,3217300
2019-07-05,PCG,22.219999313354492,22.260000228881836,21.56999969482422,21.790000915527344,21.4786319732666,3494200
2019-07-08,PCG,21.450000762939453,21.84000015258789,20.920000076293945,21.729999542236328,21.419492721557617,8090700
2019-07-09,PCG,21.690000534057617,23.09000015258789,21.610000610351562,21.889999389648438,21.577207565307617,8019600
2019-07-10,PCG,22.149999618530273,22.31999969482422,21.030000686645508,21.399999618530273,21.094207763671875,5758600
2019-07-11,PCG,21.399999618530273,21.729999542236328,19.920000076293945,20.450000762939453,20.157785415649414,8982100
2019-07-12,PCG,20.1299991607666,20.309999465942383,19.299999237060547,19.399999618530273,19.122785568237305,8907300
2019-07-15,PCG,19.219999313354492,19.219999313354492,17.329999923706055,17.739999771118164,17.486507415771484,18190700
2019-07-16,PCG,17.90999984741211,18.3700008392334,17.729999542236328,18.1299991607666,17.870935440063477,8245900
2019-07-17,PCG,17.920000076293945,18.899999618530273,17.920000076293945,18.450000762939453,18.186363220214844,4626700
2019-07-18,PCG,17.799999237060547,18.540000915527344,16.860000610351562,18.459999084472656,18.196216583251953,7541500
2019-07-19,PCG,18.239999771118164,18.280000686645508,17.649999618530273,17.790000915527344,17.53579330444336,4229200
2019-07-22,PCG,17.790000915527344,17.850000381469727,17.219999313354492,17.649999618530273,17.397794723510742,3766200
2019-07-23,PCG,17.639999389648438,18.959999084472656,17.59000015258789,18.889999389648438,18.620073318481445,8663200
2019-07-24,PCG,18.81999969482422,20.15999984741211,18.350000381469727,18.889999389648438,18.620073318481445,7670500
2019-07-25,PCG,19.290000915527344,19.440000534057617,18.020000457763672,18.350000381469727,18.08778953552246,3831300
2019-07-26,PCG,18.280000686645508,18.719999313354492,18.139999389648438,18.700000762939453,18.432788848876953,3936700
2019-07-29,PCG,18.700000762939453,18.719999313354492,17.899999618530273,18.280000686645508,18.018789291381836,2574500
2019-07-30,PCG,18.1299991607666,19.030000686645508,17.860000610351562,18.0,17.74279022216797,3986900
2019-07-31,PCG,18.049999237060547,18.469999313354492,17.889999389648438,18.1299991607666,17.870935440063477,2690100
2019-08-01,PCG,18.020000457763672,18.559999465942383,17.950000762939453,18.049999237060547,17.792076110839844,2634900
2019-08-02,PCG,18.200000762939453,18.790000915527344,18.020000457763672,18.600000381469727,18.334217071533203,3289000
2019-08-05,PCG,18.100000381469727,18.600000381469727,17.739999771118164,17.950000762939453,17.69350814819336,3377300
2019-08-06,PCG,18.139999389648438,18.40999984741211,17.950000762939453,18.229999542236328,17.969501495361328,3839000
2019-08-07,PCG,18.1200008392334,18.25,17.790000915527344,18.15999984741211,17.9005069732666,4913800
2019-08-08,PCG,18.1200008392334,19.18000030517578,17.299999237060547,18.510000228881836,18.24550437927246,9807400
2019-08-09,PCG,18.600000381469727,18.770000457763672,17.950000762939453,18.1200008392334,17.861080169677734,5856100
2019-08-12,PCG,18.0,18.049999237060547,16.729999542236328,16.75,16.51065444946289,11634100
2019-08-13,PCG,16.6299991607666,17.479999542236328,16.459999084472656,16.950000762939453,16.707794189453125,6662200
2019-08-14,PCG,16.889999389648438,17.0,15.75,15.930000305175781,15.702372550964355,5340300
2019-08-15,PCG,16.1299991607666,16.190000534057617,14.0,14.390000343322754,14.18437671661377,12635100
2019-08-16,PCG,14.40999984741211,15.069999694824219,14.270000457763672,14.279999732971191,14.075947761535645,5123500
2019-08-19,PCG,10.449999809265137,11.5600004196167,10.050000190734863,10.670000076293945,10.517532348632812,47553300
2019-08-20,PCG,10.789999961853027,11.9399995803833,9.420000076293945,11.65999984741211,11.493385314941406,20851100
2019-08-21,PCG,11.739999771118164,12.850000381469727,11.40999984741211,12.25,12.074954986572266,12413000
2019-08-22,PCG,12.300000190734863,12.59000015258789,11.649999618530273,11.680000305175781,11.513101577758789,7325200
2019-08-23,PCG,11.510000228881836,11.729999542236328,10.960000038146973,11.039999961853027,10.882245063781738,7666000
2019-08-26,PCG,11.199999809265137,11.930000305175781,11.100000381469727,11.800000190734863,11.631386756896973,5312000
2019-08-27,PCG,11.75,11.90999984741211,11.199999809265137,11.220000267028809,11.059674263000488,4596500
2019-08-28,PCG,11.229999542236328,11.3100004196167,10.8100004196167,10.819999694824219,10.665388107299805,4385000
2019-08-29,PCG,10.920000076293945,11.0600004196167,10.380000114440918,10.430000305175781,10.280961990356445,9033700
2019-08-30,PCG,10.539999961853027,10.729999542236328,10.390000343322754,10.449999809265137,10.300676345825195,5226400
2019-09-03,PCG,10.369999885559082,10.829999923706055,10.260000228881836,10.569999694824219,10.418961524963379,6418700
2019-09-04,PCG,10.699999809265137,10.739999771118164,10.390000343322754,10.6899995803833,10.53724479675293,4176800
2019-09-05,PCG,10.699999809265137,10.930000305175781,10.539999961853027,10.5600004196167,10.40910530090332,5397200
2019-09-06,PCG,10.510000228881836,10.579999923706055,9.979999542236328,10.1899995803833,10.044391632080078,6305500
2019-09-09,PCG,9.979999542236328,11.289999961853027,9.979999542236328,11.1899995803833,11.030101776123047,12042500
2019-09-10,PCG,11.229999542236328,11.489999771118164,10.569999694824219,10.899999618530273,10.744246482849121,9931200
2019-09-11,PCG,10.899999618530273,11.199999809265137,10.569999694824219,10.680000305175781,10.527390480041504,6631400
2019-09-12,PCG,10.84000015258789,10.880000114440918,10.100000381469727,10.100000381469727,9.95567512512207,6850300
2019-09-13,PCG,11.010000228881836,11.210000038146973,10.3100004196167,11.180000305175781,11.020245552062988,18977200
2019-09-16,PCG,11.270000457763672,11.390000343322754,10.670000076293945,11.010000228881836,10.852673530578613,5830200
2019-09-17,PCG,10.949999809265137,11.210000038146973,10.609999656677246,11.15999984741211,11.000530242919922,6573800
2019-09-18,PCG,11.180000305175781,12.149999618530273,11.010000228881836,11.75,11.582100868225098,9438600
2019-09-19,PCG,11.84000015258789,12.420000076293945,11.569999694824219,12.199999809265137,12.02566909790039,9423700
2019-09-20,PCG,11.0,11.670000076293945,10.960000038146973,11.609999656677246,11.444099426269531,17629100
2019-09-23,PCG,11.600000381469727,11.970000267028809,11.140000343322754,11.539999961853027,11.375101089477539,10045100
2019-09-24,PCG,11.649999618530273,12.40999984741211,10.520000457763672,10.930000305175781,10.773818969726562,30069700
2019-09-25,PCG,10.949999809265137,11.100000381469727,10.630000114440918,10.770000457763672,10.616104125976562,9917900
2019-09-26,PCG,10.850000381469727,11.319999694824219,10.619999885559082,10.699999809265137,10.547103881835938,10148700
2019-09-27,PCG,10.600000381469727,10.619999885559082,10.0,10.119999885559082,9.975393295288086,9651800
2019-09-30,PCG,10.09000015258789,10.149999618530273,9.59000015258789,10.0,9.857104301452637,9336100
2019-10-01,PCG,9.859999656677246,10.09000015258789,9.600000381469727,9.899999618530273,9.758536338806152,8682300
2019-10-02,PCG,9.75,9.75,8.920000076293945,8.960000038146973,8.831968307495117,14649000
2019-10-03,PCG,9.09000015258789,9.569999694824219,9.010000228881836,9.550000190734863,9.41353702545166,9749200
2019-10-04,PCG,9.6899995803833,10.970000267028809,9.630000114440918,10.869999885559082,10.714673042297363,16320300
2019-10-07,PCG,11.0,12.289999961853027,10.90999984741211,11.5,11.335672378540039,15769700
2019-10-08,PCG,11.40999984741211,11.579999923706055,10.829999923706055,10.899999618530273,10.744246482849121,10709000
2019-10-09,PCG,10.899999618530273,11.210000038146973,10.670000076293945,10.979999542236328,10.823101043701172,3170400
2019-10-10,PCG,7.78000020980835,8.430000305175781,7.510000228881836,7.789999961853027,7.678686141967773,44576400
2019-10-11,PCG,8.069999694824219,8.800000190734863,7.800000190734863,8.020000457763672,7.905399799346924,39516000
2019-10-14,PCG,8.109999656677246,8.109999656677246,7.400000095367432,7.670000076293945,7.560401439666748,12715800
2019-10-15,PCG,7.599999904632568,7.929999828338623,7.559999942779541,7.710000038146973,7.599828720092773,6959000
2019-10-16,PCG,7.769999980926514,7.980000019073486,7.650000095367432,7.880000114440918,7.767399787902832,5295900
2019-10-17,PCG,7.929999828338623,8.380000114440918,7.809999942779541,7.829999923706055,7.718114376068115,7887200
2019-10-18,PCG,7.909999847412109,8.0600004196167,7.650000095367432,7.760000228881836,7.649115085601807,14025300
2019-10-21,PCG,7.760000228881836,8.109999656677246,7.650000095367432,8.039999961853027,7.925113201141357,6251100
2019-10-22,PCG,8.100000381469727,8.15999984741211,7.929999828338623,8.100000381469727,7.984256744384766,5289500
2019-10-23,PCG,8.140000343322754,8.25,7.96999979019165,8.199999809265137,8.0828275680542,7156100
2019-10-24,PCG,7.880000114440918,7.900000095367432,7.050000190734863,7.199999809265137,7.097116470336914,25873700
2019-10-25,PCG,6.010000228881836,6.159999847412109,4.960000038146973,5.0,4.928552150726318,69486300
2019-10-28,PCG,3.799999952316284,4.71999979019165,3.549999952316284,3.799999952316284,3.7457005977630615,90983600
2019-10-29,PCG,4.139999866485596,5.039999961853027,4.0,5.03000020980835,4.958125114440918,61729800
2019-10-30,PCG,5.909999847412109,6.349999904632568,5.409999847412109,6.139999866485596,6.0522637367248535,56266100
2019-10-31,PCG,5.96999979019165,6.179999828338623,5.760000228881836,6.170000076293945,6.08183479309082,18751800
2019-11-01,PCG,6.420000076293945,6.75,6.239999771118164,6.429999828338623,6.338119029998779,25562100
2019-11-04,PCG,6.650000095367432,7.829999923706055,6.599999904632568,7.269999980926514,7.166116237640381,46564100
2019-11-05,PCG,7.75,8.199999809265137,7.519999980926514,8.0,7.885684967041016,37076800
2019-11-06,PCG,7.650000095367432,7.699999809265137,6.489999771118164,6.920000076293945,6.8211188316345215,24278500
2019-11-07,PCG,6.489999771118164,6.889999866485596,5.829999923706055,6.019999980926514,5.933978080749512,25419000
2019-11-08,PCG,6.28000020980835,6.579999923706055,6.079999923706055,6.480000019073486,6.387404441833496,15331700
2022-12-14,TSLA,159.25,161.6199951171875,155.30999755859375,156.8000030517578,156.8000030517578,140682300
2022-12-15,TSLA,153.44000244140625,160.92999267578125,153.27999877929688,157.6699981689453,157.6699981689453,122334500
2022-12-16,TSLA,159.63999938964844,160.99000549316406,150.0399932861328,150.22999572753906,150.22999572753906,139032200
2022-12-19,TSLA,154.0,155.25,145.82000732421875,149.8699951171875,149.8699951171875,139390600
2022-12-20,TSLA,146.0500030517578,148.47000122070312,137.66000366210938,137.8000030517578,137.8000030517578,159563300
2022-12-21,TSLA,139.33999633789062,141.25999450683594,135.88999938964844,137.57000732421875,137.57000732421875,145417400
2022-12-22,TSLA,136.0,136.6300048828125,122.26000213623047,125.3499984741211,125.3499984741211,210090300
2022-12-23,TSLA,126.37000274658203,128.6199951171875,121.0199966430664,123.1500015258789,123.1500015258789,166989700
2022-12-27,TSLA,117.5,119.66999816894531,108.76000213623047,109.0999984741211,109.0999984741211,208643400
2022-12-28,TSLA,110.3499984741211,116.2699966430664,108.23999786376953,112.70999908447266,112.70999908447266,221070500
2022-12-29,TSLA,120.38999938964844,123.56999969482422,117.5,121.81999969482422,121.81999969482422,221923300
2022-12-30,TSLA,119.94999694824219,124.4800033569336,119.75,123.18000030517578,123.18000030517578,157777300
2023-01-03,TSLA,118.47000122070312,118.80000305175781,104.63999938964844,108.0999984741211,108.0999984741211,231402800
2023-01-04,TSLA,109.11000061035156,114.58999633789062,107.5199966430664,113.63999938964844,113.63999938964844,180389000
2023-01-05,TSLA,110.51000213623047,111.75,107.16000366210938,110.33999633789062,110.33999633789062,157986300
2023-01-06,TSLA,103.0,114.38999938964844,101.80999755859375,113.05999755859375,113.05999755859375,220911100
2023-01-09,TSLA,118.95999908447266,123.5199966430664,117.11000061035156,119.7699966430664,119.7699966430664,190284000
2023-01-10,TSLA,121.06999969482422,122.76000213623047,114.91999816894531,118.8499984741211,118.8499984741211,167642500
2023-01-11,TSLA,122.08999633789062,125.94999694824219,120.51000213623047,123.22000122070312,123.22000122070312,183810800
2023-01-12,TSLA,122.55999755859375,124.12999725341797,117.0,123.55999755859375,123.55999755859375,169400900
2023-01-13,TSLA,116.55000305175781,122.62999725341797,115.5999984741211,122.4000015258789,122.4000015258789,180714100
2023-01-17,TSLA,125.69999694824219,131.6999969482422,125.0199966430664,131.49000549316406,131.49000549316406,186477000
2023-01-18,TSLA,136.55999755859375,136.67999267578125,127.01000213623047,128.77999877929688,128.77999877929688,195680300
2023-01-19,TSLA,127.26000213623047,129.99000549316406,124.30999755859375,127.16999816894531,127.16999816894531,170291900
2023-01-20,TSLA,128.67999267578125,133.50999450683594,127.3499984741211,133.4199981689453,133.4199981689453,138858100
2023-01-23,TSLA,135.8699951171875,145.3800048828125,134.27000427246094,143.75,143.75,203119200
2023-01-24,TSLA,143.0,146.5,141.10000610351562,143.88999938964844,143.88999938964844,158699100
2023-01-25,TSLA,141.91000366210938,146.41000366210938,138.07000732421875,144.42999267578125,144.42999267578125,192734300
2023-01-26,TSLA,159.97000122070312,161.4199981689453,154.75999450683594,160.27000427246094,160.27000427246094,234815100
2023-01-27,TSLA,162.42999267578125,180.67999267578125,161.1699981689453,177.89999389648438,177.89999389648438,306590600
2023-01-30,TSLA,178.0500030517578,179.77000427246094,166.5,166.66000366210938,166.66000366210938,230878800
2023-01-31,TSLA,164.57000732421875,174.3000030517578,162.77999877929688,173.22000122070312,173.22000122070312,196813500
2023-02-01,TSLA,173.88999938964844,183.80999755859375,169.92999267578125,181.41000366210938,181.41000366210938,213806300
2023-02-02,TSLA,187.3300018310547,196.75,182.61000061035156,188.27000427246094,188.27000427246094,217448300
2023-02-03,TSLA,183.9499969482422,199.0,183.69000244140625,189.97999572753906,189.97999572753906,232662000
2023-02-06,TSLA,193.00999450683594,198.1699981689453,189.9199981689453,194.75999450683594,194.75999450683594,186188100
2023-02-07,TSLA,196.42999267578125,197.5,189.5500030517578,196.80999755859375,196.80999755859375,186010300
2023-02-08,TSLA,196.10000610351562,203.0,194.30999755859375,201.2899932861328,201.2899932861328,180673600
2023-02-09,TSLA,207.77999877929688,214.0,204.77000427246094,207.32000732421875,207.32000732421875,215431400
2023-02-10,TSLA,202.22999572753906,206.1999969482422,192.88999938964844,196.88999938964844,196.88999938964844,204754100
2023-02-13,TSLA,194.4199981689453,196.3000030517578,187.61000061035156,194.63999938964844,194.63999938964844,172475500
2023-02-14,TSLA,191.94000244140625,209.82000732421875,189.44000244140625,209.25,209.25,216455700
2023-02-15,TSLA,211.75999450683594,214.66000366210938,206.11000061035156,214.24000549316406,214.24000549316406,181006400
2023-02-16,TSLA,210.77999877929688,217.64999389648438,201.83999633789062,202.0399932861328,202.0399932861328,229586500
2023-02-17,TSLA,199.99000549316406,208.44000244140625,197.5,208.30999755859375,208.30999755859375,213738500
2023-02-21,TSLA,204.99000549316406,209.7100067138672,197.22000122070312,197.3699951171875,197.3699951171875,180018600
2023-02-22,TSLA,197.92999267578125,201.99000549316406,191.77999877929688,200.86000061035156,200.86000061035156,191828500
2023-02-23,TSLA,203.91000366210938,205.13999938964844,196.3300018310547,202.07000732421875,202.07000732421875,146360000
2023-02-24,TSLA,196.3300018310547,197.6699981689453,192.8000030517578,196.8800048828125,196.8800048828125,142228100
2023-02-27,TSLA,202.02999877929688,209.4199981689453,201.25999450683594,207.6300048828125,207.6300048828125,161028300
2023-02-28,TSLA,210.58999633789062,211.22999572753906,203.75,205.7100067138672,205.7100067138672,153144900
2023-03-01,TSLA,206.2100067138672,207.1999969482422,198.52000427246094,202.77000427246094,202.77000427246094,156852800
2023-03-02,TSLA,186.74000549316406,193.75,186.00999450683594,190.89999389648438,190.89999389648438,181500700
2023-03-03,TSLA,194.8000030517578,200.47999572753906,192.8800048828125,197.7899932861328,197.7899932861328,154193300
2023-03-06,TSLA,198.5399932861328,198.60000610351562,192.3000030517578,193.80999755859375,193.80999755859375,128100100
2023-03-07,TSLA,191.3800048828125,194.1999969482422,186.10000610351562,187.7100067138672,187.7100067138672,148125800
2023-03-08,TSLA,185.0399932861328,186.5,180.0,182.0,182.0,151897800
2023-03-09,TSLA,180.25,185.17999267578125,172.50999450683594,172.9199981689453,172.9199981689453,170023800
2023-03-10,TSLA,175.1300048828125,178.2899932861328,168.44000244140625,173.44000244140625,173.44000244140625,191488900
2023-03-13,TSLA,167.4600067138672,177.35000610351562,163.91000366210938,174.47999572753906,174.47999572753906,167790300
2023-03-14,TSLA,177.30999755859375,183.8000030517578,177.13999938964844,183.25999450683594,183.25999450683594,143717900
2023-03-15,TSLA,180.8000030517578,182.33999633789062,176.02999877929688,180.4499969482422,180.4499969482422,145995600
2023-03-16,TSLA,180.3699951171875,185.80999755859375,178.83999633789062,184.1300048828125,184.1300048828125,121136800
2023-03-17,TSLA,184.52000427246094,186.22000122070312,177.3300018310547,180.1300048828125,180.1300048828125,133197100
2023-03-20,TSLA,178.0800018310547,186.44000244140625,176.35000610351562,183.25,183.25,129684400
2023-03-21,TSLA,188.27999877929688,198.0,188.0399932861328,197.5800018310547,197.5800018310547,153391400
2023-03-22,TSLA,199.3000030517578,200.66000366210938,190.9499969482422,191.14999389648438,191.14999389648438,150376400
2023-03-23,TSLA,195.25999450683594,199.30999755859375,188.64999389648438,192.22000122070312,192.22000122070312,144193900
2023-03-24,TSLA,191.64999389648438,192.36000061035156,187.14999389648438,190.41000366210938,190.41000366210938,116312400
2023-03-27,TSLA,194.4199981689453,197.38999938964844,189.94000244140625,191.80999755859375,191.80999755859375,120851600
2023-03-28,TSLA,192.0,192.35000610351562,185.42999267578125,189.19000244140625,189.19000244140625,98654600
2023-03-29,TSLA,193.1300048828125,195.2899932861328,189.44000244140625,193.8800048828125,193.8800048828125,123660000
2023-03-30,TSLA,195.5800018310547,197.3300018310547,194.4199981689453,195.27999877929688,195.27999877929688,110252200
2023-03-31,TSLA,197.52999877929688,207.7899932861328,197.1999969482422,207.4600067138672,207.4600067138672,170222100
2023-04-03,TSLA,199.91000366210938,202.69000244140625,192.1999969482422,194.77000427246094,194.77000427246094,169545900
2023-04-04,TSLA,197.32000732421875,198.74000549316406,190.32000732421875,192.5800018310547,192.5800018310547,126463800
2023-04-05,TSLA,190.52000427246094,190.67999267578125,183.75999450683594,185.52000427246094,185.52000427246094,133882500
2023-04-06,TSLA,183.0800018310547,186.38999938964844,179.74000549316406,185.05999755859375,185.05999755859375,123857900
2023-04-10,TSLA,179.94000244140625,185.10000610351562,176.11000061035156,184.50999450683594,184.50999450683594,142154600
2023-04-11,TSLA,186.69000244140625,189.19000244140625,185.64999389648438,186.7899932861328,186.7899932861328,115770900
2023-04-12,TSLA,190.74000549316406,191.5800018310547,180.30999755859375,180.5399932861328,180.5399932861328,150256300
2023-04-13,TSLA,182.9600067138672,186.5,180.94000244140625,185.89999389648438,185.89999389648438,112933000
2023-04-14,TSLA,183.9499969482422,186.27999877929688,182.00999450683594,185.0,185.0,96438700
2023-04-17,TSLA,186.32000732421875,189.69000244140625,182.69000244140625,187.0399932861328,187.0399932861328,116662200
2023-04-18,TSLA,187.14999389648438,187.69000244140625,183.5800018310547,184.30999755859375,184.30999755859375,92067000
2023-04-19,TSLA,179.10000610351562,183.5,177.64999389648438,180.58999633789062,180.58999633789062,125732700
2023-04-20,TSLA,166.1699981689453,169.6999969482422,160.55999755859375,162.99000549316406,162.99000549316406,210970800
2023-04-21,TSLA,164.8000030517578,166.0,161.32000732421875,165.0800018310547,165.0800018310547,123539000
2023-04-24,TSLA,164.64999389648438,165.64999389648438,158.61000061035156,162.5500030517578,162.5500030517578,140006600
2023-04-25,TSLA,159.82000732421875,163.47000122070312,158.75,160.6699981689453,160.6699981689453,121999300
2023-04-26,TSLA,160.2899932861328,160.6699981689453,153.13999938964844,153.75,153.75,153364100
2023-04-27,TSLA,152.63999938964844,160.47999572753906,152.3699951171875,160.19000244140625,160.19000244140625,127015200
2023-04-28,TSLA,160.89999389648438,165.0,157.32000732421875,164.30999755859375,164.30999755859375,122515800
2023-05-01,TSLA,163.1699981689453,163.27999877929688,158.8300018310547,161.8300018310547,161.8300018310547,109015000
2023-05-02,TSLA,161.8800048828125,165.49000549316406,158.92999267578125,160.30999755859375,160.30999755859375,128259700
2023-05-03,TSLA,160.00999450683594,165.0,159.91000366210938,160.61000061035156,160.61000061035156,119728000
2023-05-04,TSLA,162.7100067138672,162.9499969482422,159.64999389648438,161.1999969482422,161.1999969482422,95108500
2023-05-05,TSLA,163.97000122070312,170.7899932861328,163.50999450683594,170.05999755859375,170.05999755859375,107607300
2023-05-08,TSLA,173.72000122070312,173.8000030517578,169.19000244140625,171.7899932861328,171.7899932861328,112249400
2023-05-09,TSLA,168.9499969482422,169.82000732421875,166.55999755859375,169.14999389648438,169.14999389648438,88965000
2023-05-10,TSLA,172.5500030517578,174.42999267578125,166.67999267578125,168.5399932861328,168.5399932861328,119840700
2023-05-11,TSLA,168.6999969482422,173.57000732421875,166.7899932861328,172.0800018310547,172.0800018310547,103889900
2023-05-12,TSLA,176.07000732421875,177.3800048828125,167.22999572753906,167.97999572753906,167.97999572753906,157849600
2023-05-15,TSLA,167.66000366210938,169.75999450683594,164.5500030517578,166.35000610351562,166.35000610351562,105592500
2023-05-16,TSLA,165.64999389648438,169.52000427246094,164.35000610351562,166.52000427246094,166.52000427246094,98288800
2023-05-17,TSLA,168.41000366210938,174.5,167.19000244140625,173.86000061035156,173.86000061035156,125473600
2023-05-18,TSLA,174.22000122070312,177.05999755859375,172.4499969482422,176.88999938964844,176.88999938964844,109520300
2023-05-19,TSLA,177.1699981689453,181.9499969482422,176.30999755859375,180.13999938964844,180.13999938964844,136196700
2023-05-22,TSLA,180.6999969482422,189.32000732421875,180.11000061035156,188.8699951171875,188.8699951171875,132001400
2023-05-23,TSLA,186.1999969482422,192.9600067138672,185.25999450683594,185.77000427246094,185.77000427246094,156952100
2023-05-24,TSLA,182.22999572753906,184.22000122070312,178.22000122070312,182.89999389648438,182.89999389648438,137605100
2023-05-25,TSLA,186.5399932861328,186.77999877929688,180.5800018310547,184.47000122070312,184.47000122070312,96870700
2023-05-26,TSLA,184.6199951171875,198.60000610351562,184.52999877929688,193.1699981689453,193.1699981689453,162061500
2023-05-30,TSLA,200.10000610351562,204.47999572753906,197.52999877929688,201.16000366210938,201.16000366210938,128818700
2023-05-31,TSLA,199.77999877929688,203.9499969482422,195.1199951171875,203.92999267578125,203.92999267578125,150711700
2023-06-01,TSLA,202.58999633789062,209.8000030517578,199.3699951171875,207.52000427246094,207.52000427246094,148029900
2023-06-02,TSLA,210.14999389648438,217.25,209.75,213.97000122070312,213.97000122070312,164398400
2023-06-05,TSLA,217.8000030517578,221.2899932861328,214.52000427246094,217.61000061035156,217.61000061035156,151143100
2023-06-06,TSLA,216.13999938964844,221.91000366210938,212.52999877929688,221.30999755859375,221.30999755859375,146911600
2023-06-07,TSLA,228.0,230.8300018310547,223.1999969482422,224.57000732421875,224.57000732421875,185710800
2023-06-08,TSLA,224.22000122070312,235.22999572753906,223.00999450683594,234.86000061035156,234.86000061035156,164489700
2023-06-09,TSLA,249.07000732421875,252.4199981689453,242.02000427246094,244.39999389648438,244.39999389648438,200242400
2023-06-12,TSLA,247.94000244140625,250.97000122070312,244.58999633789062,249.8300018310547,249.8300018310547,150337900
2023-06-13,TSLA,253.50999450683594,259.67999267578125,251.33999633789062,258.7099914550781,258.7099914550781,162384300
2023-06-14,TSLA,260.1700134277344,261.57000732421875,250.5,256.7900085449219,256.7900085449219,170575500
2023-06-15,TSLA,248.39999389648438,258.95001220703125,247.2899932861328,255.89999389648438,255.89999389648438,160171200
2023-06-16,TSLA,258.9200134277344,263.6000061035156,257.2099914550781,260.5400085449219,260.5400085449219,167915600
2023-06-20,TSLA,261.5,274.75,261.1199951171875,274.45001220703125,274.45001220703125,165611200
2023-06-21,TSLA,275.1300048828125,276.989990234375,257.7799987792969,259.4599914550781,259.4599914550781,211797100
2023-06-22,TSLA,250.77000427246094,265.0,248.25,264.6099853515625,264.6099853515625,166875900
2023-06-23,TSLA,259.2900085449219,262.45001220703125,252.8000030517578,256.6000061035156,256.6000061035156,177460800
2023-06-26,TSLA,250.07000732421875,258.3699951171875,240.6999969482422,241.0500030517578,241.0500030517578,179990600
2023-06-27,TSLA,243.24000549316406,250.38999938964844,240.85000610351562,250.2100067138672,250.2100067138672,164968200
2023-06-28,TSLA,249.6999969482422,259.8800048828125,248.88999938964844,256.239990234375,256.239990234375,159770800
2023-06-29,TSLA,258.0299987792969,260.739990234375,253.61000061035156,257.5,257.5,131283400
2023-06-30,TSLA,260.6000061035156,264.45001220703125,259.8900146484375,261.7699890136719,261.7699890136719,112620800
2023-07-03,TSLA,276.489990234375,284.25,275.1099853515625,279.82000732421875,279.82000732421875,119685900
2023-07-05,TSLA,278.82000732421875,283.8500061035156,277.6000061035156,282.4800109863281,282.4800109863281,131530900
2023-07-06,TSLA,278.0899963378906,279.9700012207031,272.8800048828125,276.5400085449219,276.5400085449219,120332100
2023-07-07,TSLA,278.42999267578125,280.7799987792969,273.7699890136719,274.42999267578125,274.42999267578125,113879200
2023-07-10,TSLA,276.4700012207031,277.5199890136719,265.1000061035156,269.6099853515625,269.6099853515625,119425400
2023-07-11,TSLA,268.6499938964844,270.8999938964844,266.3699951171875,269.7900085449219,269.7900085449219,91972400
2023-07-12,TSLA,276.3299865722656,276.5199890136719,271.4599914550781,271.989990234375,271.989990234375,95672100
2023-07-13,TSLA,274.5899963378906,279.45001220703125,270.6000061035156,277.8999938964844,277.8999938964844,112681500
2023-07-14,TSLA,277.010009765625,285.29998779296875,276.30999755859375,281.3800048828125,281.3800048828125,120062400
2023-07-17,TSLA,286.6300048828125,292.2300109863281,283.57000732421875,290.3800048828125,290.3800048828125,131569600
2023-07-18,TSLA,290.1499938964844,295.260009765625,286.010009765625,293.3399963378906,293.3399963378906,112120300
2023-07-19,TSLA,296.0400085449219,299.2900085449219,289.5199890136719,291.260009765625,291.260009765625,142355400
2023-07-20,TSLA,279.55999755859375,280.92999267578125,261.20001220703125,262.8999938964844,262.8999938964844,175158300
2023-07-21,TSLA,268.0,268.0,255.8000030517578,260.0199890136719,260.0199890136719,161796100
2023-07-24,TSLA,255.85000610351562,269.8500061035156,254.1199951171875,269.05999755859375,269.05999755859375,136508500
2023-07-25,TSLA,272.3800048828125,272.8999938964844,265.0,265.2799987792969,265.2799987792969,112757300
2023-07-26,TSLA,263.25,268.0400085449219,261.75,264.3500061035156,264.3500061035156,95856200
2023-07-27,TSLA,268.30999755859375,269.1300048828125,255.3000030517578,255.7100067138672,255.7100067138672,103697300
2023-07-28,TSLA,259.8599853515625,267.25,258.2300109863281,266.44000244140625,266.44000244140625,111446000
2023-07-31,TSLA,267.4800109863281,269.0799865722656,263.7799987792969,267.42999267578125,267.42999267578125,84582200
2023-08-01,TSLA,266.260009765625,266.4700012207031,260.25,261.07000732421875,261.07000732421875,83166000
2023-08-02,TSLA,255.57000732421875,259.5199890136719,250.49000549316406,254.11000061035156,254.11000061035156,101752900
2023-08-03,TSLA,252.0399932861328,260.489990234375,252.0,259.32000732421875,259.32000732421875,97569100
2023-08-04,TSLA,260.9700012207031,264.7699890136719,253.11000061035156,253.86000061035156,253.86000061035156,99539900
2023-08-07,TSLA,251.4499969482422,253.64999389648438,242.75999450683594,251.4499969482422,251.4499969482422,111097900
2023-08-08,TSLA,247.4499969482422,250.9199981689453,245.00999450683594,249.6999969482422,249.6999969482422,96642200
2023-08-09,TSLA,250.8699951171875,251.10000610351562,241.89999389648438,242.19000244140625,242.19000244140625,101596300
2023-08-10,TSLA,245.39999389648438,251.8000030517578,243.0,245.33999633789062,245.33999633789062,109498600
2023-08-11,TSLA,241.77000427246094,243.7899932861328,238.02000427246094,242.64999389648438,242.64999389648438,99038600
2023-08-14,TSLA,235.6999969482422,240.66000366210938,233.75,239.75999450683594,239.75999450683594,98595300
2023-08-15,TSLA,238.72999572753906,240.5,232.61000061035156,232.9600067138672,232.9600067138672,88197600
2023-08-16,TSLA,228.02000427246094,233.97000122070312,225.3800048828125,225.60000610351562,225.60000610351562,112484500
2023-08-17,TSLA,226.05999755859375,226.74000549316406,218.8300018310547,219.22000122070312,219.22000122070312,120718400
2023-08-18,TSLA,214.1199951171875,217.5800018310547,212.36000061035156,215.49000549316406,215.49000549316406,136276600
2023-08-21,TSLA,221.5500030517578,232.1300048828125,220.5800018310547,231.27999877929688,231.27999877929688,135702700
2023-08-22,TSLA,240.25,240.82000732421875,229.5500030517578,233.19000244140625,233.19000244140625,130442800
2023-08-23,TSLA,229.33999633789062,238.97999572753906,229.2899932861328,236.86000061035156,236.86000061035156,101077600
2023-08-24,TSLA,238.66000366210938,238.9199981689453,228.17999267578125,230.0399932861328,230.0399932861328,99777400
2023-08-25,TSLA,231.30999755859375,239.0,230.35000610351562,238.58999633789062,238.58999633789062,106612200
2023-08-28,TSLA,242.5800018310547,244.3800048828125,235.35000610351562,238.82000732421875,238.82000732421875,107673700
2023-08-29,TSLA,238.5800018310547,257.4800109863281,237.77000427246094,257.17999267578125,257.17999267578125,134047600
2023-08-30,TSLA,254.1999969482422,260.510009765625,250.58999633789062,256.8999938964844,256.8999938964844,121988400
2023-08-31,TSLA,255.97999572753906,261.17999267578125,255.0500030517578,258.0799865722656,258.0799865722656,108861700
2023-09-01,TSLA,257.260009765625,259.0799865722656,242.00999450683594,245.00999450683594,245.00999450683594,132541600
2023-09-05,TSLA,245.0,258.0,244.86000061035156,256.489990234375,256.489990234375,129469600
2023-09-06,TSLA,255.13999938964844,255.38999938964844,245.05999755859375,251.9199981689453,251.9199981689453,116959800
2023-09-07,TSLA,245.07000732421875,252.80999755859375,243.27000427246094,251.49000549316406,251.49000549316406,115312900
2023-09-08,TSLA,251.22000122070312,256.5199890136719,246.6699981689453,248.5,248.5,118367700
2023-09-11,TSLA,264.2699890136719,274.8500061035156,260.6099853515625,273.5799865722656,273.5799865722656,174667900
2023-09-12,TSLA,270.760009765625,278.3900146484375,266.6000061035156,267.4800109863281,267.4800109863281,135999900
2023-09-13,TSLA,270.07000732421875,274.9800109863281,268.1000061035156,271.29998779296875,271.29998779296875,111673700
2023-09-14,TSLA,271.32000732421875,276.7099914550781,270.4200134277344,276.0400085449219,276.0400085449219,107709800
2023-09-15,TSLA,277.54998779296875,278.9800109863281,271.0,274.3900146484375,274.3900146484375,133692300
2023-09-18,TSLA,271.1600036621094,271.44000244140625,263.760009765625,265.2799987792969,265.2799987792969,101543300
2023-09-19,TSLA,264.3500061035156,267.8500061035156,261.20001220703125,266.5,266.5,103704000
2023-09-20,TSLA,267.0400085449219,273.92999267578125,262.4599914550781,262.5899963378906,262.5899963378906,122514600
2023-09-21,TSLA,257.8500061035156,260.8599853515625,254.2100067138672,255.6999969482422,255.6999969482422,119951500
2023-09-22,TSLA,257.3999938964844,257.7900085449219,244.47999572753906,244.8800048828125,244.8800048828125,127524100
2023-09-25,TSLA,243.3800048828125,247.10000610351562,238.30999755859375,246.99000549316406,246.99000549316406,104636600
2023-09-26,TSLA,242.97999572753906,249.5500030517578,241.66000366210938,244.1199951171875,244.1199951171875,101993600
2023-09-27,TSLA,244.25999450683594,245.3300018310547,234.5800018310547,240.5,240.5,136597200
2023-09-28,TSLA,240.02000427246094,247.5500030517578,238.64999389648438,246.3800048828125,246.3800048828125,117058900
2023-09-29,TSLA,250.0,254.77000427246094,246.35000610351562,250.22000122070312,250.22000122070312,128522700
2023-10-02,TSLA,244.80999755859375,254.27999877929688,242.6199951171875,251.60000610351562,251.60000610351562,123810400
2023-10-03,TSLA,248.61000061035156,250.02000427246094,244.4499969482422,246.52999877929688,246.52999877929688,101985300
2023-10-04,TSLA,248.13999938964844,261.8599853515625,247.60000610351562,261.1600036621094,261.1600036621094,129721600
2023-10-05,TSLA,260.0,263.6000061035156,256.25,260.04998779296875,260.04998779296875,119159200
2023-10-06,TSLA,253.97999572753906,261.6499938964844,250.64999389648438,260.5299987792969,260.5299987792969,118121800
2023-10-09,TSLA,255.30999755859375,261.3599853515625,252.0500030517578,259.6700134277344,259.6700134277344,101377900
2023-10-10,TSLA,257.75,268.94000244140625,257.6499938964844,263.6199951171875,263.6199951171875,122656000
2023-10-11,TSLA,266.20001220703125,268.6000061035156,260.8999938964844,262.989990234375,262.989990234375,103706300
2023-10-12,TSLA,262.9200134277344,265.4100036621094,256.6300048828125,258.8699951171875,258.8699951171875,111508100
2023-10-13,TSLA,258.8999938964844,259.6000061035156,250.22000122070312,251.1199951171875,251.1199951171875,102073800
2023-10-16,TSLA,250.0500030517578,255.39999389648438,248.47999572753906,253.9199981689453,253.9199981689453,88917200
2023-10-17,TSLA,250.10000610351562,257.17999267578125,247.0800018310547,254.85000610351562,254.85000610351562,93562900
2023-10-18,TSLA,252.6999969482422,254.6300048828125,242.0800018310547,242.67999267578125,242.67999267578125,125147800
2023-10-19,TSLA,225.9499969482422,230.61000061035156,216.77999877929688,220.11000061035156,220.11000061035156,170772700
2023-10-20,TSLA,217.00999450683594,218.86000061035156,210.4199981689453,211.99000549316406,211.99000549316406,138010100
2023-10-23,TSLA,210.0,216.97999572753906,202.50999450683594,212.0800018310547,212.0800018310547,150683400
2023-10-24,TSLA,216.5,222.0500030517578,214.11000061035156,216.52000427246094,216.52000427246094,118231100
2023-10-25,TSLA,215.8800048828125,220.10000610351562,212.1999969482422,212.4199981689453,212.4199981689453,107065100
2023-10-26,TSLA,211.32000732421875,214.8000030517578,204.8800048828125,205.75999450683594,205.75999450683594,115112600
2023-10-27,TSLA,210.60000610351562,212.41000366210938,205.77000427246094,207.3000030517578,207.3000030517578,94881200
2023-10-30,TSLA,209.27999877929688,210.8800048828125,194.6699981689453,197.36000061035156,197.36000061035156,136448200
2023-10-31,TSLA,196.1199951171875,202.8000030517578,194.07000732421875,200.83999633789062,200.83999633789062,118068300
2023-11-01,TSLA,204.0399932861328,205.99000549316406,197.85000610351562,205.66000366210938,205.66000366210938,121661700
2023-11-02,TSLA,212.97000122070312,219.1999969482422,211.4499969482422,218.50999450683594,218.50999450683594,125987600
2023-11-03,TSLA,221.14999389648438,226.3699951171875,218.39999389648438,219.9600067138672,219.9600067138672,119534800
2023-11-06,TSLA,223.97999572753906,226.32000732421875,215.0,219.27000427246094,219.27000427246094,117335800
2023-11-07,TSLA,219.97999572753906,223.1199951171875,215.72000122070312,222.17999267578125,222.17999267578125,116900100
2023-11-08,TSLA,223.14999389648438,224.14999389648438,217.63999938964844,222.11000061035156,222.11000061035156,106584800
2023-11-09,TSLA,219.75,220.8000030517578,206.67999267578125,209.97999572753906,209.97999572753906,142110500
2023-11-10,TSLA,210.02999877929688,215.3800048828125,205.69000244140625,214.64999389648438,214.64999389648438,130994000
2023-11-13,TSLA,215.60000610351562,225.39999389648438,211.61000061035156,223.7100067138672,223.7100067138672,140447600
2023-11-14,TSLA,235.02999877929688,238.13999938964844,230.72000122070312,237.41000366210938,237.41000366210938,149771600
2023-11-15,TSLA,239.2899932861328,246.6999969482422,236.4499969482422,242.83999633789062,242.83999633789062,150354000
2023-11-16,TSLA,239.49000549316406,240.8800048828125,230.9600067138672,233.58999633789062,233.58999633789062,136816800
2023-11-17,TSLA,232.0,237.38999938964844,226.5399932861328,234.3000030517578,234.3000030517578,142532800
2023-11-20,TSLA,234.0399932861328,237.10000610351562,231.02000427246094,235.60000610351562,235.60000610351562,116320100
2023-11-21,TSLA,235.0399932861328,243.6199951171875,233.33999633789062,241.1999969482422,241.1999969482422,122288000
2023-11-22,TSLA,242.0399932861328,244.00999450683594,231.39999389648438,234.2100067138672,234.2100067138672,117950600
2023-11-24,TSLA,233.75,238.75,232.3300018310547,235.4499969482422,235.4499969482422,65125200
2023-11-27,TSLA,236.88999938964844,238.3300018310547,232.10000610351562,236.0800018310547,236.0800018310547,112031800
2023-11-28,TSLA,236.67999267578125,247.0,234.00999450683594,246.72000122070312,246.72000122070312,148549900
2023-11-29,TSLA,249.2100067138672,252.75,242.75999450683594,244.13999938964844,244.13999938964844,135401300
2023-11-30,TSLA,245.13999938964844,245.22000122070312,236.91000366210938,240.0800018310547,240.0800018310547,132353200
2023-12-01,TSLA,233.13999938964844,240.19000244140625,231.89999389648438,238.8300018310547,238.8300018310547,121331700
2023-12-04,TSLA,235.75,239.3699951171875,233.2899932861328,235.5800018310547,235.5800018310547,104099800
2023-12-05,TSLA,233.8699951171875,246.66000366210938,233.6999969482422,238.72000122070312,238.72000122070312,137971100
2023-12-06,TSLA,242.9199981689453,246.57000732421875,239.1699981689453,239.3699951171875,239.3699951171875,126436200
2023-12-07,TSLA,241.5500030517578,244.0800018310547,236.97999572753906,242.63999938964844,242.63999938964844,107142300
2023-12-08,TSLA,240.27000427246094,245.27000427246094,239.27000427246094,243.83999633789062,243.83999633789062,103126800
2023-12-11,TSLA,242.74000549316406,243.44000244140625,237.4499969482422,239.74000549316406,239.74000549316406,97913900
2023-12-12,TSLA,238.5500030517578,238.99000549316406,233.8699951171875,237.00999450683594,237.00999450683594,95328300
2023-12-13,TSLA,234.19000244140625,240.3000030517578,228.1999969482422,239.2899932861328,239.2899932861328,146286300
2023-12-14,TSLA,241.22000122070312,253.8800048828125,240.7899932861328,251.0500030517578,251.0500030517578,160829200
2016-09-07,WFC,49.790000915527344,50.029998779296875,49.650001525878906,49.77000045776367,38.22642135620117,12437300
2016-09-08,WFC,49.810001373291016,49.9900016784668,49.560001373291016,49.900001525878906,38.326255798339844,14169200
2016-09-09,WFC,49.4900016784668,49.86000061035156,48.720001220703125,48.720001220703125,37.41994094848633,32147200
2016-09-12,WFC,48.369998931884766,48.63999938964844,47.97999954223633,48.540000915527344,37.28168487548828,35588400
2016-09-13,WFC,47.79999923706055,47.86000061035156,46.52000045776367,46.959999084472656,36.06815719604492,59000500
2016-09-14,WFC,47.08000183105469,47.58000183105469,46.5,46.52000045776367,35.73019790649414,44841700
2016-09-15,WFC,46.119998931884766,46.349998474121094,45.189998626708984,46.150001525878906,35.446022033691406,60827800
2016-09-16,WFC,45.70000076293945,45.869998931884766,45.25,45.43000030517578,34.89302062988281,51871400
2016-09-19,WFC,45.619998931884766,46.290000915527344,45.47999954223633,46.0099983215332,35.338497161865234,33562400
2016-09-20,WFC,47.150001525878906,47.20000076293945,46.119998931884766,46.560001373291016,35.76093292236328,51510400
2016-09-21,WFC,46.5099983215332,46.540000915527344,45.33000183105469,45.83000183105469,35.200252532958984,64530200
2016-09-22,WFC,45.83000183105469,46.119998931884766,45.369998931884766,45.720001220703125,35.11576843261719,36964400
2016-09-23,WFC,45.5,45.90999984741211,45.43000030517578,45.7400016784668,35.13113021850586,28710500
2016-09-26,WFC,45.369998931884766,45.5,44.650001525878906,44.880001068115234,34.470584869384766,30938000
2016-09-27,WFC,44.790000915527344,45.099998474121094,44.65999984741211,45.09000015258789,34.63188552856445,24359000
2016-09-28,WFC,45.36000061035156,45.47999954223633,44.959999084472656,45.310001373291016,34.80086135864258,28220300
2016-09-29,WFC,45.189998626708984,45.2599983215332,44.209999084472656,44.369998931884766,34.07887649536133,45266700
2016-09-30,WFC,44.33000183105469,44.72999954223633,44.099998474121094,44.279998779296875,34.009742736816406,54117700
2016-10-03,WFC,44.119998931884766,44.15999984741211,43.560001373291016,43.83000183105469,33.66413116455078,38197700
2016-10-04,WFC,43.619998931884766,44.09000015258789,43.54999923706055,43.75,33.60268020629883,44008300
2016-10-05,WFC,43.83000183105469,45.08000183105469,43.83000183105469,44.9900016784668,34.55508041381836,40459000
2016-10-06,WFC,45.18000030517578,45.38999938964844,44.83000183105469,45.18000030517578,34.70099639892578,29878200
2016-10-07,WFC,45.20000076293945,45.45000076293945,44.93000030517578,45.33000183105469,34.816219329833984,24893600
2016-10-10,WFC,45.70000076293945,45.91999816894531,45.439998626708984,45.650001525878906,35.06199264526367,21804900
2016-10-11,WFC,45.79999923706055,45.81999969482422,45.150001525878906,45.45000076293945,34.908382415771484,25442600
2016-10-12,WFC,45.5099983215332,45.83000183105469,45.31999969482422,45.31999969482422,34.80853271484375,21780500
2016-10-13,WFC,45.2400016784668,45.2400016784668,44.279998779296875,44.75,34.37074661254883,44174600
2016-10-14,WFC,45.16999816894531,45.52000045776367,44.31999969482422,44.709999084472656,34.34001159667969,45418600
2016-10-17,WFC,44.540000915527344,44.7599983215332,44.31999969482422,44.5,34.178714752197266,18861300
2016-10-18,WFC,44.75,45.0,44.40999984741211,44.95000076293945,34.524356842041016,23877600
2016-10-19,WFC,44.86000061035156,45.529998779296875,44.86000061035156,45.2599983215332,34.762447357177734,26977000
2016-10-20,WFC,44.970001220703125,45.290000915527344,44.65999984741211,44.93000030517578,34.50898742675781,27210600
2016-10-21,WFC,44.7400016784668,45.29999923706055,44.65999984741211,45.09000015258789,34.63188552856445,21490800
2016-10-24,WFC,45.45000076293945,45.68000030517578,45.290000915527344,45.52000045776367,34.9621467590332,19303800
2016-10-25,WFC,45.470001220703125,45.79999923706055,45.40999984741211,45.720001220703125,35.11576843261719,20402000
2016-10-26,WFC,45.459999084472656,46.16999816894531,45.439998626708984,46.150001525878906,35.446022033691406,25181900
2016-10-27,WFC,46.41999816894531,46.810001373291016,46.2599983215332,46.40999984741211,35.645721435546875,25661000
2016-10-28,WFC,46.56999969482422,46.63999938964844,45.880001068115234,46.22999954223633,35.50748062133789,20882000
2016-10-31,WFC,46.400001525878906,46.560001373291016,46.0,46.0099983215332,35.338497161865234,20115900
2016-11-01,WFC,46.119998931884766,46.279998779296875,45.599998474121094,45.9900016784668,35.323123931884766,20020200
2016-11-02,WFC,45.380001068115234,45.5099983215332,45.06999969482422,45.2400016784668,35.03657913208008,19566600
2016-11-03,WFC,45.33000183105469,45.790000915527344,45.25,45.34000015258789,35.11404037475586,14982700
2016-11-04,WFC,45.36000061035156,45.41999816894531,44.4900016784668,44.599998474121094,34.540924072265625,27391600
2016-11-07,WFC,45.220001220703125,45.689998626708984,45.209999084472656,45.400001525878906,35.160499572753906,25769400
2016-11-08,WFC,45.18000030517578,45.81999969482422,44.869998931884766,45.540000915527344,35.2689208984375,19462600
2016-11-09,WFC,46.33000183105469,48.61000061035156,46.0,47.9900016784668,37.16634750366211,67615000
2016-11-10,WFC,48.93000030517578,51.93000030517578,48.790000915527344,51.630001068115234,39.985389709472656,100988800
2016-11-11,WFC,51.09000015258789,51.9900016784668,50.72999954223633,51.72999954223633,40.062828063964844,46594900
2016-11-14,WFC,51.90999984741211,54.060001373291016,51.90999984741211,53.220001220703125,41.216773986816406,59154400
2016-11-15,WFC,52.380001068115234,52.59000015258789,51.540000915527344,52.59000015258789,40.7288703918457,39437900
2016-11-16,WFC,51.790000915527344,52.16999816894531,51.36000061035156,51.68000030517578,40.02412033081055,26996200
2016-11-17,WFC,51.38999938964844,52.900001525878906,50.959999084472656,52.4900016784668,40.651424407958984,29205900
2016-11-18,WFC,52.45000076293945,52.97999954223633,51.9900016784668,52.81999969482422,40.90699768066406,29673400
2016-11-21,WFC,52.849998474121094,52.97999954223633,52.02000045776367,52.119998931884766,40.364871978759766,23587200
2016-11-22,WFC,52.43000030517578,52.58000183105469,51.810001373291016,52.220001220703125,40.442325592041016,22816900
2016-11-23,WFC,52.45000076293945,52.630001068115234,51.95000076293945,52.15999984741211,40.395851135253906,19986800
2016-11-25,WFC,52.400001525878906,52.619998931884766,52.040000915527344,52.619998931884766,40.752105712890625,9635500
2016-11-28,WFC,52.119998931884766,52.47999954223633,51.38999938964844,51.58000183105469,39.9466667175293,26518500
2016-11-29,WFC,51.560001373291016,52.130001068115234,51.560001373291016,51.86000061035156,40.16352081298828,16267300
2016-11-30,WFC,52.47999954223633,53.15999984741211,52.29999923706055,52.91999816894531,40.98443603515625,26567200
2016-12-01,WFC,53.130001068115234,54.470001220703125,53.060001373291016,54.34000015258789,42.08417892456055,35623100
2016-12-02,WFC,54.2400016784668,54.27000045776367,53.310001373291016,53.58000183105469,41.49559020996094,21894700
2016-12-05,WFC,53.900001525878906,54.529998779296875,53.869998931884766,54.349998474121094,42.0919189453125,24793900
2016-12-06,WFC,54.45000076293945,55.56999969482422,54.220001220703125,55.54999923706055,43.02126693725586,30706700
2016-12-07,WFC,55.54999923706055,57.290000915527344,55.22999954223633,57.279998779296875,44.36109161376953,46617000
2016-12-08,WFC,57.290000915527344,58.02000045776367,56.709999084472656,57.290000915527344,44.36885070800781,39828600
2016-12-09,WFC,56.90999984741211,57.2400016784668,56.4900016784668,57.13999938964844,44.25267028808594,20331200
2016-12-12,WFC,56.5,57.099998474121094,55.54999923706055,55.779998779296875,43.19939422607422,27886200
2016-12-13,WFC,55.849998474121094,56.209999084472656,55.290000915527344,55.84000015258789,43.24586486816406,24355600
2016-12-14,WFC,54.7400016784668,55.619998931884766,54.029998779296875,54.70000076293945,42.362979888916016,54590600
2016-12-15,WFC,55.16999816894531,56.25,54.900001525878906,55.189998626708984,42.74246597290039,31345900
2016-12-16,WFC,55.4900016784668,55.650001525878906,54.91999816894531,55.34000015258789,42.858646392822266,33171800
2016-12-19,WFC,55.18000030517578,55.470001220703125,54.650001525878906,55.220001220703125,42.76570129394531,16801400
2016-12-20,WFC,55.470001220703125,56.31999969482422,55.150001525878906,56.099998474121094,43.44722366333008,19245300
2016-12-21,WFC,56.09000015258789,56.09000015258789,55.63999938964844,55.709999084472656,43.14518356323242,14058400
2016-12-22,WFC,55.7599983215332,56.029998779296875,55.5,55.75,43.17616653442383,14515500
2016-12-23,WFC,55.779998779296875,55.97999954223633,55.619998931884766,55.959999084472656,43.338802337646484,8313000
2016-12-27,WFC,55.900001525878906,56.099998474121094,55.84000015258789,55.95000076293945,43.331058502197266,8893900
2016-12-28,WFC,55.97999954223633,56.08000183105469,55.27000045776367,55.31999969482422,42.84315872192383,10609100
2016-12-29,WFC,55.189998626708984,55.459999084472656,54.47999954223633,54.84000015258789,42.47140884399414,15933500
2016-12-30,WFC,54.88999938964844,55.36000061035156,54.790000915527344,55.11000061035156,42.680511474609375,15095500
2017-01-03,WFC,55.66999816894531,56.349998474121094,55.459999084472656,56.0,43.369781494140625,22063800
2017-01-04,WFC,56.15999984741211,56.310001373291016,55.61000061035156,56.04999923706055,43.40850067138672,15036100
2017-01-05,WFC,55.4900016784668,55.81999969482422,54.47999954223633,55.18000030517578,42.73472595214844,18831600
2017-01-06,WFC,55.2599983215332,55.56999969482422,54.70000076293945,55.040000915527344,42.62630081176758,18715900
2017-01-09,WFC,54.68000030517578,54.810001373291016,54.18000030517578,54.2400016784668,42.00672912597656,21794100
2017-01-10,WFC,54.349998474121094,55.18000030517578,54.2599983215332,54.619998931884766,42.301029205322266,17978200
2017-01-11,WFC,54.599998474121094,54.79999923706055,53.720001220703125,54.79999923706055,42.4404296875,21100600
2017-01-12,WFC,54.650001525878906,54.779998779296875,53.900001525878906,54.5,42.20809555053711,20566600
2017-01-13,WFC,55.11000061035156,56.20000076293945,54.650001525878906,55.310001373291016,42.83539581298828,37231600
2017-01-17,WFC,54.79999923706055,54.959999084472656,53.58000183105469,53.779998779296875,41.65046691894531,26974400
2017-01-18,WFC,53.779998779296875,54.290000915527344,53.34000015258789,54.27000045776367,42.029972076416016,21186700
2017-01-19,WFC,54.2400016784668,54.77000045776367,53.86000061035156,54.58000183105469,42.27004623413086,20906900
2017-01-20,WFC,54.75,55.11000061035156,54.619998931884766,55.06999969482422,42.6495361328125,24160800
2017-01-23,WFC,54.709999084472656,55.0,54.150001525878906,54.25,42.01446533203125,17227400
2017-01-24,WFC,54.36000061035156,55.06999969482422,54.130001068115234,54.70000076293945,42.362979888916016,18523300
2017-01-25,WFC,55.380001068115234,56.83000183105469,55.279998779296875,56.619998931884766,43.849945068359375,32252100
2017-01-26,WFC,56.61000061035156,57.33000183105469,56.59000015258789,57.18000030517578,44.283653259277344,23769800
2017-01-27,WFC,57.029998779296875,57.11000061035156,56.40999984741211,56.59000015258789,43.82671356201172,17186200
2017-01-30,WFC,56.119998931884766,56.31999969482422,55.75,56.08000183105469,43.43174362182617,15961400
2017-01-31,WFC,55.97999954223633,56.380001068115234,55.79999923706055,56.33000183105469,43.62535095214844,22409100
2017-02-01,WFC,56.540000915527344,57.06999969482422,55.77000045776367,55.90999984741211,43.59416198730469,21157700
2017-02-02,WFC,55.56999969482422,55.959999084472656,55.400001525878906,55.75,43.46940612792969,13044400
2017-02-03,WFC,56.880001068115234,57.290000915527344,56.43000030517578,57.27000045776367,44.65457534790039,19879800
2017-02-06,WFC,57.08000183105469,57.40999984741211,56.4900016784668,56.54999923706055,44.09318161010742,13940200
2017-02-07,WFC,56.86000061035156,57.189998626708984,56.27000045776367,56.34000015258789,43.929447174072266,14937400
2017-02-08,WFC,56.209999084472656,56.209999084472656,55.16999816894531,55.630001068115234,43.37583923339844,18592200
2017-02-09,WFC,55.630001068115234,56.77000045776367,55.630001068115234,56.72999954223633,44.23353576660156,15907800
2017-02-10,WFC,57.02000045776367,57.040000915527344,56.65999984741211,56.86000061035156,44.33489990234375,12268100
2017-02-13,WFC,57.06999969482422,57.5099983215332,56.88999938964844,57.08000183105469,44.506439208984375,15325300
2017-02-14,WFC,57.130001068115234,58.0,56.9900016784668,57.97999954223633,45.20819091796875,16382900
2017-02-15,WFC,58.099998474121094,59.0099983215332,57.88999938964844,58.54999923706055,45.65262985229492,25350400
2017-02-16,WFC,58.36000061035156,58.36000061035156,57.5099983215332,58.119998931884766,45.31734848022461,14694500
2017-02-17,WFC,57.58000183105469,58.099998474121094,57.45000076293945,58.09000015258789,45.29395294189453,15783200
2017-02-21,WFC,58.25,58.630001068115234,57.900001525878906,58.25,45.41870880126953,16916800
2017-02-22,WFC,58.0,58.59000015258789,58.0,58.36000061035156,45.504486083984375,12344200
2017-02-23,WFC,58.43000030517578,58.59000015258789,58.060001373291016,58.4900016784668,45.605838775634766,13841400
2017-02-24,WFC,57.70000076293945,57.90999984741211,57.31999969482422,57.810001373291016,45.07563781738281,16379100
2017-02-27,WFC,57.810001373291016,58.25,57.709999084472656,58.060001373291016,45.270565032958984,10101000
2017-02-28,WFC,57.9900016784668,58.31999969482422,57.72999954223633,57.880001068115234,45.13020706176758,15558900
2017-03-01,WFC,59.11000061035156,59.9900016784668,59.09000015258789,59.72999954223633,46.572689056396484,25912700
2017-03-02,WFC,59.779998779296875,59.790000915527344,58.56999969482422,58.709999084472656,45.777374267578125,17578600
2017-03-03,WFC,58.849998474121094,59.2400016784668,58.66999816894531,58.88999938964844,45.91773223876953,14740000
2017-03-06,WFC,58.540000915527344,58.880001068115234,58.18000030517578,58.61000061035156,45.69941329956055,13225500
2017-03-07,WFC,58.43000030517578,58.52000045776367,58.02000045776367,58.29999923706055,45.457698822021484,13099900
2017-03-08,WFC,58.95000076293945,59.130001068115234,58.16999816894531,58.209999084472656,45.38752365112305,14711300
2017-03-09,WFC,58.45000076293945,58.869998931884766,58.20000076293945,58.70000076293945,45.76958465576172,15721500
2017-03-10,WFC,58.97999954223633,59.18000030517578,58.52000045776367,58.849998474121094,45.88653564453125,15120200
2017-03-13,WFC,58.83000183105469,59.029998779296875,58.52000045776367,58.70000076293945,45.76958465576172,14063500
2017-03-14,WFC,58.4900016784668,58.810001373291016,58.25,58.7599983215332,45.81636428833008,10885000
2017-03-15,WFC,58.900001525878906,59.310001373291016,58.36000061035156,58.709999084472656,45.777374267578125,17777300
2017-03-16,WFC,58.86000061035156,59.40999984741211,58.7599983215332,59.31999969482422,46.25300598144531,18468200
2017-03-17,WFC,59.369998931884766,59.40999984741211,58.52000045776367,58.66999816894531,45.746192932128906,20985700
2017-03-20,WFC,58.470001220703125,58.470001220703125,57.619998931884766,57.630001068115234,44.93527603149414,17663200
2017-03-21,WFC,57.93000030517578,57.959999084472656,55.630001068115234,55.849998474121094,43.54738235473633,31766400
2017-03-22,WFC,55.529998779296875,55.56999969482422,54.849998474121094,55.33000183105469,43.141929626464844,27740900
2017-03-23,WFC,55.22999954223633,55.9900016784668,54.97999954223633,55.25,43.07954788208008,19000000
2017-03-24,WFC,55.5,56.04999923706055,55.220001220703125,55.83000183105469,43.53179168701172,21127500
2017-03-27,WFC,54.630001068115234,55.58000183105469,54.2400016784668,55.38999938964844,43.18870544433594,16854800
2017-03-28,WFC,55.349998474121094,56.25,55.2400016784668,55.959999084472656,43.63315200805664,14878900
2017-03-29,WFC,55.939998626708984,56.09000015258789,55.54999923706055,55.66999816894531,43.40702819824219,10329100
2017-03-30,WFC,55.68000030517578,56.43000030517578,55.61000061035156,56.2400016784668,43.851470947265625,12106500
2017-03-31,WFC,56.02000045776367,56.18000030517578,55.619998931884766,55.65999984741211,43.39924621582031,11864600
2017-04-03,WFC,55.70000076293945,55.81999969482422,54.790000915527344,55.4900016784668,43.26668167114258,14550700
2017-04-04,WFC,55.29999923706055,55.33000183105469,54.97999954223633,55.20000076293945,43.040565490722656,11937400
2017-04-05,WFC,55.790000915527344,56.20000076293945,54.93000030517578,54.97999954223633,42.86902618408203,17411700
2017-04-06,WFC,54.95000076293945,55.650001525878906,54.709999084472656,55.369998931884766,43.17311096191406,10387500
2017-04-07,WFC,54.939998626708984,55.310001373291016,54.61000061035156,54.84000015258789,42.75986099243164,15848800
2017-04-10,WFC,54.9900016784668,55.25,54.31999969482422,54.540000915527344,42.525943756103516,14607700
2017-04-11,WFC,54.22999954223633,54.2599983215332,53.27000045776367,54.15999984741211,42.22966003417969,28086800
2017-04-12,WFC,53.95000076293945,54.02000045776367,53.04999923706055,53.119998931884766,41.418739318847656,25601300
2017-04-13,WFC,51.79999923706055,52.75,51.349998474121094,51.349998474121094,40.038639068603516,47982000
2017-04-17,WFC,51.63999938964844,52.7599983215332,51.2599983215332,52.720001220703125,41.106849670410156,31959100
2017-04-18,WFC,52.36000061035156,52.66999816894531,52.09000015258789,52.45000076293945,40.89632797241211,22257500
2017-04-19,WFC,52.880001068115234,53.13999938964844,52.04999923706055,52.150001525878906,40.66240692138672,17414600
2017-04-20,WFC,52.720001220703125,53.59000015258789,52.43000030517578,53.5,41.715030670166016,31552900
2017-04-21,WFC,53.38999938964844,53.84000015258789,52.95000076293945,53.0,41.32518005371094,26177300
2017-04-24,WFC,54.150001525878906,54.34000015258789,53.59000015258789,53.650001525878906,41.831993103027344,23856700
2017-04-25,WFC,54.33000183105469,55.09000015258789,54.290000915527344,54.560001373291016,42.54154968261719,27061300
2017-04-26,WFC,54.599998474121094,55.06999969482422,54.36000061035156,54.540000915527344,42.525943756103516,15915500
2017-04-27,WFC,54.540000915527344,54.650001525878906,53.90999984741211,54.439998626708984,42.447967529296875,13978000
2017-04-28,WFC,54.33000183105469,54.58000183105469,53.72999954223633,53.84000015258789,41.980140686035156,16501900
2017-05-01,WFC,54.099998474121094,54.75,53.970001220703125,54.459999084472656,42.46357345581055,13915800
2017-05-02,WFC,54.459999084472656,54.61000061035156,54.060001373291016,54.540000915527344,42.525943756103516,15634900
2017-05-03,WFC,54.0099983215332,54.88999938964844,53.95000076293945,54.849998474121094,43.06772994995117,15737100
2017-05-04,WFC,55.27000045776367,55.599998474121094,54.869998931884766,55.18000030517578,43.32683181762695,17054100
2017-05-05,WFC,55.25,55.38999938964844,54.880001068115234,55.11000061035156,43.271881103515625,13078800
2017-05-08,WFC,55.119998931884766,55.290000915527344,54.75,55.040000915527344,43.2169189453125,14242800
2017-05-09,WFC,55.13999938964844,55.369998931884766,54.45000076293945,54.68000030517578,42.93424987792969,14402900
2017-05-10,WFC,54.43000030517578,54.90999984741211,54.36000061035156,54.720001220703125,42.96565246582031,15897200
2017-05-11,WFC,54.279998779296875,54.41999816894531,53.060001373291016,53.7400016784668,42.196163177490234,32200100
2017-05-12,WFC,53.29999923706055,53.31999969482422,52.540000915527344,53.02000045776367,41.63082504272461,29642300
2017-05-15,WFC,53.060001373291016,53.41999816894531,53.02000045776367,53.31999969482422,41.86637878417969,15245000
2017-05-16,WFC,53.400001525878906,53.439998626708984,52.95000076293945,53.2599983215332,41.81927490234375,12650100
2017-05-17,WFC,53.2599983215332,53.2599983215332,51.650001525878906,52.2400016784668,41.01839065551758,33173100
2017-05-18,WFC,52.310001373291016,52.959999084472656,51.95000076293945,52.380001068115234,41.12830352783203,19790100
2017-05-19,WFC,52.56999969482422,53.34000015258789,52.38999938964844,53.060001373291016,41.6622314453125,16895000
2017-05-22,WFC,53.27000045776367,53.31999969482422,52.5,53.0099983215332,41.62297058105469,13947000
2017-05-23,WFC,53.0099983215332,53.560001373291016,52.849998474121094,53.38999938964844,41.92134475708008,11751700
2017-05-24,WFC,53.4900016784668,53.61000061035156,52.79999923706055,53.09000015258789,41.6858024597168,11304400
2017-05-25,WFC,53.25,53.25,52.56999969482422,52.779998779296875,41.442378997802734,16643800
2017-05-26,WFC,52.630001068115234,52.810001373291016,52.369998931884766,52.40999984741211,41.1518669128418,14247700
2017-05-30,WFC,52.15999984741211,52.5,51.900001525878906,52.15999984741211,40.95555877685547,19379700
2017-05-31,WFC,52.22999954223633,52.25,50.83000183105469,51.13999938964844,40.154659271240234,30519700
2017-06-01,WFC,51.529998779296875,52.209999084472656,51.060001373291016,52.08000183105469,40.89274978637695,21001800
2017-06-02,WFC,51.66999816894531,52.2400016784668,51.529998779296875,51.810001373291016,40.68075180053711,19477300
2017-06-05,WFC,51.709999084472656,52.18000030517578,51.66999816894531,51.720001220703125,40.6100959777832,13663800
2017-06-06,WFC,51.31999969482422,52.029998779296875,51.2400016784668,51.810001373291016,40.68075180053711,14887500
2017-06-07,WFC,51.84000015258789,52.310001373291016,51.70000076293945,52.09000015258789,40.90060043334961,17022400
2017-06-08,WFC,52.09000015258789,53.029998779296875,51.880001068115234,52.560001373291016,41.2696418762207,22644200
2017-06-09,WFC,52.86000061035156,53.95000076293945,52.79999923706055,53.79999923706055,42.24326705932617,25750000
2017-06-12,WFC,53.97999954223633,54.59000015258789,53.939998626708984,54.09000015258789,42.47098159790039,22791400
2017-06-13,WFC,54.349998474121094,54.689998626708984,54.279998779296875,54.45000076293945,42.753658294677734,17966000
2017-06-14,WFC,54.09000015258789,54.63999938964844,53.56999969482422,54.529998779296875,42.816463470458984,16575000
2017-06-15,WFC,54.040000915527344,54.45000076293945,53.810001373291016,53.900001525878906,42.321800231933594,17232300
2017-06-16,WFC,53.93000030517578,54.2400016784668,53.650001525878906,53.88999938964844,42.31394958496094,23492700
2017-06-19,WFC,54.310001373291016,54.63999938964844,54.119998931884766,54.2400016784668,42.58876419067383,15367300
2017-06-20,WFC,54.060001373291016,54.099998474121094,53.43000030517578,53.459999084472656,41.97631072998047,13622200
2017-06-21,WFC,53.470001220703125,53.47999954223633,52.79999923706055,52.97999954223633,41.59941864013672,12653700
2017-06-22,WFC,52.79999923706055,52.88999938964844,52.220001220703125,52.4900016784668,41.214683532714844,15362200
2017-06-23,WFC,52.70000076293945,52.83000183105469,52.31999969482422,52.45000076293945,41.183265686035156,21868500
2017-06-26,WFC,52.72999954223633,53.43000030517578,52.59000015258789,52.900001525878906,41.53660583496094,12532800
2017-06-27,WFC,53.02000045776367,53.65999984741211,52.90999984741211,53.15999984741211,41.740753173828125,13496300
2017-06-28,WFC,53.61000061035156,54.41999816894531,53.52000045776367,54.33000183105469,42.659427642822266,20961700
2017-06-29,WFC,55.650001525878906,56.599998474121094,55.209999084472656,55.779998779296875,43.797969818115234,32552100
2017-06-30,WFC,56.029998779296875,56.04999923706055,55.15999984741211,55.40999984741211,43.50742721557617,16750700
2017-07-03,WFC,55.810001373291016,56.45000076293945,55.709999084472656,55.779998779296875,43.797969818115234,11825000
2017-07-05,WFC,55.970001220703125,56.02000045776367,55.34000015258789,55.779998779296875,43.797969818115234,14086900
2017-07-06,WFC,55.97999954223633,56.31999969482422,55.5,55.560001373291016,43.62521743774414,14481200
2017-07-07,WFC,55.779998779296875,55.83000183105469,55.25,55.7400016784668,43.76654815673828,11503500
2017-07-10,WFC,55.529998779296875,55.810001373291016,55.34000015258789,55.59000015258789,43.64876937866211,10979000
2017-07-11,WFC,55.65999984741211,55.709999084472656,54.81999969482422,55.040000915527344,43.2169189453125,14842700
2017-07-12,WFC,54.93000030517578,55.2400016784668,54.599998474121094,55.16999816894531,43.31898880004883,11951500
2017-07-13,WFC,55.2599983215332,55.66999816894531,55.060001373291016,55.599998474121094,43.656612396240234,14201800
2017-07-14,WFC,54.310001373291016,55.20000076293945,54.119998931884766,54.9900016784668,43.177669525146484,17949600
2017-07-17,WFC,54.900001525878906,54.97999954223633,54.439998626708984,54.709999084472656,42.95780563354492,14953600
2017-07-18,WFC,54.310001373291016,54.91999816894531,54.22999954223633,54.79999923706055,43.028465270996094,13603300
2017-07-19,WFC,54.79999923706055,55.209999084472656,54.689998626708984,54.939998626708984,43.13839340209961,12366200
2017-07-20,WFC,54.959999084472656,55.310001373291016,54.68000030517578,54.880001068115234,43.091285705566406,15123500
2017-07-21,WFC,54.43000030517578,54.619998931884766,54.099998474121094,54.16999816894531,42.53378677368164,17384500
2017-07-24,WFC,54.099998474121094,54.40999984741211,54.040000915527344,54.27000045776367,42.61232376098633,18489900
2017-07-25,WFC,55.0,55.40999984741211,54.90999984741211,55.060001373291016,43.23261642456055,20167800
2017-07-26,WFC,55.31999969482422,55.33000183105469,54.810001373291016,54.90999984741211,43.11483383178711,19686900
2017-07-27,WFC,54.86000061035156,54.959999084472656,54.38999938964844,54.709999084472656,42.95780563354492,17352600
2017-07-28,WFC,54.29999923706055,54.56999969482422,53.18000030517578,53.29999923706055,41.85069274902344,32590600
2017-07-31,WFC,53.41999816894531,54.220001220703125,53.400001525878906,53.939998626708984,42.35319900512695,20378100
2017-08-01,WFC,54.22999954223633,54.38999938964844,53.849998474121094,54.08000183105469,42.463130950927734,19350300
2017-08-02,WFC,53.540000915527344,53.959999084472656,53.45000076293945,53.619998931884766,42.407779693603516,19422100
2017-08-03,WFC,53.5,53.65999984741211,53.34000015258789,53.400001525878906,42.233768463134766,19374700
2017-08-04,WFC,53.66999816894531,53.70000076293945,51.90999984741211,52.84000015258789,41.79086685180664,44664600
2017-08-07,WFC,52.72999954223633,52.95000076293945,52.43000030517578,52.540000915527344,41.55359649658203,22673700
2017-08-08,WFC,52.31999969482422,53.29999923706055,52.220001220703125,52.709999084472656,41.68804931640625,24877800
2017-08-09,WFC,52.279998779296875,52.810001373291016,52.13999938964844,52.790000915527344,41.75132751464844,14631600
2017-08-10,WFC,52.38999938964844,52.720001220703125,51.91999816894531,51.95000076293945,41.08698654174805,18373000
2017-08-11,WFC,51.83000183105469,52.209999084472656,51.7400016784668,51.939998626708984,41.07905960083008,14714500
2017-08-14,WFC,52.369998931884766,53.09000015258789,52.34000015258789,52.84000015258789,41.79086685180664,16313200
2017-08-15,WFC,53.20000076293945,53.36000061035156,52.83000183105469,52.849998474121094,41.798789978027344,11028100
2017-08-16,WFC,53.0099983215332,53.209999084472656,52.459999084472656,52.689998626708984,41.67223358154297,11224400
2017-08-17,WFC,52.470001220703125,52.630001068115234,51.790000915527344,51.79999923706055,40.968345642089844,16814300
2017-08-18,WFC,51.630001068115234,52.13999938964844,51.380001068115234,51.68000030517578,40.873435974121094,17130600
2017-08-21,WFC,51.7400016784668,51.90999984741211,51.400001525878906,51.81999969482422,40.984153747558594,13503100
2017-08-22,WFC,51.95000076293945,52.27000045776367,51.91999816894531,52.220001220703125,41.300514221191406,12984100
2017-08-23,WFC,51.83000183105469,52.47999954223633,51.79999923706055,52.029998779296875,41.15024185180664,10019500
2017-08-24,WFC,52.189998626708984,52.529998779296875,52.040000915527344,52.15999984741211,41.253055572509766,12345000
2017-08-25,WFC,52.27000045776367,52.56999969482422,51.7599983215332,51.77000045776367,40.944610595703125,15307800
2017-08-28,WFC,51.95000076293945,52.02000045776367,51.41999816894531,51.630001068115234,40.83387756347656,12425900
2017-08-29,WFC,51.209999084472656,51.5,51.130001068115234,51.41999816894531,40.66779327392578,10715500
2017-08-30,WFC,51.459999084472656,51.7400016784668,51.20000076293945,51.36000061035156,40.620338439941406,11427500
2017-08-31,WFC,51.0,51.2400016784668,50.869998931884766,51.06999969482422,40.3909912109375,25231100
2017-09-01,WFC,51.060001373291016,51.4900016784668,50.93000030517578,50.970001220703125,40.31189727783203,16217700
2017-09-05,WFC,50.630001068115234,50.66999816894531,49.7599983215332,50.099998474121094,39.62381362915039,31251300
2017-09-06,WFC,50.25,50.27000045776367,49.560001373291016,49.880001068115234,39.4498291015625,26854000
2017-09-07,WFC,49.939998626708984,49.939998626708984,49.27000045776367,49.68000030517578,39.29164123535156,23367300
2020-02-20,WMT,39.06999969482422,39.369998931884766,38.95333480834961,39.22999954223633,35.97709655761719,15068700
2020-02-21,WMT,39.14666748046875,39.58333206176758,39.10333251953125,39.526668548583984,36.24917221069336,18726300
2020-02-24,WMT,39.1533317565918,39.48666763305664,38.650001525878906,38.77333450317383,35.55830764770508,19848000
2020-02-25,WMT,38.78333282470703,39.02333450317383,38.016666412353516,38.130001068115234,34.96830749511719,23292900
2020-02-26,WMT,38.233333587646484,38.38999938964844,37.883331298828125,37.926666259765625,34.781837463378906,20019900
2020-02-27,WMT,37.52000045776367,38.02333450317383,36.78333282470703,36.79999923706055,33.748592376708984,28476900
2020-02-28,WMT,35.89666748046875,36.17333221435547,34.790000915527344,35.893333435058594,32.91710662841797,52369200
2020-03-02,WMT,35.866668701171875,38.79999923706055,35.76333236694336,38.62666702270508,35.42378616333008,51222600
2020-03-03,WMT,38.69333267211914,39.176666259765625,37.4466667175293,37.63666534423828,34.515872955322266,33340800
2020-03-04,WMT,38.08000183105469,38.9466667175293,37.823333740234375,38.92333221435547,35.695858001708984,24625200
2020-03-05,WMT,38.133331298828125,39.08333206176758,37.970001220703125,38.63999938964844,35.4360237121582,25638300
2020-03-06,WMT,37.956668853759766,39.3033332824707,37.66999816894531,39.07666778564453,35.83647155761719,29411100
2020-03-09,WMT,37.939998626708984,40.209999084472656,37.57666778564453,39.0533332824707,35.8150749206543,59243400
2020-03-10,WMT,39.366668701171875,40.22666549682617,38.30666732788086,39.93000030517578,36.61904525756836,37797300
2020-03-11,WMT,39.16999816894531,39.676666259765625,37.599998474121094,38.143333435058594,34.98052215576172,31620000
2020-03-12,WMT,35.34000015258789,37.163333892822266,34.32666778564453,34.68333435058594,31.80743980407715,56323200
2020-03-13,WMT,36.08000183105469,38.1966667175293,34.62666702270508,38.03333282470703,34.8796501159668,42962100
2020-03-16,WMT,35.06666564941406,37.11000061035156,34.0,35.586666107177734,32.635860443115234,36753900
2020-03-17,WMT,37.59000015258789,39.75666809082031,36.81999969482422,39.753334045410156,36.457035064697266,52806000
2020-03-18,WMT,38.33333206176758,42.69333267211914,38.16666793823242,40.86000061035156,37.47193908691406,77355900
2020-03-19,WMT,41.48666763305664,42.33333206176758,39.209999084472656,39.81666564941406,36.67668151855469,57100500
2020-03-20,WMT,39.83333206176758,40.93000030517578,37.29666519165039,37.9900016784668,34.99407958984375,55423500
2020-03-23,WMT,38.05666732788086,39.18000030517578,37.4033317565918,38.09333419799805,35.089256286621094,39366000
2020-03-24,WMT,38.62333297729492,39.12333297729492,37.10333251953125,38.34333419799805,35.31954574584961,42705000
2020-03-25,WMT,37.65666580200195,38.0,36.016666412353516,36.46666717529297,33.59087371826172,53287500
2020-03-26,WMT,36.46666717529297,36.956668853759766,35.616668701171875,36.606666564941406,33.7198371887207,58250700
2020-03-27,WMT,36.70333480834961,37.426666259765625,36.20000076293945,36.526668548583984,33.64613723754883,36160500
2020-03-30,WMT,37.28666687011719,38.599998474121094,36.97999954223633,38.39666748046875,35.36867141723633,29212500
2020-03-31,WMT,38.10333251953125,38.72999954223633,37.54666519165039,37.87333297729492,34.8866081237793,26258400
2020-04-01,WMT,37.383331298828125,38.5099983215332,37.266666412353516,38.04666519165039,35.04627227783203,28269600
2020-04-02,WMT,37.72666549682617,39.70333480834961,37.4466667175293,39.54999923706055,36.43104934692383,29515500
2020-04-03,WMT,39.06999969482422,39.970001220703125,39.0099983215332,39.82666778564453,36.6859016418457,28625100
2020-04-06,WMT,39.686668395996094,42.130001068115234,39.64666748046875,42.02333450317383,38.70933151245117,47768700
2020-04-07,WMT,41.32666778564453,42.163333892822266,40.54666519165039,40.663333892822266,37.45659637451172,41369700
2020-04-08,WMT,41.22999954223633,41.27000045776367,40.1966667175293,40.61333465576172,37.410518646240234,27876600
2020-04-09,WMT,39.40666580200195,40.956668853759766,39.220001220703125,40.599998474121094,37.39824676513672,32828700
2020-04-13,WMT,40.42333221435547,41.88999938964844,40.38999938964844,41.766666412353516,38.47290802001953,24194100
2020-04-14,WMT,42.366668701171875,43.26333236694336,42.01333236694336,43.0,39.608978271484375,34098900
2020-04-15,WMT,43.0,43.293331146240234,42.37333297729492,42.91999816894531,39.53528594970703,22435200
2020-04-16,WMT,43.0,44.30666732788086,42.75,44.11000061035156,40.63145065307617,31882200
2020-04-17,WMT,43.82666778564453,44.323333740234375,43.24333190917969,44.040000915527344,40.566978454589844,30915300
2020-04-20,WMT,44.130001068115234,44.459999084472656,43.253334045410156,43.28333282470703,39.86996841430664,24401700
2020-04-21,WMT,43.356666564941406,43.676666259765625,42.720001220703125,43.06999969482422,39.6734619140625,27900600
2020-04-22,WMT,43.33333206176758,44.12666702270508,42.96666717529297,43.86333465576172,40.40422058105469,19448100
2020-04-23,WMT,43.28333282470703,43.6966667175293,42.57666778564453,42.84333419799805,39.464664459228516,28839900
2020-04-24,WMT,43.116668701171875,43.29666519165039,42.85333251953125,43.14666748046875,39.74407958984375,17343600
2020-04-27,WMT,43.33333206176758,43.436668395996094,42.723331451416016,42.766666412353516,39.39405059814453,17923800
2020-04-28,WMT,42.7599983215332,43.413333892822266,42.56666564941406,42.66666793823242,39.301937103271484,20732100
2020-04-29,WMT,41.856666564941406,41.91999816894531,40.849998474121094,41.20000076293945,37.95094299316406,44612100
2020-04-30,WMT,41.026668548583984,41.14666748046875,40.3466682434082,40.516666412353516,37.32148742675781,40497900
2020-05-01,WMT,40.49333190917969,41.22999954223633,40.2599983215332,40.973331451416016,37.74213409423828,31143900
2020-05-04,WMT,41.279998779296875,41.46666717529297,40.56999969482422,41.233333587646484,37.98163604736328,17807700
2020-05-05,WMT,41.266666412353516,41.753334045410156,41.086666107177734,41.57666778564453,38.29787826538086,19337400
2020-05-06,WMT,41.73666763305664,41.83000183105469,40.95000076293945,41.099998474121094,37.85881423950195,17309100
2020-05-07,WMT,41.1533317565918,41.32666778564453,40.5,40.630001068115234,37.59050750732422,27345600
2020-05-08,WMT,40.91666793823242,41.003334045410156,40.540000915527344,40.97999954223633,37.91433334350586,20830800
2020-05-11,WMT,41.01333236694336,41.436668395996094,41.003334045410156,41.223331451416016,38.13945007324219,25341900
2020-05-12,WMT,41.49333190917969,41.88666534423828,41.2599983215332,41.2599983215332,38.17338180541992,19100100
2020-05-13,WMT,41.16666793823242,42.08000183105469,41.029998779296875,41.23666763305664,38.15180206298828,29175300
2020-05-14,WMT,41.616668701171875,41.709999084472656,40.43333435058594,41.13999938964844,38.06235885620117,22233000
2020-05-15,WMT,41.15666580200195,41.97999954223633,41.029998779296875,41.97999954223633,38.83952331542969,31770000
2020-05-18,WMT,42.5,42.85333251953125,42.03333282470703,42.5533332824707,39.36996078491211,38633700
2020-05-19,WMT,43.91666793823242,43.996665954589844,41.60333251953125,41.650001525878906,38.534202575683594,74746200
2020-05-20,WMT,42.163333892822266,42.1966667175293,41.543331146240234,41.81666564941406,38.68839645385742,32246400
2020-05-21,WMT,41.630001068115234,42.04666519165039,41.41666793823242,41.663333892822266,38.546539306640625,22448100
2020-05-22,WMT,41.70000076293945,41.78333282470703,41.25666809082031,41.44333267211914,38.34299850463867,22359600
2020-05-26,WMT,41.4466667175293,41.836666107177734,41.209999084472656,41.28666687011719,38.19804763793945,23730600
2020-05-27,WMT,41.323333740234375,41.496665954589844,40.34333419799805,40.82666778564453,37.77246856689453,31073700
2020-05-28,WMT,41.2400016784668,41.650001525878906,41.0533332824707,41.22999954223633,38.145626068115234,24424800
2020-05-29,WMT,41.413333892822266,41.56999969482422,40.643333435058594,41.35333251953125,38.25973129272461,29311200
2020-06-01,WMT,41.14666748046875,41.470001220703125,40.78666687011719,41.31999969482422,38.228885650634766,20550300
2020-06-02,WMT,41.1966667175293,41.383331298828125,40.936668395996094,41.313331604003906,38.22272491455078,19187700
2020-06-03,WMT,41.29999923706055,41.33000183105469,40.88666534423828,41.15666580200195,38.07778549194336,20262900
2020-06-04,WMT,40.93333435058594,41.29666519165039,40.606666564941406,40.70333480834961,37.65837097167969,24015000
2020-06-05,WMT,40.856666564941406,40.893333435058594,39.970001220703125,40.52000045776367,37.488739013671875,39337200
2020-06-08,WMT,39.86000061035156,40.413333892822266,39.81999969482422,40.413333892822266,37.39004898071289,28344300
2020-06-09,WMT,40.53333282470703,40.66666793823242,40.186668395996094,40.45000076293945,37.42396926879883,20746200
2020-06-10,WMT,40.52000045776367,40.83333206176758,40.37666702270508,40.38666534423828,37.36537551879883,28141500
2020-06-11,WMT,40.33000183105469,40.86000061035156,39.82666778564453,40.029998779296875,37.035404205322266,34162800
2020-06-12,WMT,40.16999816894531,40.25,39.02000045776367,39.246665954589844,36.310665130615234,32359200
2020-06-15,WMT,39.46666717529297,39.560001373291016,39.003334045410156,39.36000061035156,36.41551208496094,32703300
2020-06-16,WMT,39.93333435058594,40.07666778564453,39.51333236694336,39.883331298828125,36.899715423583984,25167600
2020-06-17,WMT,39.95333480834961,40.043331146240234,39.46666717529297,39.676666259765625,36.70849609375,20166900
2020-06-18,WMT,39.51333236694336,39.686668395996094,39.220001220703125,39.33000183105469,36.38776397705078,20070000
2020-06-19,WMT,39.630001068115234,40.099998474121094,39.25,39.95000076293945,36.96138381958008,40078800
2020-06-22,WMT,40.323333740234375,40.6966667175293,40.133331298828125,40.560001373291016,37.52573776245117,27338400
2020-06-23,WMT,40.91666793823242,40.95000076293945,40.31999969482422,40.356666564941406,37.33761978149414,19727700
2020-06-24,WMT,40.246665954589844,40.37333297729492,39.86000061035156,40.099998474121094,37.10014343261719,20614800
2020-06-25,WMT,39.91999816894531,40.0533332824707,39.459999084472656,39.9033317565918,36.91819763183594,20569800
2020-06-26,WMT,39.866668701171875,40.279998779296875,39.34000015258789,39.439998626708984,36.48952865600586,26991600
2020-06-29,WMT,39.5,39.893333435058594,39.40666580200195,39.686668395996094,36.71775436401367,16511400
2020-06-30,WMT,39.7400016784668,40.043331146240234,39.51333236694336,39.926666259765625,36.93978500366211,20509200
2020-07-01,WMT,39.81666564941406,39.973331451416016,39.5533332824707,39.89666748046875,36.91203689575195,19733700
2020-07-02,WMT,40.029998779296875,40.293331146240234,39.619998931884766,39.73666763305664,36.76401138305664,17695800
2020-07-06,WMT,39.93333435058594,39.956668853759766,39.40666580200195,39.630001068115234,36.66532516479492,21695100
2020-07-07,WMT,39.483333587646484,42.516666412353516,39.40666580200195,42.31666564941406,39.1510009765625,93458100
2020-07-08,WMT,42.66666793823242,42.709999084472656,41.46666717529297,41.47999954223633,38.376914978027344,52217100
2020-07-09,WMT,41.869998931884766,42.72666549682617,41.650001525878906,42.58333206176758,39.397727966308594,42771600
2020-07-10,WMT,42.913333892822266,43.790000915527344,42.41999816894531,43.560001373291016,40.301326751708984,44236800
2020-07-13,WMT,43.776668548583984,44.543331146240234,42.96333312988281,43.17333221435547,39.94358825683594,42338400
2020-07-14,WMT,43.09333419799805,44.16666793823242,43.0099983215332,44.003334045410156,40.71149826049805,26455800
2020-07-15,WMT,44.09000015258789,44.709999084472656,43.599998474121094,44.0,40.708404541015625,31731300
2020-07-16,WMT,44.016666412353516,44.24333190917969,43.746665954589844,44.06666564941406,40.770076751708984,17676600
2020-07-17,WMT,44.456668853759766,44.456668853759766,43.823333740234375,43.913333892822266,40.62821578979492,18189600
2020-07-20,WMT,43.98666763305664,44.246665954589844,43.71333312988281,43.823333740234375,40.544952392578125,18342600
2020-07-21,WMT,43.85333251953125,44.663333892822266,43.81666564941406,44.11000061035156,40.810176849365234,21712500
2020-07-22,WMT,44.189998626708984,44.34333419799805,43.72999954223633,44.220001220703125,40.911949157714844,16164600
2020-07-23,WMT,44.33333206176758,44.383331298828125,43.77000045776367,43.880001068115234,40.59738540649414,16796400
2020-07-24,WMT,43.650001525878906,44.133331298828125,43.503334045410156,43.746665954589844,40.47401428222656,13037400
2020-07-27,WMT,43.619998931884766,43.99333190917969,43.619998931884766,43.73666763305664,40.46477127075195,14045700
2020-07-28,WMT,43.83333206176758,44.12666702270508,43.63999938964844,43.91999816894531,40.6343879699707,14414100
2020-07-29,WMT,43.85333251953125,43.95333480834961,43.28333282470703,43.563331604003906,40.304412841796875,14223300
2020-07-30,WMT,43.13999938964844,43.473331451416016,42.90666580200195,43.37333297729492,40.12862014770508,13788300
2020-07-31,WMT,43.21666717529297,43.36333465576172,42.540000915527344,43.133331298828125,39.90656661987305,21631500
2020-08-03,WMT,43.3033332824707,43.37333297729492,42.75666809082031,43.099998474121094,39.875728607177734,14971500
2020-08-04,WMT,43.21666717529297,43.9033317565918,42.97999954223633,43.880001068115234,40.59738540649414,18219600
2020-08-05,WMT,43.483333587646484,43.58333206176758,42.94333267211914,43.27000045776367,40.033016204833984,25483500
2020-08-06,WMT,43.043331146240234,43.40999984741211,43.0099983215332,43.116668701171875,39.89115524291992,14496300
2020-08-07,WMT,43.19333267211914,43.48666763305664,43.03666687011719,43.323333740234375,40.08236312866211,16558500
2020-08-10,WMT,43.413333892822266,44.11333465576172,43.21666717529297,43.959999084472656,40.67140579223633,17683200
2020-08-11,WMT,44.1966667175293,44.290000915527344,43.24333190917969,43.400001525878906,40.153289794921875,25360200
2020-08-12,WMT,43.4900016784668,44.07666778564453,43.026668548583984,43.96333312988281,40.67448425292969,19094400
2020-08-13,WMT,43.73666763305664,43.98666763305664,43.57666778564453,43.95000076293945,40.82931137084961,19867200
2020-08-14,WMT,44.11333465576172,44.323333740234375,43.87666702270508,44.20000076293945,41.06156539916992,20106300
2020-08-17,WMT,44.78333282470703,45.37666702270508,44.616668701171875,45.20000076293945,41.990562438964844,39465000
2020-08-18,WMT,45.38999938964844,45.87666702270508,44.38999938964844,44.9033317565918,41.71495056152344,80232600
2020-08-19,WMT,44.73666763305664,44.88666534423828,43.95000076293945,44.13666534423828,41.00271987915039,38155200
2020-08-20,WMT,43.73666763305664,44.02333450317383,43.349998474121094,43.52333450317383,40.43294906616211,26810700
2020-08-21,WMT,43.516666412353516,44.223331451416016,43.366668701171875,43.87666702270508,40.76119613647461,24864000
2020-08-24,WMT,44.08333206176758,44.15999984741211,43.44333267211914,43.776668548583984,40.66828155517578,19813800
2020-08-25,WMT,43.599998474121094,43.746665954589844,43.223331451416016,43.543331146240234,40.45152282714844,21722400
2020-08-26,WMT,43.4033317565918,43.62666702270508,43.233333587646484,43.56666564941406,40.47319030761719,18814800
2020-08-27,WMT,43.69333267211914,46.45000076293945,43.633331298828125,45.543331146240234,42.30950927734375,119018700
2020-08-28,WMT,47.0,47.02333450317383,45.9466667175293,46.766666412353516,43.445980072021484,64050900
2020-08-31,WMT,45.82666778564453,46.29666519165039,45.176666259765625,46.28333282470703,42.99696731567383,45236400
2020-09-01,WMT,47.06666564941406,49.86333465576172,46.68333435058594,49.1966667175293,45.70343017578125,106798200
2020-09-02,WMT,50.41666793823242,50.44333267211914,48.53666687011719,49.22666549682617,45.73130798339844,51666000
2020-09-03,WMT,48.900001525878906,49.866668701171875,47.27000045776367,48.18000030517578,44.758968353271484,48015000
2020-09-04,WMT,48.00666809082031,48.3466682434082,46.70000076293945,47.61000061035156,44.22944259643555,33982200
2020-09-08,WMT,47.13666534423828,47.29999923706055,46.086666107177734,46.150001525878906,42.87308883666992,33966900
2020-09-09,WMT,46.6966667175293,47.53666687011719,46.483333587646484,46.630001068115234,43.31901168823242,33669000
2020-09-10,WMT,46.686668395996094,46.8466682434082,45.529998779296875,45.60333251953125,42.3652458190918,33709200
2020-09-11,WMT,45.68333435058594,46.14666748046875,45.18333435058594,45.56666564941406,42.3311882019043,28879800
2020-09-14,WMT,45.380001068115234,47.03333282470703,45.293331146240234,45.77333450317383,42.523189544677734,45733800
2020-09-15,WMT,46.07666778564453,46.36000061035156,45.560001373291016,45.78666687011719,42.53557205200195,30427800
2020-09-16,WMT,46.13666534423828,46.22666549682617,45.349998474121094,45.41999816894531,42.1949348449707,27860400
2020-09-17,WMT,45.143333435058594,45.856666564941406,45.00666809082031,45.563331604003906,42.32809066772461,37245000
2020-09-18,WMT,45.47999954223633,45.84333419799805,44.91666793823242,45.0966682434082,41.89455795288086,54709200
2020-09-21,WMT,45.5,45.746665954589844,45.0966682434082,45.689998626708984,42.44575500488281,47275500
2020-09-22,WMT,45.689998626708984,46.33000183105469,45.52333450317383,46.10333251953125,42.829750061035156,33102000
2020-09-23,WMT,46.33333206176758,46.413333892822266,45.27333450317383,45.33000183105469,42.111328125,23133300
2020-09-24,WMT,45.24333190917969,45.93000030517578,45.02333450317383,45.56666564941406,42.3311882019043,29453100
2020-09-25,WMT,45.50666809082031,45.8466682434082,45.31999969482422,45.75666809082031,42.50769805908203,22618800
2020-09-28,WMT,45.720001220703125,46.016666412353516,45.573333740234375,45.75,42.50150680541992,21197100
2020-09-29,WMT,45.75,46.04666519165039,45.46333312988281,45.71333312988281,42.46743392944336,27702900
2020-09-30,WMT,45.79666519165039,47.246665954589844,45.733333587646484,46.63666534423828,43.3252067565918,34826400
2020-10-01,WMT,46.93333435058594,48.12666702270508,46.753334045410156,47.69333267211914,44.306854248046875,43290900
2020-10-02,WMT,47.4466667175293,47.70000076293945,46.709999084472656,46.83333206176758,43.507911682128906,24585000
2020-10-05,WMT,47.0966682434082,47.39666748046875,47.02333450317383,47.266666412353516,43.91047668457031,14259000
2020-10-06,WMT,47.290000915527344,47.64666748046875,46.75,46.87666702270508,43.54817199707031,21475500
2020-10-07,WMT,47.086666107177734,47.18333435058594,46.75,46.96333312988281,43.628684997558594,16949100
2020-10-08,WMT,47.16999816894531,47.36333465576172,47.040000915527344,47.119998931884766,43.77422332763672,14676900
2020-10-09,WMT,47.220001220703125,47.779998779296875,47.186668395996094,47.59333419799805,44.21395492553711,14494800
2020-10-12,WMT,47.67333221435547,48.46333312988281,47.67333221435547,48.08333206176758,44.669151306152344,18402300
2020-10-13,WMT,48.22666549682617,48.866668701171875,48.119998931884766,48.74333190917969,45.282291412353516,23800200
2020-10-14,WMT,48.79999923706055,48.84333419799805,47.91999816894531,47.97999954223633,44.573158264160156,19710900
2020-10-15,WMT,47.6966667175293,48.31999969482422,47.61333465576172,48.176666259765625,44.75586700439453,13692600
2020-10-16,WMT,48.46666717529297,48.71666717529297,48.15666580200195,48.23666763305664,44.81161117553711,16935000
2020-10-19,WMT,48.366668701171875,48.456668853759766,47.58333206176758,47.650001525878906,44.266597747802734,14643300
2020-10-20,WMT,48.03666687011719,48.5099983215332,47.87333297729492,47.96666717529297,44.56077575683594,14523000
2020-10-21,WMT,47.9466667175293,48.57666778564453,47.9466667175293,48.133331298828125,44.715606689453125,13114200
2020-10-22,WMT,48.063331604003906,48.186668395996094,47.563331604003906,47.849998474121094,44.452388763427734,13344000
2020-10-23,WMT,47.9900016784668,48.04666519165039,47.616668701171875,47.95000076293945,44.5452995300293,10540500
2020-10-26,WMT,47.61333465576172,47.706668853759766,46.97999954223633,47.38666534423828,44.021949768066406,16111800
2020-10-27,WMT,47.349998474121094,47.900001525878906,47.323333740234375,47.62333297729492,44.241825103759766,11831100
2020-10-28,WMT,46.98666763305664,47.37666702270508,46.62666702270508,46.68000030517578,43.3654670715332,16849200
2020-10-29,WMT,46.66666793823242,47.03666687011719,46.233333587646484,46.63999938964844,43.32830810546875,15153900
2020-10-30,WMT,46.393333435058594,46.6966667175293,45.790000915527344,46.25,42.96600341796875,18601800
2020-11-02,WMT,46.86333465576172,46.936668395996094,46.34333419799805,46.79999923706055,43.47694396972656,16575600
2020-11-03,WMT,47.21666717529297,48.0533332824707,47.189998626708984,47.59333419799805,44.21395492553711,15413100
2020-11-04,WMT,47.189998626708984,48.130001068115234,47.11333465576172,47.31999969482422,43.96002960205078,17927400
2020-11-05,WMT,48.0,48.07666778564453,47.64666748046875,47.823333740234375,44.42761993408203,14202600
2020-11-06,WMT,48.119998931884766,48.7400016784668,47.849998474121094,48.59000015258789,45.13984680175781,16198500
2020-11-09,WMT,49.33333206176758,49.400001525878906,47.82666778564453,47.8466682434082,44.44929122924805,28198500
2020-11-10,WMT,47.91666793823242,48.813331604003906,47.84333419799805,48.52000045776367,45.07481384277344,18199200
2020-11-11,WMT,48.973331451416016,49.6533317565918,48.79999923706055,49.32666778564453,45.82420349121094,18805800
2020-11-12,WMT,49.49333190917969,49.56999969482422,49.03333282470703,49.40999984741211,45.901615142822266,12564300
2020-11-13,WMT,49.64666748046875,50.313331604003906,49.17333221435547,50.18000030517578,46.61695098876953,19738200
2020-11-16,WMT,50.176666259765625,51.133331298828125,49.7599983215332,50.813331604003906,47.20530319213867,34560300
2020-11-17,WMT,50.16666793823242,51.08000183105469,49.72666549682617,49.790000915527344,46.25464630126953,42711600
2020-11-18,WMT,49.95333480834961,50.55666732788086,49.68333435058594,49.6966667175293,46.167938232421875,24936900
2020-11-19,WMT,49.81999969482422,50.81666564941406,49.77333450317383,50.706668853759766,47.106224060058594,18590700
2020-11-20,WMT,50.38999938964844,50.91999816894531,49.936668395996094,50.08000183105469,46.524051666259766,21937200
2020-11-23,WMT,50.12333297729492,50.46666717529297,49.790000915527344,50.310001373291016,46.73771667480469,18557100
2020-11-24,WMT,50.58000183105469,50.65999984741211,50.09000015258789,50.45333480834961,46.87088394165039,17155200
2020-11-25,WMT,50.41666793823242,50.79666519165039,50.4033317565918,50.61000061035156,47.01641845703125,13833300
2020-11-27,WMT,50.71666717529297,50.90666580200195,50.366668701171875,50.53333282470703,46.94519805908203,10999500
2020-11-30,WMT,50.53333282470703,50.983333587646484,50.03333282470703,50.93000030517578,47.31370544433594,32695500
2020-12-01,WMT,51.20000076293945,51.220001220703125,50.5533332824707,50.880001068115234,47.26724624633789,22935300
2020-12-02,WMT,50.66666793823242,50.87333297729492,49.84333419799805,50.17333221435547,46.61075973510742,23547000
2020-12-03,WMT,50.09333419799805,50.09333419799805,49.46333312988281,49.766666412353516,46.23296356201172,25725900
2020-12-04,WMT,49.836666107177734,49.836666107177734,49.19333267211914,49.63666534423828,46.11219787597656,20889300
2020-12-07,WMT,49.48666763305664,49.663333892822266,49.0533332824707,49.369998931884766,45.86445617675781,18479100
2020-12-08,WMT,49.119998931884766,49.95000076293945,49.060001373291016,49.81666564941406,46.2794189453125,20716500
2020-12-09,WMT,50.0,50.0,49.29666519165039,49.42333221435547,45.91401290893555,20139600
2020-12-10,WMT,49.25,49.383331298828125,48.856666564941406,49.01333236694336,45.699562072753906,20652300
2020-12-11,WMT,48.973331451416016,49.16999816894531,48.64666748046875,49.0,45.68711853027344,16860900
2020-12-14,WMT,49.233333587646484,49.2400016784668,48.46666717529297,48.54999923706055,45.26754379272461,25088100
2020-12-15,WMT,48.50666809082031,48.78666687011719,48.28666687011719,48.526668548583984,45.24580001831055,31871400
2020-12-16,WMT,48.746665954589844,48.96333312988281,48.36000061035156,48.47666549682617,45.19917678833008,25650900
2020-12-17,WMT,48.686668395996094,48.813331604003906,48.383331298828125,48.70000076293945,45.40740966796875,30679500
2020-12-18,WMT,48.87333297729492,49.060001373291016,48.38666534423828,48.650001525878906,45.36079406738281,41384100
2020-12-21,WMT,48.5,48.88999938964844,48.35333251953125,48.65666580200195,45.36701202392578,25553100
2020-12-22,WMT,48.383331298828125,48.74333190917969,47.71333312988281,48.06666564941406,44.816898345947266,37599000
2020-12-23,WMT,47.8466682434082,48.073333740234375,47.43333435058594,47.7400016784668,44.5123176574707,20430600
2020-12-24,WMT,47.8466682434082,48.130001068115234,47.72666549682617,47.83333206176758,44.599334716796875,9054600
2020-12-28,WMT,48.01333236694336,48.43333435058594,47.776668548583984,48.40666580200195,45.133907318115234,19344900
2020-12-29,WMT,48.54666519165039,48.616668701171875,47.86333465576172,48.099998474121094,44.84797668457031,17938200
2020-12-30,WMT,48.293331146240234,48.383331298828125,47.97999954223633,48.060001373291016,44.8106803894043,18751200
2020-12-31,WMT,48.06666564941406,48.09000015258789,47.616668701171875,48.04999923706055,44.801361083984375,17814000
2021-01-04,WMT,48.099998474121094,48.96333312988281,48.09333419799805,48.84333419799805,45.54104995727539,32182200
2021-01-05,WMT,48.866668701171875,49.02333450317383,48.163333892822266,48.58333206176758,45.298622131347656,26498100
2021-01-06,WMT,48.36333465576172,49.366668701171875,48.336666107177734,48.88666534423828,45.581451416015625,21918900
2021-01-07,WMT,49.206668853759766,49.253334045410156,48.68000030517578,48.883331298828125,45.578338623046875,20538000
2021-01-08,WMT,48.959999084472656,49.0,48.60333251953125,48.87666702270508,45.57213592529297,24478200
2021-01-11,WMT,48.66666793823242,49.33000183105469,48.66666793823242,49.0966682434082,45.77726364135742,26264400
2021-01-12,WMT,49.66666793823242,49.97666549682617,49.439998626708984,49.65666580200195,46.299400329589844,23373300
2021-01-13,WMT,49.58333206176758,49.689998626708984,49.143333435058594,49.150001525878906,45.82699203491211,16069500
2021-01-14,WMT,49.27333450317383,49.33333206176758,48.68000030517578,48.9900016784668,45.67780685424805,23017200
2021-01-15,WMT,48.380001068115234,48.633331298828125,47.88999938964844,48.21333312988281,44.95364761352539,35920500
2021-01-19,WMT,48.21333312988281,48.356666564941406,47.55666732788086,47.79666519165039,44.56515121459961,24123600
2021-01-20,WMT,47.86333465576172,48.5533332824707,47.630001068115234,48.503334045410156,45.22404479980469,23775600
2021-01-21,WMT,48.45333480834961,48.57666778564453,48.06999969482422,48.28333282470703,45.0189208984375,14325900
2021-01-22,WMT,48.53333282470703,49.11333465576172,48.37333297729492,48.776668548583984,45.478885650634766,19219500
2021-01-25,WMT,48.45333480834961,48.75,48.09000015258789,48.733333587646484,45.43849563598633,19031100
2021-01-26,WMT,48.543331146240234,49.27000045776367,48.4900016784668,49.16999816894531,45.845638275146484,15031500
2021-01-27,WMT,48.98666763305664,49.28666687011719,47.849998474121094,47.9466667175293,44.70500946044922,29910300
2021-01-28,WMT,48.1533317565918,48.753334045410156,47.87666702270508,47.91666793823242,44.677040100097656,22301700
2021-01-29,WMT,47.72666549682617,47.91666793823242,46.78333282470703,46.83000183105469,43.66383743286133,32509200
2021-02-01,WMT,46.970001220703125,47.163333892822266,46.39666748046875,46.42333221435547,43.28466796875,25945200
2021-02-02,WMT,46.586666107177734,47.383331298828125,46.47999954223633,46.92333221435547,43.7508659362793,27002400
2021-02-03,WMT,46.88666534423828,47.349998474121094,46.87666702270508,47.06666564941406,43.8845100402832,14966700
2021-02-04,WMT,47.26333236694336,47.72666549682617,47.086666107177734,47.5099983215332,44.29785919189453,17346300
2021-02-05,WMT,47.81999969482422,48.28333282470703,47.5099983215332,48.119998931884766,44.86662292480469,20451600
2021-02-08,WMT,48.27000045776367,48.526668548583984,48.1533317565918,48.34333419799805,45.074859619140625,15825300
2021-02-09,WMT,48.19333267211914,48.77333450317383,48.19333267211914,48.61000061035156,45.32350158691406,15906900
2021-02-10,WMT,48.61000061035156,48.633331298828125,47.8466682434082,48.043331146240234,44.795143127441406,18576900
2021-02-11,WMT,48.04666519165039,48.31666564941406,47.9033317565918,48.00666809082031,44.760955810546875,12791400
2021-02-12,WMT,48.0533332824707,48.20333480834961,47.88999938964844,48.15666580200195,44.900821685791016,13423500
2021-02-16,WMT,48.64666748046875,48.79666519165039,48.310001373291016,48.5533332824707,45.270652770996094,27891000
2021-02-17,WMT,48.21666717529297,49.16666793823242,48.16666793823242,49.06666564941406,45.74928283691406,25571100
2021-02-18,WMT,46.33333206176758,46.900001525878906,45.83333206176758,45.88666534423828,42.7842903137207,96927300
2021-02-19,WMT,45.93333435058594,46.473331451416016,45.88999938964844,46.11333465576172,42.99562454223633,36606000
2022-12-19,XOM,105.26000213623047,106.19999694824219,104.37999725341797,105.16999816894531,94.2335433959961,13611100
2022-12-20,XOM,105.16999816894531,107.51000213623047,105.06999969482422,106.69000244140625,95.59549713134766,14680000
2022-12-21,XOM,108.29000091552734,108.58999633789062,107.16000366210938,108.05999755859375,96.8230209350586,13565400
2022-12-22,XOM,107.88999938964844,108.19000244140625,104.0999984741211,105.87999725341797,94.86972045898438,13213000
2022-12-23,XOM,106.94999694824219,108.73999786376953,106.9000015258789,108.68000030517578,97.37855529785156,11539400
2022-12-27,XOM,109.2699966430664,110.47000122070312,108.83000183105469,110.19000244140625,98.73153686523438,11962100
2022-12-28,XOM,109.91000366210938,110.0,107.9000015258789,108.37999725341797,97.10973358154297,10702100
2022-12-29,XOM,107.98999786376953,109.72000122070312,107.98999786376953,109.19999694824219,97.84447479248047,10534000
2022-12-30,XOM,108.61000061035156,110.5,108.61000061035156,110.30000305175781,98.83008575439453,11799600
2023-01-03,XOM,109.77999877929688,110.0199966430664,105.48999786376953,106.51000213623047,95.43421173095703,15146200
2023-01-04,XOM,104.80000305175781,107.16000366210938,104.76000213623047,106.81999969482422,95.71196746826172,18058400
2023-01-05,XOM,106.33999633789062,109.94999694824219,106.30999755859375,109.20999908447266,97.85344696044922,15946600
2023-01-06,XOM,110.08000183105469,111.98999786376953,109.66999816894531,110.52999877929688,99.03616333007812,16348100
2023-01-09,XOM,111.63999938964844,111.63999938964844,107.80999755859375,108.47000122070312,97.19038391113281,17964600
2023-01-10,XOM,109.79000091552734,110.33000183105469,108.01000213623047,110.08999633789062,98.64192199707031,15104600
2023-01-11,XOM,110.98999786376953,111.44999694824219,109.08999633789062,111.37000274658203,99.78881072998047,16710400
2023-01-12,XOM,111.81999969482422,113.73999786376953,111.73999786376953,113.22000122070312,101.44645690917969,15357300
2023-01-13,XOM,113.11000061035156,113.48999786376953,112.16000366210938,113.1500015258789,101.38372802734375,12011400
2023-01-17,XOM,113.41000366210938,114.08000183105469,112.66999816894531,112.93000030517578,101.18660736083984,16542200
2023-01-18,XOM,113.26000213623047,114.12000274658203,110.4000015258789,110.61000061035156,99.10784912109375,16399700
2023-01-19,XOM,110.06999969482422,112.12999725341797,109.58000183105469,111.31999969482422,99.74400329589844,12928000
2023-01-20,XOM,111.36000061035156,113.44000244140625,110.61000061035156,113.3499984741211,101.56291198730469,16515600
2023-01-23,XOM,113.63999938964844,114.58999633789062,112.63999938964844,112.76000213623047,101.0343017578125,16584400
2023-01-24,XOM,109.16000366210938,114.0199966430664,104.87000274658203,113.80999755859375,101.97508239746094,13583000
2023-01-25,XOM,113.2300033569336,113.6500015258789,111.38999938964844,113.20999908447266,101.43748474121094,11914700
2023-01-26,XOM,114.72000122070312,117.77999877929688,114.33999633789062,117.76000213623047,105.51434326171875,21019700
2023-01-27,XOM,116.94999694824219,117.66999816894531,115.38999938964844,115.61000061035156,103.58790588378906,15179200
2023-01-30,XOM,115.08999633789062,115.48999786376953,113.1500015258789,113.55999755859375,101.75108337402344,18672100
2023-01-31,XOM,112.0999984741211,116.4000015258789,110.43000030517578,116.01000213623047,103.94630432128906,27861800
2023-02-01,XOM,115.83000183105469,117.37999725341797,113.33999633789062,114.73999786376953,102.80836486816406,19464900
2023-02-02,XOM,114.8499984741211,115.06999969482422,109.83000183105469,111.1500015258789,99.5916976928711,24562100
2023-02-03,XOM,111.9000015258789,114.11000061035156,111.55999755859375,111.91999816894531,100.28162384033203,20226600
2023-02-06,XOM,112.36000061035156,113.08999633789062,110.31999969482422,111.7300033569336,100.11138916015625,13855200
2023-02-07,XOM,112.38999938964844,115.30999755859375,112.0199966430664,114.91999816894531,102.96967315673828,16013300
2023-02-08,XOM,115.05000305175781,115.83000183105469,113.8499984741211,113.91999816894531,102.07363891601562,18459700
2023-02-09,XOM,114.62000274658203,116.23999786376953,114.18000030517578,114.3499984741211,102.45893859863281,17439300
2023-02-10,XOM,116.51000213623047,119.62999725341797,116.16000366210938,119.16999816894531,106.77771759033203,24918600
2023-02-13,XOM,117.72000122070312,118.18000030517578,115.9000015258789,117.80000305175781,106.36236572265625,14536200
2023-02-14,XOM,117.01000213623047,117.80999755859375,116.0199966430664,116.41999816894531,105.11634826660156,12079000
2023-02-15,XOM,115.72000122070312,116.08999633789062,114.13999938964844,116.06999969482422,104.80033874511719,13663400
2023-02-16,XOM,115.30999755859375,116.77999877929688,114.80000305175781,115.7300033569336,104.49335479736328,11360600
2023-02-17,XOM,114.19000244140625,114.19000244140625,110.9800033569336,111.27999877929688,100.47541809082031,20758300
2023-02-21,XOM,110.80999755859375,112.37999725341797,110.80999755859375,111.16999816894531,100.37611389160156,14469400
2023-02-22,XOM,110.4800033569336,110.97000122070312,108.63999938964844,109.7300033569336,99.07592010498047,13973800
2023-02-23,XOM,110.7300033569336,111.83000183105469,109.9000015258789,110.73999786376953,99.98784637451172,11289400
2023-02-24,XOM,109.33000183105469,110.95999908447266,109.0199966430664,110.75,99.99687194824219,14351000
2023-02-27,XOM,110.80000305175781,111.26000213623047,109.95999908447266,110.55000305175781,99.81629180908203,11710500
2023-02-28,XOM,111.23999786376953,111.36000061035156,109.22000122070312,109.91000366210938,99.23844909667969,18107000
2023-03-01,XOM,109.30999755859375,111.86000061035156,109.23999786376953,110.88999938964844,100.12328338623047,13200000
2023-03-02,XOM,110.62000274658203,111.69999694824219,110.16999816894531,111.4000015258789,100.58377075195312,10339900
2023-03-03,XOM,110.05000305175781,113.37000274658203,109.94999694824219,112.80999755859375,101.85687255859375,13006700
2023-03-06,XOM,111.98999786376953,113.83999633789062,111.87000274658203,113.80999755859375,102.759765625,14347400
2023-03-07,XOM,112.80999755859375,113.16999816894531,111.16999816894531,111.61000061035156,100.77337646484375,11525300
2023-03-08,XOM,111.2300033569336,112.41999816894531,109.06999969482422,109.9800033569336,99.30165100097656,13509800
2023-03-09,XOM,110.87000274658203,112.2300033569336,109.02999877929688,109.12999725341797,98.53416442871094,12961200
2023-03-10,XOM,109.55999755859375,111.04000091552734,107.1500015258789,107.77999877929688,97.31524658203125,15795700
2023-03-13,XOM,105.33999633789062,107.86000061035156,103.72000122070312,106.54000091552734,96.19564819335938,20745600
2023-03-14,XOM,106.3499984741211,109.01000213623047,104.95999908447266,106.94000244140625,96.55682373046875,18263500
2023-03-15,XOM,102.81999969482422,104.19999694824219,100.22000122070312,101.62000274658203,91.75335693359375,25733800
2023-03-16,XOM,99.11000061035156,101.68000030517578,98.0199966430664,101.02999877929688,91.22062683105469,27465200
2023-03-17,XOM,100.5999984741211,101.61000061035156,99.13999938964844,99.83999633789062,90.14616394042969,43199500
2023-03-20,XOM,99.62999725341797,102.4800033569336,99.5,102.44999694824219,92.50275421142578,32042100
2023-03-21,XOM,104.16999816894531,107.27999877929688,104.12999725341797,107.04000091552734,96.64710235595703,31592300
2023-03-22,XOM,106.80000305175781,107.18000030517578,104.55999755859375,104.58999633789062,94.43496704101562,14952700
2023-03-23,XOM,105.36000061035156,106.33999633789062,102.44000244140625,103.41000366210938,93.36954498291016,14385900
2023-03-24,XOM,101.47000122070312,103.8499984741211,100.91000366210938,103.52999877929688,93.47789001464844,13401600
2023-03-27,XOM,104.73999786376953,106.4800033569336,103.91000366210938,105.80000305175781,95.52749633789062,14805900
2023-03-28,XOM,105.44000244140625,107.6500015258789,105.19000244140625,107.12000274658203,96.71932220458984,11047600
2023-03-29,XOM,108.05999755859375,109.16000366210938,107.48999786376953,108.95999908447266,98.38067626953125,14219100
2023-03-30,XOM,109.55000305175781,109.56999969482422,108.5199966430664,109.48999786376953,98.85920715332031,11578200
2023-03-31,XOM,109.68000030517578,110.16999816894531,109.05000305175781,109.66000366210938,99.01271057128906,14418000
2023-04-03,XOM,113.38999938964844,116.8499984741211,113.12000274658203,116.12999725341797,104.85452270507812,28087700
2023-04-04,XOM,116.26000213623047,116.69999694824219,114.16999816894531,115.0199966430664,103.852294921875,16365500
2023-04-05,XOM,115.3499984741211,117.0,114.30999755859375,116.98999786376953,105.63102722167969,16479500
2023-04-06,XOM,116.86000061035156,117.18000030517578,114.7699966430664,115.05000305175781,103.87939453125,15778000
2023-04-10,XOM,114.77999877929688,116.18000030517578,114.16999816894531,114.54000091552734,103.41889953613281,13006600
2023-04-11,XOM,114.95999908447266,116.19999694824219,114.37999725341797,115.3499984741211,104.1502456665039,11758500
2023-04-12,XOM,116.16000366210938,116.58999633789062,114.93000030517578,115.2300033569336,104.04190063476562,10919000
2023-04-13,XOM,114.5999984741211,115.88999938964844,114.12999725341797,115.7699966430664,104.52946472167969,12399700
2023-04-14,XOM,115.9000015258789,116.66000366210938,115.12000274658203,116.05000305175781,104.78229522705078,11530800
2023-04-17,XOM,115.48999786376953,116.51000213623047,114.41999816894531,114.69999694824219,103.5633544921875,13260400
2023-04-18,XOM,114.38999938964844,117.20999908447266,114.30000305175781,116.94000244140625,105.58587646484375,17436100
2023-04-19,XOM,116.08000183105469,116.9000015258789,115.7699966430664,116.56999969482422,105.25179290771484,10682600
2023-04-20,XOM,115.12999725341797,115.68000030517578,113.2300033569336,115.63999938964844,104.41209411621094,17038700
2023-04-21,XOM,116.48999786376953,116.87999725341797,115.26000213623047,116.01000213623047,104.74616241455078,14315300
2023-04-24,XOM,115.91999816894531,118.88999938964844,115.87999725341797,118.19999694824219,106.72352600097656,15831300
2023-04-25,XOM,117.55000305175781,117.73999786376953,115.62999725341797,116.5199966430664,105.2066421508789,12179800
2023-04-26,XOM,116.02999877929688,117.08999633789062,114.68000030517578,115.44999694824219,104.24053955078125,15566100
2023-04-27,XOM,115.62000274658203,117.01000213623047,114.87999725341797,116.83000183105469,105.48654174804688,16279200
2023-04-28,XOM,117.25,119.91999816894531,116.83000183105469,118.33999633789062,106.84993743896484,24381900
2023-05-01,XOM,115.98999786376953,117.30000305175781,114.44999694824219,114.66999816894531,103.5362777709961,17355000
2023-05-02,XOM,113.94000244140625,113.94000244140625,109.29000091552734,110.0999984741211,99.40998077392578,24324100
2023-05-03,XOM,109.08000183105469,109.80999755859375,107.76000213623047,107.93000030517578,97.45069885253906,16212300
2023-05-04,XOM,107.9000015258789,108.75,105.91000366210938,106.04000091552734,95.74418640136719,17177200
2023-05-05,XOM,108.55000305175781,109.43000030517578,107.52999877929688,108.68000030517578,98.12787628173828,14968200
2023-05-08,XOM,110.5,110.97000122070312,109.04000091552734,109.11000061035156,98.51612091064453,11187800
2023-05-09,XOM,108.33999633789062,110.2300033569336,108.20999908447266,109.13999938964844,98.54319763183594,11370800
2023-05-10,XOM,109.73999786376953,110.01000213623047,106.70999908447266,107.73999786376953,97.27912139892578,14884800
2023-05-11,XOM,106.48999786376953,106.81999969482422,104.93000030517578,105.79000091552734,95.51846313476562,17165900
2023-05-12,XOM,106.30999755859375,107.01000213623047,104.77999877929688,105.77999877929688,95.50944519042969,12613300
2023-05-15,XOM,105.51000213623047,105.93000030517578,104.58000183105469,105.06999969482422,95.69158172607422,13715600
2023-05-16,XOM,104.62999725341797,104.80999755859375,102.0199966430664,102.5199966430664,93.36917877197266,14795200
2023-05-17,XOM,103.38999938964844,105.2300033569336,102.8499984741211,104.81999969482422,95.46389770507812,14064700
2023-05-18,XOM,104.55000305175781,105.91000366210938,104.12999725341797,105.7699966430664,96.32910919189453,12005600
2023-05-19,XOM,106.56999969482422,107.05000305175781,105.81999969482422,106.26000213623047,96.77536010742188,13359600
2023-05-22,XOM,105.83999633789062,107.04000091552734,104.87999725341797,104.97000122070312,95.60052490234375,12882000
2023-05-23,XOM,105.98999786376953,108.22000122070312,105.75,106.4000015258789,96.90288543701172,14394400
2023-05-24,XOM,107.37999725341797,108.51000213623047,106.7300033569336,107.58999633789062,97.98665618896484,16340300
2023-05-25,XOM,105.94000244140625,106.43000030517578,104.70999908447266,105.66000366210938,96.22891235351562,14316500
2023-05-26,XOM,106.47000122070312,106.94999694824219,104.83000183105469,104.97000122070312,95.60052490234375,12370300
2023-05-30,XOM,103.29000091552734,104.12000274658203,102.61000061035156,104.04000091552734,94.7535171508789,11938000
2023-05-31,XOM,102.29000091552734,103.04000091552734,101.73999786376953,102.18000030517578,93.05953979492188,24926100
2023-06-01,XOM,101.75,105.58000183105469,101.26000213623047,103.36000061035156,94.13421630859375,13551900
2023-06-02,XOM,105.16000366210938,106.12999725341797,104.52999877929688,105.76000213623047,96.31999206542969,14112000
2023-06-05,XOM,107.19000244140625,107.19000244140625,105.08999633789062,105.29000091552734,95.89193725585938,10628000
2023-06-06,XOM,104.1500015258789,106.2699966430664,103.9800033569336,106.1500015258789,96.6751937866211,12209800
2023-06-07,XOM,106.79000091552734,108.88999938964844,106.7300033569336,108.52999877929688,98.8427505493164,16027100
2023-06-08,XOM,108.7699966430664,109.13999938964844,105.9000015258789,108.19000244140625,98.5331039428711,13517100
2023-06-09,XOM,108.45999908447266,108.61000061035156,107.16000366210938,107.38999938964844,97.80450439453125,12251600
2023-06-12,XOM,105.80999755859375,107.05999755859375,105.55999755859375,106.41999816894531,96.92108154296875,14112000
2023-06-13,XOM,107.37999725341797,108.33999633789062,106.27999877929688,106.44000244140625,96.93929290771484,13533800
2023-06-14,XOM,107.44999694824219,108.11000061035156,104.38999938964844,105.16000366210938,95.77355194091797,16627700
2023-06-15,XOM,105.5,107.02999877929688,105.44000244140625,105.88999938964844,96.43838500976562,16224100
2023-06-16,XOM,106.36000061035156,106.7699966430664,104.95999908447266,105.12999725341797,95.74623107910156,43128900
2023-06-20,XOM,104.68000030517578,104.7699966430664,102.12000274658203,102.72000122070312,93.55132293701172,17514100
2023-06-21,XOM,102.5,104.62999725341797,102.33000183105469,103.87000274658203,94.59869384765625,13285700
2023-06-22,XOM,102.83999633789062,103.88999938964844,102.6500015258789,103.30000305175781,94.07957458496094,12455300
2023-06-23,XOM,102.58999633789062,102.81999969482422,101.62000274658203,102.4000015258789,93.25990295410156,17933600
2023-06-26,XOM,102.19999694824219,104.91000366210938,102.19999694824219,104.29000091552734,94.981201171875,14283400
2023-06-27,XOM,104.05000305175781,104.61000061035156,103.2699966430664,104.55000305175781,95.21798706054688,13227500
2023-06-28,XOM,104.30999755859375,105.81999969482422,103.19999694824219,105.4000015258789,95.99213409423828,13084100
2023-06-29,XOM,105.66000366210938,106.7300033569336,105.12999725341797,106.69999694824219,97.17609405517578,11364400
2023-06-30,XOM,107.31999969482422,107.87999725341797,106.80999755859375,107.25,97.677001953125,13544700
2023-07-03,XOM,107.48999786376953,108.45999908447266,107.06999969482422,107.45999908447266,97.86825561523438,7397000
2023-07-05,XOM,107.62999725341797,107.91999816894531,106.0999984741211,106.91000366210938,97.36734771728516,12491200
2023-07-06,XOM,105.08999633789062,105.72000122070312,102.43000030517578,102.91999816894531,93.73348236083984,17961400
2023-07-07,XOM,101.91999816894531,104.0,101.55999755859375,103.16000366210938,93.95207214355469,21929200
2023-07-10,XOM,102.97000122070312,104.75,102.75,104.69000244140625,95.34550476074219,14877600
2023-07-11,XOM,105.26000213623047,106.16000366210938,104.80999755859375,105.97000122070312,96.51126098632812,12576500
2023-07-12,XOM,107.0,107.6500015258789,106.12999725341797,106.48999786376953,96.98482513427734,13238200
2023-07-13,XOM,105.97000122070312,106.2300033569336,103.31999969482422,104.54000091552734,95.20889282226562,26826800
2023-07-14,XOM,104.05000305175781,104.05000305175781,100.52999877929688,100.94000244140625,91.93022918701172,28181900
2023-07-17,XOM,100.72000122070312,101.66999816894531,100.22000122070312,101.37999725341797,92.33094024658203,18051300
2023-07-18,XOM,100.91999816894531,102.19999694824219,100.33999633789062,100.91999816894531,91.91201782226562,24617800
2023-07-19,XOM,101.05000305175781,102.4000015258789,100.80000305175781,101.62000274658203,92.5495376586914,15556500
2023-07-20,XOM,102.54000091552734,103.66000366210938,102.36000061035156,103.41000366210938,94.17975616455078,15740200
2023-07-21,XOM,104.16000366210938,104.37999725341797,103.26000213623047,103.88999938964844,94.61689758300781,17121500
2023-07-24,XOM,104.36000061035156,106.16000366210938,103.95999908447266,105.5199966430664,96.10140991210938,15090900
2023-07-25,XOM,105.05999755859375,106.08999633789062,104.54000091552734,105.68000030517578,96.24713897705078,14116100
2023-07-26,XOM,105.11000061035156,105.72000122070312,104.63999938964844,105.08999633789062,95.70980072021484,15159600
2023-07-27,XOM,106.0,106.98999786376953,104.73999786376953,105.41999816894531,96.01033782958984,17677900
2023-07-28,XOM,105.11000061035156,105.16000366210938,102.31999969482422,104.16000366210938,94.86283111572266,17566400
2023-07-31,XOM,105.19000244140625,107.86000061035156,105.19000244140625,107.23999786376953,97.66787719726562,24197000
2023-08-01,XOM,106.94999694824219,107.31999969482422,105.52999877929688,106.62000274658203,97.10323333740234,14177400
2023-08-02,XOM,106.26000213623047,106.37999725341797,104.56999969482422,105.29000091552734,95.89193725585938,13484100
2023-08-03,XOM,105.88999938964844,107.87999725341797,105.30000305175781,107.12000274658203,97.55859375,16280400
2023-08-04,XOM,107.95999908447266,109.23999786376953,107.33000183105469,107.41999816894531,97.83182525634766,14279600
2023-08-07,XOM,107.9000015258789,108.41999816894531,106.51000213623047,107.19999694824219,97.63146209716797,12410800
2023-08-08,XOM,106.04000091552734,107.75,104.83999633789062,107.7300033569336,98.1141586303711,14065600
2023-08-09,XOM,108.70999908447266,110.41999816894531,108.30999755859375,109.55999755859375,99.78080749511719,19919600
2023-08-10,XOM,110.19000244140625,111.62999725341797,109.44000244140625,110.12000274658203,100.29081726074219,15837200
2023-08-11,XOM,110.37000274658203,112.06999969482422,110.05000305175781,111.83000183105469,101.84818267822266,14047000
2023-08-14,XOM,111.68000030517578,111.9800033569336,110.77999877929688,111.91999816894531,101.93016052246094,12973400
2023-08-15,XOM,110.75,110.86000061035156,107.97000122070312,108.16000366210938,99.31326293945312,14909600
2023-08-16,XOM,108.27999877929688,109.33000183105469,106.27999877929688,106.33999633789062,97.64212036132812,13695100
2023-08-17,XOM,107.41999816894531,110.1500015258789,107.41999816894531,108.4000015258789,99.53365325927734,16709500
2023-08-18,XOM,107.63999938964844,110.19999694824219,107.62000274658203,110.04000091552734,101.03948974609375,16224000
2023-08-21,XOM,110.36000061035156,110.9800033569336,108.13999938964844,108.70999908447266,99.81828308105469,11092400
2023-08-22,XOM,109.16999816894531,109.72000122070312,107.94999694824219,108.0999984741211,99.2581787109375,10518800
2023-08-23,XOM,107.04000091552734,107.30000305175781,105.72000122070312,107.1500015258789,98.38587951660156,11435600
2023-08-24,XOM,106.41999816894531,107.7699966430664,106.06999969482422,106.3499984741211,97.65130615234375,10818500
2023-08-25,XOM,107.43000030517578,108.93000030517578,106.62000274658203,108.25,99.39590454101562,13579300
2023-08-28,XOM,108.44999694824219,110.04000091552734,108.44000244140625,109.16000366210938,100.2314682006836,10382100
2023-08-29,XOM,109.66000366210938,110.0199966430664,108.41999816894531,109.80999755859375,100.82830047607422,9665000
2023-08-30,XOM,110.44000244140625,111.13999938964844,109.9800033569336,110.87999725341797,101.810791015625,11922100
2023-08-31,XOM,111.12000274658203,111.41999816894531,110.62000274658203,111.19000244140625,102.09542846679688,17479800
2023-09-01,XOM,112.19999694824219,113.81999969482422,112.19999694824219,113.5199966430664,104.23485565185547,14843500
2023-09-05,XOM,114.0999984741211,115.83000183105469,113.5,113.52999877929688,104.24403381347656,18304000
2023-09-06,XOM,113.4800033569336,114.58999633789062,113.2300033569336,114.51000213623047,105.14386749267578,13325500
2023-09-07,XOM,114.6500015258789,115.8499984741211,113.69999694824219,113.94999694824219,104.62967681884766,13248500
2023-09-08,XOM,114.52999877929688,116.05000305175781,114.31999969482422,115.61000061035156,106.1539077758789,14283200
2023-09-11,XOM,116.18000030517578,116.68000030517578,113.56999969482422,114.16000366210938,104.822509765625,14383600
2023-09-12,XOM,115.33999633789062,117.66999816894531,115.2699966430664,117.48999786376953,107.88013458251953,20145800
2023-09-13,XOM,117.41000366210938,117.95999908447266,115.9000015258789,116.44000244140625,106.916015625,13472800
2023-09-14,XOM,117.55000305175781,118.66000366210938,117.33000183105469,118.5199966430664,108.82588195800781,15210700
2023-09-15,XOM,117.9000015258789,118.51000213623047,116.5,116.69999694824219,107.1547622680664,34568400
2023-09-18,XOM,117.52999877929688,118.23999786376953,116.69999694824219,117.63999938964844,108.01787567138672,14045300
2023-09-19,XOM,118.62000274658203,118.83999633789062,116.61000061035156,117.33000183105469,107.73322296142578,12562900
2023-09-20,XOM,116.54000091552734,118.0199966430664,116.31999969482422,116.4000015258789,106.87930297851562,11879900
2023-09-21,XOM,116.9800033569336,117.37000274658203,114.5999984741211,114.76000213623047,105.3734359741211,14400600
2023-09-22,XOM,115.70999908447266,116.68000030517578,114.80999755859375,114.94000244140625,105.53870391845703,13197300
2023-09-25,XOM,115.08999633789062,116.6500015258789,114.83000183105469,116.2300033569336,106.72321319580078,11316000
2023-09-26,XOM,115.5,116.7300033569336,115.37000274658203,116.41000366210938,106.88847351074219,11805400
2023-09-27,XOM,117.88999938964844,120.5,117.4000015258789,120.19999694824219,110.36847686767578,23976200
2023-09-28,XOM,119.9800033569336,120.69999694824219,118.19000244140625,119.47000122070312,109.69818878173828,16808100
2023-09-29,XOM,119.0999984741211,119.18000030517578,116.7300033569336,117.58000183105469,107.96277618408203,18813600
2023-10-02,XOM,117.52999877929688,117.79000091552734,114.55000305175781,115.62999725341797,106.17227172851562,14395000
2023-10-03,XOM,115.44000244140625,116.44000244140625,115.02999877929688,115.83000183105469,106.35592651367188,13297100
2023-10-04,XOM,114.05000305175781,114.08999633789062,110.5,111.5,102.38008880615234,19622200
2023-10-05,XOM,109.80000305175781,110.9000015258789,108.69999694824219,108.98999786376953,100.07537841796875,20128800
2023-10-06,XOM,105.7300033569336,108.2699966430664,105.11000061035156,107.16999816894531,98.40424346923828,25367500
2023-10-09,XOM,110.44000244140625,112.06999969482422,109.5199966430664,110.91999816894531,101.84751892089844,22369900
2023-10-10,XOM,111.0199966430664,111.44999694824219,110.12000274658203,110.44999694824219,101.41596984863281,13892000
2023-10-11,XOM,106.95999908447266,107.16999816894531,104.83000183105469,106.48999786376953,97.77986907958984,57939000
2023-10-12,XOM,107.58999633789062,107.83999633789062,106.08999633789062,106.47000122070312,97.76150512695312,31183000
2023-10-13,XOM,108.02999877929688,110.19999694824219,107.83999633789062,109.87000274658203,100.88340759277344,30276500
2023-10-16,XOM,110.5,110.68000030517578,109.12999725341797,109.94999694824219,100.95685577392578,18452000
2023-10-17,XOM,109.7300033569336,111.80000305175781,109.68000030517578,111.38999938964844,102.2790756225586,19775400
2023-10-18,XOM,111.81999969482422,113.38999938964844,111.69999694824219,112.94999694824219,103.71147155761719,23380300
2023-10-19,XOM,112.72000122070312,113.97000122070312,111.33000183105469,113.0199966430664,103.7757568359375,20972500
2023-10-20,XOM,112.91999816894531,113.31999969482422,110.79000091552734,111.08000183105469,101.99443054199219,22445300
2023-10-23,XOM,110.62999725341797,110.95999908447266,108.68000030517578,109.44999694824219,100.49775695800781,18185000
2023-10-24,XOM,109.69999694824219,109.81999969482422,108.12000274658203,108.38999938964844,99.52444458007812,16786100
2023-10-25,XOM,108.5199966430664,109.5,108.12999725341797,108.58999633789062,99.70809173583984,22047300
2023-10-26,XOM,107.44999694824219,108.33999633789062,106.5,107.5999984741211,98.79905700683594,18768300
2023-10-27,XOM,108.88999938964844,109.86000061035156,104.95999908447266,105.55000305175781,96.91675567626953,23092000
2023-10-30,XOM,105.73999786376953,106.41999816894531,105.20999908447266,105.87999725341797,97.2197494506836,19379900
2023-10-31,XOM,105.58000183105469,106.16000366210938,104.54000091552734,105.8499984741211,97.19219970703125,22185200
2023-11-01,XOM,106.52999877929688,107.16999816894531,105.45999908447266,105.63999938964844,96.99938201904297,28984900
2023-11-02,XOM,105.87999725341797,109.19000244140625,105.5,109.11000061035156,100.18556213378906,25212700
2023-11-03,XOM,108.4000015258789,108.77999877929688,106.54000091552734,107.77999877929688,98.96434020996094,30555600
2023-11-06,XOM,108.16999816894531,108.2699966430664,105.7699966430664,105.87000274658203,97.2105712890625,19097300
2023-11-07,XOM,104.47000122070312,104.86000061035156,103.29000091552734,104.20999908447266,95.68634033203125,20272500
2023-11-08,XOM,103.7300033569336,104.9000015258789,102.88999938964844,102.93000030517578,94.51103973388672,19184100
2023-11-09,XOM,103.66999816894531,103.97000122070312,102.86000061035156,102.95999908447266,94.5385971069336,18380500
2023-11-10,XOM,103.93000030517578,104.41000366210938,102.91000366210938,103.75,95.26397705078125,17825500
2023-11-13,XOM,104.05000305175781,105.13999938964844,103.80999755859375,104.83999633789062,96.26482391357422,15308400
2023-11-14,XOM,104.30000305175781,104.81999969482422,103.87000274658203,104.29000091552734,96.63546752929688,18260500
2023-11-15,XOM,103.95999908447266,105.1500015258789,103.5,103.66000366210938,96.05171203613281,20137600
2023-11-16,XOM,102.9000015258789,103.2699966430664,101.1500015258789,102.45999908447266,94.93978118896484,22469100
2023-11-17,XOM,103.05999755859375,105.43000030517578,102.75,104.95999908447266,97.25628662109375,22984900
2023-11-20,XOM,105.37999725341797,105.87999725341797,104.43000030517578,104.5,96.83003997802734,17458800
2023-11-21,XOM,104.20999908447266,104.69999694824219,103.22000122070312,104.45999908447266,96.79298400878906,14989000
2023-11-22,XOM,102.58000183105469,104.12000274658203,101.94000244140625,104.01000213623047,96.37602996826172,18072000
2023-11-24,XOM,104.0199966430664,105.47000122070312,103.91000366210938,104.56999969482422,96.89491271972656,9480800
2023-11-27,XOM,104.0999984741211,104.4000015258789,103.18000030517578,103.95999908447266,96.3296890258789,18013500
2023-11-28,XOM,104.23999786376953,104.91000366210938,103.87999725341797,103.9000015258789,96.27408599853516,20629500
2023-11-29,XOM,104.2699966430664,104.58000183105469,101.63999938964844,102.33999633789062,94.82858276367188,26802100
2023-11-30,XOM,103.11000061035156,104.4800033569336,101.80999755859375,102.73999786376953,95.19923400878906,29254700
2023-12-01,XOM,102.5,104.22000122070312,102.22000122070312,102.98999786376953,95.4308853149414,17845300
2023-12-04,XOM,102.12999725341797,103.36000061035156,101.58999633789062,102.43000030517578,94.91199493408203,21523900
2023-12-05,XOM,102.2699966430664,102.33999633789062,100.29000091552734,100.44000244140625,93.06805419921875,22250300
2023-12-06,XOM,100.0,100.72000122070312,98.33999633789062,99.11000061035156,91.83566284179688,31154800
2023-12-07,XOM,99.86000061035156,100.83999633789062,98.08999633789062,98.41999816894531,91.1962890625,29990700
2023-12-08,XOM,99.0199966430664,99.79000091552734,98.75,99.55000305175781,92.24337768554688,22074900
2023-12-11,XOM,99.80000305175781,99.86000061035156,98.58000183105469,99.62000274658203,92.3082275390625,22252300
2023-12-12,XOM,98.68000030517578,98.68000030517578,97.4800033569336,98.05000305175781,90.85346221923828,26084000
2023-12-13,XOM,98.04000091552734,99.02999877929688,97.66000366210938,98.91999816894531,91.65959930419922,19915400
2023-12-14,XOM,99.8499984741211,102.13999938964844,99.72000122070312,101.58000183105469,94.1243667602539,26165700
2023-12-15,XOM,100.58999633789062,101.0,100.30999755859375,100.9000015258789,93.49427795410156,55527000
