ticker,published_date,sent_pos,sent_neu,sent_neg,sentiment_strength,net_sentiment,news_count,has_news
AAPL,2022-12-19,0.009100156789581407,0.019212825325369325,0.9716869823440006,0.9625868255544192,-0.9625868255544192,5,1
AAPL,2022-12-20,0.011318386658145963,0.018124006800608827,0.9705575888122582,0.9592392021541122,-0.9592392021541122,5,1
AAPL,2022-12-21,0.37185252153129944,0.035316580099639276,0.5928308804805117,0.22097835894921225,-0.22097835894921225,5,1
AAPL,2022-12-22,0.0104903648104007,0.0444786421119858,0.9450310237873427,0.934540658976942,-0.934540658976942,5,1
AAPL,2022-12-23,0.18128315669507208,0.04383693267485588,0.774879902847184,0.5935967461521119,-0.5935967461521119,5,1
AAPL,2022-12-27,0.02023181797690038,0.03866590948933263,0.9411022584699067,0.9208704404930064,-0.9208704404930064,5,1
AAPL,2022-12-28,0.010120732748978074,0.017205145636229876,0.9726741365243886,0.9625534037754105,-0.9625534037754105,5,1
AAPL,2022-12-29,0.1960616719545435,0.017130953462693943,0.7868073518212987,0.5907456798667552,-0.5907456798667552,5,1
AAPL,2022-12-30,0.008574496016082426,0.01880116834208709,0.9726243501828268,0.9640498541667444,-0.9640498541667444,5,1
AAPL,2023-01-03,0.008354377180585862,0.01890425642550398,0.9727413458413362,0.9643869686607504,-0.9643869686607504,5,1
AAPL,2023-01-04,0.026663290982981307,0.034251309367790014,0.9390853912051285,0.9124221002221472,-0.9124221002221472,5,1
AAPL,2023-01-05,0.3118717590295933,0.062350745864152415,0.6257775316123169,0.31390577258272356,-0.31390577258272356,5,1
AAPL,2023-01-06,0.015437988495191858,0.02330162105489764,0.9612603805335027,0.9458223920383109,-0.9458223920383109,5,1
AAPL,2023-01-09,0.5694007288412344,0.03346491579363034,0.3971343298860457,0.1722663989551887,0.1722663989551887,5,1
AAPL,2023-01-10,0.33861377812644655,0.0585966236856948,0.6027895738694463,0.26417579574299976,-0.26417579574299976,5,1
AAPL,2023-01-11,0.5595066118609006,0.035924825099860336,0.40456857716318023,0.15493803469772033,0.15493803469772033,5,1
AAPL,2023-01-12,0.5688411398150275,0.026287630825956726,0.4048712528164082,0.1639698869986193,0.1639698869986193,5,1
AAPL,2023-01-13,0.3834147366889693,0.02514683328888418,0.591438429959191,0.20802369327022174,-0.20802369327022174,5,1
AAPL,2023-01-17,0.36725690896419744,0.03351773452361196,0.5992253414579386,0.23196843249374116,-0.23196843249374116,5,1
AAPL,2023-01-18,0.1948829185932978,0.02554281165729783,0.779574287366795,0.5846913687734973,-0.5846913687734973,5,1
AAPL,2023-01-19,0.009193402977658348,0.025754297317595074,0.9650522819763931,0.9558588789987348,-0.9558588789987348,5,1
AAPL,2023-01-20,0.19073954794031228,0.033751327856554984,0.7755091108252553,0.584769562884943,-0.584769562884943,5,1
AAPL,2023-01-23,0.7424500268766978,0.027495065317366174,0.23005491895089245,0.5123951079258053,0.5123951079258053,5,1
AAPL,2023-01-24,0.22245397098423586,0.07599570769781881,0.7015503244766189,0.47909635349238305,-0.47909635349238305,5,1
AAPL,2023-01-25,0.008999819649626714,0.018404334667855907,0.9725958657761432,0.9635960461265165,-0.9635960461265165,5,1
AAPL,2023-01-26,0.1953933052527029,0.028517906344078175,0.7760887780536118,0.5806954728009088,-0.5806954728009088,5,1
AAPL,2023-01-27,0.35710488656938905,0.06093552927282761,0.5819595800619591,0.2248546934925701,-0.2248546934925701,5,1
AAPL,2023-01-30,0.010048091783756489,0.018654550115891302,0.9712973261153544,0.9612492343315978,-0.9612492343315978,5,1
AAPL,2023-01-31,0.014273418261706593,0.018198754135009935,0.9675278299407636,0.953254411679057,-0.953254411679057,5,1
AAPL,2023-02-01,0.012302357753756373,0.015190461603010262,0.9725072001963642,0.9602048424426078,-0.9602048424426078,5,1
AAPL,2023-02-02,0.00778299026848751,0.023884631493365064,0.968332358597947,0.9605493683294595,-0.9605493683294595,5,1
AAPL,2023-02-03,0.00903491682191343,0.01717521864189874,0.9737898366037179,0.9647549197818044,-0.9647549197818044,5,1
AAPL,2023-02-06,0.5689125696157602,0.027471075036686596,0.40361635840863425,0.16529621120712595,0.16529621120712595,5,1
AAPL,2023-02-07,0.19690635493697697,0.024371128919265655,0.778722522214716,0.5818161672777391,-0.5818161672777391,5,1
AAPL,2023-02-08,0.36577626784015327,0.04014636429054756,0.5940773612382583,0.228301093398105,-0.228301093398105,5,1
AAPL,2023-02-09,0.1854092359370303,0.020644197552786556,0.7939465599946155,0.6085373240575852,-0.6085373240575852,5,1
AAPL,2023-02-10,0.009657679616806346,0.01845577763586876,0.9718865326514275,0.9622288530346212,-0.9622288530346212,5,1
AAPL,2023-02-13,0.5631675222219078,0.022849994188406796,0.4139824974558709,0.1491850247660369,0.1491850247660369,5,1
AAPL,2023-02-14,0.3831074957622888,0.0281667899894879,0.5887257051286212,0.2056182093663324,-0.2056182093663324,5,1
AAPL,2023-02-15,0.38715339298639617,0.03729998049651497,0.5755465887097476,0.18839319572335145,-0.18839319572335145,5,1
AAPL,2023-02-16,0.32531474732020127,0.05218312155922376,0.6225021475665982,0.2971874002463969,-0.2971874002463969,5,1
AAPL,2023-02-17,0.20410682282630332,0.029697223379781368,0.7661959322246142,0.5620891093983109,-0.5620891093983109,5,1
AAPL,2023-02-21,0.3720046738990909,0.02587067302131458,0.6021246556571546,0.23011998175806364,-0.23011998175806364,5,1
AAPL,2023-02-22,0.3584270114824266,0.0576003141205596,0.5839726744694698,0.22554566298704315,-0.22554566298704315,5,1
AAPL,2023-02-23,0.13853195022192716,0.07785365548427695,0.7836143962415331,0.6450824460196058,-0.6450824460196058,5,1
AAPL,2023-02-24,0.7456822224566737,0.04937820180347385,0.2049395687612908,0.5407426536953829,0.5407426536953829,5,1
AAPL,2023-02-27,0.39187212235102004,0.04086287478730822,0.5672650211165291,0.17539289876550906,-0.17539289876550906,5,1
AAPL,2023-02-28,0.19493576939598473,0.030857380138107193,0.7742068424599626,0.5792710730639778,-0.5792710730639778,5,1
AAPL,2023-03-01,0.3821452006438235,0.06758732313124295,0.5502674774912368,0.16812227684741332,-0.16812227684741332,5,1
AAPL,2023-03-02,0.3886021106588409,0.05022163473834851,0.5611762554203399,0.17257414476149896,-0.17257414476149896,5,1
AAPL,2023-03-03,0.38310262190333294,0.025866433749661372,0.5910309491195521,0.20792832721621918,-0.20792832721621918,5,1
AAPL,2023-03-06,0.1949500323034031,0.026396304648242705,0.7786536717688634,0.5837036394654602,-0.5837036394654602,5,1
AAPL,2023-03-07,0.37832325596000344,0.03221024192369044,0.589466506025582,0.2111432500655786,-0.2111432500655786,5,1
AAPL,2023-03-08,0.16867552660097687,0.27941694239905623,0.5519075504897977,0.3832320238888208,-0.3832320238888208,5,1
AAPL,2023-03-09,0.18884662543836822,0.03163516157336654,0.7795182093319294,0.5906715838935612,-0.5906715838935612,5,1
AAPL,2023-03-10,0.3669082505851111,0.07885540620295658,0.5542363593284948,0.18732810874338368,-0.18732810874338368,5,1
AAPL,2023-03-13,0.5504311451462754,0.10258032210603812,0.3469885181950273,0.20344262695124815,0.20344262695124815,5,1
AAPL,2023-03-14,0.7532830910068173,0.04413232631199518,0.2025845715756861,0.5506985194311312,0.5506985194311312,5,1
AAPL,2023-03-15,0.5602693758698807,0.035694597757595654,0.40403605599870496,0.15623331987117572,0.15623331987117572,5,1
AAPL,2023-03-16,0.5817344033429307,0.14994561017306463,0.26831998305662746,0.31341442028630323,0.31341442028630323,5,1
AAPL,2023-03-17,0.38007693035229884,0.028723557857877845,0.5911995306059581,0.21112260025365925,-0.21112260025365925,5,1
AAPL,2023-03-20,0.0658504427964001,0.17446680057065891,0.7596827585898662,0.6938323157934662,-0.6938323157934662,5,1
AAPL,2023-03-21,0.34281625793881154,0.22112174303903084,0.43606198455814804,0.0932457266193365,-0.0932457266193365,5,1
AAPL,2023-03-22,0.5596842062574349,0.08595319172385413,0.3543625853752145,0.2053216208822204,0.2053216208822204,5,1
AAPL,2023-03-23,0.37435819015663313,0.036340319761205615,0.5893014880002009,0.21494329784356775,-0.21494329784356775,5,1
AAPL,2023-03-24,0.7434148445723329,0.04467665422296355,0.2119084532949477,0.5315063912773852,0.5315063912773852,5,1
AAPL,2023-03-27,0.20877459579919233,0.03747880321460577,0.7537465692566996,0.5449719734575073,-0.5449719734575073,5,1
AAPL,2023-03-28,0.014434040748186458,0.01778101059832186,0.9677849593277672,0.9533509185795808,-0.9533509185795808,5,1
AAPL,2023-03-29,0.3927527380677708,0.05750458594803428,0.5497426469371738,0.156989908869403,-0.156989908869403,5,1
AAPL,2023-03-30,0.7477186928296183,0.03364161774481697,0.2186397274123736,0.5290789654172448,0.5290789654172448,5,1
AAPL,2023-03-31,0.1991929215842942,0.026533162366008032,0.7742738852312626,0.5750809636469685,-0.5750809636469685,5,1
AAPL,2023-04-03,0.36947655639499716,0.02644834499586892,0.6040750644416386,0.23459850804664145,-0.23459850804664145,5,1
AAPL,2023-04-04,0.5326040010998027,0.06588601624396875,0.40150998801452525,0.1310940130852774,0.1310940130852774,5,1
AAPL,2023-04-05,0.009938648597646293,0.0174120760406064,0.9726492684883786,0.9627106198907324,-0.9627106198907324,5,1
AAPL,2023-04-06,0.012295743028822225,0.01773475154310734,0.9699695038990519,0.9576737608702297,-0.9576737608702297,5,1
AAPL,2023-04-10,0.01119376715170848,0.01683449325201638,0.9719717611970705,0.960777994045362,-0.960777994045362,5,1
AAPL,2023-04-11,0.013183486571244683,0.02261556391054411,0.9642009342283079,0.9510174476570632,-0.9510174476570632,5,1
AAPL,2023-04-12,0.19170305127815465,0.027457456914230294,0.780839487525537,0.5891364362473823,-0.5891364362473823,5,1
AAPL,2023-04-13,0.19448321406544658,0.02799964472481975,0.7775171192197909,0.5830339051543444,-0.5830339051543444,5,1
AAPL,2023-04-14,0.552955501963038,0.04079191246119676,0.4062525949551908,0.14670290700784722,0.14670290700784722,5,1
AAPL,2023-04-17,0.010503887706948734,0.01578359655228289,0.9737125166546666,0.9632086289477179,-0.9632086289477179,5,1
AAPL,2023-04-18,0.5598581172510523,0.030071896675088635,0.4100699951801735,0.14978812207087877,0.14978812207087877,5,1
AAPL,2023-04-19,0.013319864871153676,0.017694890600052353,0.9689852422917973,0.9556653774206436,-0.9556653774206436,5,1
AAPL,2023-04-20,0.011282696028258874,0.019013944835331715,0.9697033556735555,0.9584206596452967,-0.9584206596452967,5,1
AAPL,2023-04-21,0.5522264523834236,0.03499971956624083,0.4127738540102608,0.13945259837316282,0.13945259837316282,5,1
AAPL,2023-04-24,0.36590203808621574,0.032893225647574235,0.6012047296722735,0.2353026915860577,-0.2353026915860577,5,1
AAPL,2023-04-25,0.5929912676348477,0.12009974808529308,0.2869089861282167,0.30608228150663097,0.30608228150663097,5,1
AAPL,2023-04-26,0.18932563842188913,0.02019540632687285,0.7904789326548075,0.6011532942329184,-0.6011532942329184,5,1
AAPL,2023-04-27,0.5080325217341718,0.09216941130768022,0.3997980632256765,0.10823445850849528,0.10823445850849528,5,1
AAPL,2023-04-28,0.3471165357815967,0.021100423628587845,0.6317830427574678,0.2846665069758711,-0.2846665069758711,5,1
AAPL,2023-05-01,0.19327462076176263,0.05352841203873298,0.7531969962820705,0.5599223755203079,-0.5599223755203079,5,1
AAPL,2023-05-02,0.015602731108700607,0.028322605178957516,0.9560746750726191,0.9404719439639185,-0.9404719439639185,5,1
AAPL,2023-05-03,0.0111197906684764,0.020018307070619242,0.9688619391345493,0.957742148466073,-0.957742148466073,5,1
AAPL,2023-05-04,0.010346936775593117,0.019112808546303484,0.9705402367151572,0.9601932999395641,-0.9601932999395641,5,1
AAPL,2023-05-05,0.3852873968083009,0.024080382268467166,0.5906322308296538,0.2053448340213529,-0.2053448340213529,5,1
AAPL,2023-05-08,0.5494014863762318,0.022083881062276264,0.42851460911062,0.12088687726561176,0.12088687726561176,5,1
AAPL,2023-05-09,0.011069303716993476,0.01676642475708305,0.9721642549241406,0.9610949512071472,-0.9610949512071472,5,1
AAPL,2023-05-10,0.18958768507481738,0.017936742102935874,0.7924755393587107,0.6028878542838934,-0.6028878542838934,5,1
AAPL,2023-05-11,0.37498623066454934,0.030396598566293426,0.59461720232953,0.21963097166498063,-0.21963097166498063,5,1
AAPL,2023-05-12,0.0089446223953628,0.016867794839027606,0.9741875900935232,0.9652429676981604,-0.9652429676981604,5,1
AAPL,2023-05-15,0.5819564016216291,0.17463527532019485,0.24340833143648066,0.33854807018514843,0.33854807018514843,5,1
AAPL,2023-05-16,0.32214045989160295,0.07974245692923482,0.5981170459101861,0.27597658601858316,-0.27597658601858316,5,1
AAPL,2023-05-17,0.8690595872888992,0.11295913251710042,0.017981312520477927,0.8510782747684212,0.8510782747684212,5,1
AAPL,2023-05-18,0.42008818413949706,0.06879010319771664,0.5111216958458269,0.09103351170632984,-0.09103351170632984,5,1
AAPL,2023-05-19,0.18393426467379928,0.03657043330123161,0.7794953208408241,0.5955610561670248,-0.5955610561670248,5,1
AAPL,2023-05-22,0.37870790824624895,0.024430313152383178,0.5968618154654795,0.2181539072192305,-0.2181539072192305,5,1
AAPL,2023-05-23,0.01253612440357645,0.0166998637422095,0.9707640230592978,0.9582278986557213,-0.9582278986557213,5,1
AAPL,2023-05-24,0.552582616981207,0.09307374509220935,0.3543436529588867,0.19823896402232033,0.19823896402232033,5,1
AAPL,2023-05-25,0.5682931635396683,0.04517345303003279,0.38653336316874926,0.18175980037091904,0.18175980037091904,5,1
AAPL,2023-05-26,0.9227298709658825,0.06301615400615986,0.014253990788639424,0.9084758801772431,0.9084758801772431,5,1
AAPL,2023-05-30,0.5644316910484123,0.039658412114496944,0.39590990557862255,0.16852178546978974,0.16852178546978974,5,1
AAPL,2023-05-31,0.87599273681685,0.0803928083837111,0.043614454557295734,0.8323782822595542,0.8323782822595542,5,1
AAPL,2023-06-01,0.6180784054754263,0.07600785797795785,0.30591370462525413,0.3121647008501721,0.3121647008501721,5,1
AAPL,2023-06-02,0.38397095339153964,0.024009947801035044,0.5920191232718901,0.20804816988035046,-0.20804816988035046,5,1
AAPL,2023-06-05,0.3788797477993802,0.025444348033640506,0.595675890462766,0.21679614266338582,-0.21679614266338582,5,1
AAPL,2023-06-06,0.38166891819754295,0.024738470764666433,0.593592618351985,0.211923700154442,-0.211923700154442,5,1
AAPL,2023-06-07,0.9126567530472177,0.07275950151201345,0.014583739052793391,0.8980730139944243,0.8980730139944243,5,1
AAPL,2023-06-08,0.22031723375767812,0.037950686080798025,0.7417320715260406,0.5214148377683625,-0.5214148377683625,5,1
AAPL,2023-06-09,0.37733240983935035,0.03119760559104043,0.5914699858489575,0.21413757600960714,-0.21413757600960714,5,1
AAPL,2023-06-12,0.4115333728145631,0.20558981539524954,0.38287685859626447,0.028656514218298623,0.028656514218298623,5,1
AAPL,2023-06-13,0.9304488445373551,0.04656697653025598,0.022984204500432197,0.907464640036923,0.907464640036923,5,1
AAPL,2023-06-14,0.6039657246309932,0.2283766714937505,0.16765760589627882,0.43630811873471437,0.43630811873471437,5,1
AAPL,2023-06-15,0.36498298297433934,0.02236214743285659,0.6126548427346108,0.24767185976027145,-0.24767185976027145,5,1
AAPL,2023-06-16,0.756414110543222,0.04086350446499257,0.20272243432582768,0.5536916762173943,0.5536916762173943,5,1
AAPL,2023-06-20,0.5432364863727893,0.041889164761288455,0.41487435161770386,0.12836213475508546,0.12836213475508546,5,1
AAPL,2023-06-21,0.7494161034699727,0.05031077134723357,0.20027313337597583,0.5491429700939968,0.5491429700939968,5,1
AAPL,2023-06-22,0.5036285658095633,0.07999597476112895,0.4163754651646182,0.08725310064494507,0.08725310064494507,5,1
AAPL,2023-06-23,0.37197454680395964,0.03588739112590753,0.5921380615008562,0.2201635146968966,-0.2201635146968966,5,1
AAPL,2023-06-26,0.21333779254204366,0.0220312213846008,0.7646310090149948,0.5512932164729512,-0.5512932164729512,5,1
AAPL,2023-06-27,0.7399946195245758,0.038522048142292376,0.22148331795660647,0.5185113015679693,0.5185113015679693,5,1
AAPL,2023-06-28,0.5712567637487354,0.031202031354284374,0.39754124211433184,0.1737155216344035,0.1737155216344035,5,1
AAPL,2023-06-29,0.3877604756757641,0.03369281760746256,0.5785466978855278,0.1907862222097637,-0.1907862222097637,5,1
AAPL,2023-06-30,0.9508552124609685,0.031881803720840485,0.017262944467176928,0.9335922679937916,0.9335922679937916,5,1
AAPL,2023-07-03,0.010352556118381559,0.023812158946524133,0.9658352693243627,0.9554827132059811,-0.9554827132059811,5,1
AAPL,2023-07-05,0.35775190682262215,0.03828514789743032,0.603962944623272,0.2462110378006499,-0.2462110378006499,5,1
AAPL,2023-07-06,0.7345653471544744,0.05092852925779842,0.21450614642233554,0.5200592007321388,0.5200592007321388,5,1
AAPL,2023-07-07,0.3719941745257124,0.03263285486338318,0.5953729781363443,0.2233788036106319,-0.2233788036106319,5,1
AAPL,2023-07-10,0.5695121061339753,0.0266716128048216,0.4038162653765625,0.16569584075741278,0.16569584075741278,5,1
AAPL,2023-07-11,0.549839173398741,0.029275934836161466,0.42088490845866555,0.12895426494007545,0.12895426494007545,5,1
AAPL,2023-07-12,0.3230136585594084,0.1594206514379259,0.5175656727694217,0.19455201421001328,-0.19455201421001328,5,1
AAPL,2023-07-13,0.5432555531357677,0.05375317481827945,0.4029912796631483,0.14026427347261938,0.14026427347261938,5,1
AAPL,2023-07-14,0.9283810159795403,0.045180088014609286,0.026438873259968916,0.9019421427195713,0.9019421427195713,5,1
AAPL,2023-07-17,0.5465980802234524,0.03345201642246382,0.41994990715700703,0.12664817306644532,0.12664817306644532,5,1
AAPL,2023-07-18,0.5602573693150091,0.04067637095088016,0.3990662553819925,0.16119111393301666,0.16119111393301666,5,1
AAPL,2023-07-19,0.37355719841224905,0.03429623704954878,0.5921465508726403,0.2185893524603913,-0.2185893524603913,5,1
AAPL,2023-07-20,0.00980975835255553,0.015609174149673206,0.9745810965658237,0.9647713382132682,-0.9647713382132682,5,1
AAPL,2023-07-21,0.5423389927164592,0.07422535531724886,0.3834356615102549,0.15890333120620437,0.15890333120620437,5,1
AAPL,2023-07-24,0.7327136304125155,0.0452667434491136,0.22201960717874888,0.5106940232337666,0.5106940232337666,5,1
AAPL,2023-07-25,0.5727426129572537,0.059818942579264484,0.3674384422352942,0.2053041707219595,0.2053041707219595,5,1
AAPL,2023-07-26,0.3709621672330371,0.03795079246515485,0.5910870285014318,0.2201248612683947,-0.2201248612683947,5,1
AAPL,2023-07-27,0.5221968441613022,0.14262611231499694,0.33517703833256807,0.18701980582873412,0.18701980582873412,5,1
AAPL,2023-07-28,0.74052157029221,0.04031086124315237,0.21916760018241313,0.5213539701097969,0.5213539701097969,5,1
AAPL,2023-07-31,0.375316768233206,0.029448084647733408,0.5952351484930705,0.2199183802598645,-0.2199183802598645,5,1
AAPL,2023-08-01,0.55827213380098,0.030504661074063747,0.4112232314314508,0.14704890236952917,0.14704890236952917,5,1
AAPL,2023-08-02,0.013118283437719877,0.016734652180909318,0.9701470666659087,0.9570287832281887,-0.9570287832281887,5,1
AAPL,2023-08-03,0.010991991825515182,0.017991220092926807,0.9710167974117366,0.9600248055862215,-0.9600248055862215,5,1
AAPL,2023-08-04,0.009248780038938838,0.01665235062995255,0.9740988834758043,0.9648501034368655,-0.9648501034368655,5,1
AAPL,2023-08-07,0.009658451192932429,0.019894689742066353,0.9704468825132396,0.9607884313203072,-0.9607884313203072,5,1
AAPL,2023-08-08,0.3849424594951949,0.0243782102106906,0.5906793015194515,0.20573684202425657,-0.20573684202425657,5,1
AAPL,2023-08-09,0.009954708729082492,0.016588342088541718,0.9734569670248617,0.9635022582957793,-0.9635022582957793,5,1
AAPL,2023-08-10,0.20524279185809235,0.032540208472713564,0.7622170036859284,0.556974211827836,-0.556974211827836,5,1
AAPL,2023-08-11,0.014625294212337986,0.015530549490353549,0.96984415619135,0.9552188619790121,-0.9552188619790121,5,1
AAPL,2023-08-14,0.4394668552147611,0.06072407160982781,0.4998091026558045,0.06034224744104344,-0.06034224744104344,5,1
AAPL,2023-08-15,0.19373460700419542,0.01874354030916054,0.7875218690964609,0.5937872620922655,-0.5937872620922655,5,1
AAPL,2023-08-16,0.7984298681197458,0.09784803631797968,0.10372208377487918,0.6947077843448666,0.6947077843448666,5,1
AAPL,2023-08-17,0.014817607088228263,0.022132490227192842,0.9630499197570757,0.9482323126688474,-0.9482323126688474,5,1
AAPL,2023-08-18,0.5656402434900539,0.025808472338573297,0.4085512775162244,0.15708896597382954,0.15708896597382954,5,1
AAPL,2023-08-21,0.49181849072022954,0.06794011654782942,0.4402414053705125,0.051577085349717056,0.051577085349717056,5,1
AAPL,2023-08-22,0.8436315959632252,0.1411398975141636,0.015228523825283991,0.8284030721379413,0.8284030721379413,5,1
AAPL,2023-08-23,0.5695475538401822,0.03146172820958926,0.3989907357688125,0.1705568180713697,0.1705568180713697,5,1
AAPL,2023-08-24,0.19492538526341244,0.02118152508116294,0.7838931026563631,0.5889677173929507,-0.5889677173929507,5,1
AAPL,2023-08-25,0.577862830553788,0.03479039402910868,0.38734681977982804,0.1905160107739599,0.1905160107739599,5,1
AAPL,2023-08-28,0.5435394077778953,0.08066460027149772,0.37579599452158313,0.1677434132563122,0.1677434132563122,5,1
AAPL,2023-08-29,0.8757146391658521,0.10043659599169374,0.023848727136009572,0.8518659120298425,0.8518659120298425,5,1
AAPL,2023-08-30,0.7399722633817595,0.045520075098871376,0.2145076224898927,0.5254646408918668,0.5254646408918668,5,1
AAPL,2023-08-31,0.3843047269373336,0.02681638746060008,0.5888788859037776,0.204574158966444,-0.204574158966444,5,1
AAPL,2023-09-01,0.33255888097997643,0.09787650652027824,0.5695645806223433,0.23700569964236684,-0.23700569964236684,5,1
AAPL,2023-09-05,0.01629619922495064,0.015001443853891907,0.9687023745393493,0.9524061753143986,-0.9524061753143986,5,1
AAPL,2023-09-06,0.008437656681833761,0.017383308327066707,0.9741790121414571,0.9657413554596234,-0.9657413554596234,5,1
AAPL,2023-09-07,0.008846163237655741,0.01696058446398105,0.9741932614206037,0.965347098182948,-0.965347098182948,5,1
AAPL,2023-09-08,0.009241275496954348,0.0181070735897327,0.9726516346914945,0.9634103591945402,-0.9634103591945402,5,1
AAPL,2023-09-11,0.38073055894691754,0.024224450716488027,0.5950450212816634,0.21431446233474583,-0.21431446233474583,5,1
AAPL,2023-09-12,0.008819769587740315,0.01660265267017037,0.9745776168198342,0.9657578472320939,-0.9657578472320939,5,1
AAPL,2023-09-13,0.0118769937920833,0.018358163952339943,0.9697648695578175,0.9578878757657342,-0.9578878757657342,5,1
AAPL,2023-09-14,0.569538395855629,0.03360062157463747,0.396860956564297,0.17267743929133206,0.17267743929133206,5,1
AAPL,2023-09-15,0.196453443994097,0.025367207743816157,0.77817934510222,0.581725901108123,-0.581725901108123,5,1
AAPL,2023-09-18,0.37289493044130684,0.024575762908604287,0.6025292871463628,0.22963435670505594,-0.22963435670505594,5,1
AAPL,2023-09-19,0.37226667617843884,0.036542940033142325,0.5911903764272832,0.2189237002488444,-0.2189237002488444,5,1
AAPL,2023-09-20,0.19558261039054403,0.028333776973582313,0.7760836026574115,0.5805009922668675,-0.5805009922668675,5,1
AAPL,2023-09-21,0.013927654583150612,0.01664136590667656,0.9694309573247983,0.9555033027416477,-0.9555033027416477,5,1
AAPL,2023-09-22,0.20116637715764704,0.029578760252006096,0.7692548672033228,0.5680884900456757,-0.5680884900456757,5,1
AAPL,2023-09-25,0.3947556121555652,0.05006345360118292,0.5551809355338128,0.16042532337824755,-0.16042532337824755,5,1
AAPL,2023-09-26,0.010104303429738493,0.01821128001518839,0.9716844151774109,0.9615801117476724,-0.9615801117476724,5,1
AAPL,2023-09-27,0.014069992641028156,0.019974950185434718,0.9659550595108942,0.9518850668698661,-0.9518850668698661,5,1
AAPL,2023-09-28,0.021485114749565715,0.018085937587878874,0.9604289470601901,0.9389438323106244,-0.9389438323106244,5,1
AAPL,2023-09-29,0.1966175973824812,0.02036352483843938,0.7830188969135599,0.5864012995310787,-0.5864012995310787,5,1
AAPL,2023-10-02,0.013511228215589562,0.019246801280396325,0.9672419544718908,0.9537307262563012,-0.9537307262563012,5,1
AAPL,2023-10-03,0.009938780638579585,0.0168636414950146,0.9731975978239027,0.9632588171853231,-0.9632588171853231,5,1
AAPL,2023-10-04,0.010147256838574623,0.0162239630079303,0.9736287985902107,0.963481541751636,-0.963481541751636,5,1
AAPL,2023-10-05,0.5187931709524902,0.06403464973905465,0.41717218715846865,0.10162098379402157,0.10162098379402157,5,1
AAPL,2023-10-06,0.5587745951103044,0.05409329199291361,0.38713212861938784,0.17164246649091652,0.17164246649091652,5,1
AAPL,2023-10-09,0.013013438286417956,0.017927503124096387,0.9690590601554921,0.9560456218690742,-0.9560456218690742,5,1
AAPL,2023-10-10,0.5696504835304987,0.059181428477061704,0.37116809891415253,0.1984823846163462,0.1984823846163462,5,1
AAPL,2023-10-11,0.38697401572741763,0.03574953429490898,0.5772764445900443,0.19030242886262672,-0.19030242886262672,5,1
AAPL,2023-10-12,0.7324208105885331,0.045686204607993434,0.2218929758660697,0.5105278347224634,0.5105278347224634,5,1
AAPL,2023-10-13,0.37941164479002554,0.03332991563636321,0.5872584883572621,0.2078468435672366,-0.2078468435672366,5,1
AAPL,2023-10-16,0.18907011178412872,0.026046893755086977,0.7848829966451176,0.5958128848609889,-0.5958128848609889,5,1
AAPL,2023-10-17,0.17632616586926328,0.043848424538538947,0.7798253795212806,0.6034992136520173,-0.6034992136520173,5,1
AAPL,2023-10-18,0.5094554893799276,0.13488221581553297,0.35566229904407576,0.15379319033585181,0.15379319033585181,5,1
AAPL,2023-10-19,0.011373335144113197,0.019416462588573904,0.9692102115962671,0.9578368764521539,-0.9578368764521539,5,1
AAPL,2023-10-20,0.0113345759165487,0.01901320419724511,0.9696522282811212,0.9583176523645724,-0.9583176523645724,5,1
AAPL,2023-10-23,0.19515070272605875,0.023269852356173914,0.7815794641199604,0.5864287613939017,-0.5864287613939017,5,1
AAPL,2023-10-24,0.5675637343378699,0.02866553498893825,0.40377074321556305,0.16379299112230683,0.16379299112230683,5,1
AAPL,2023-10-25,0.012057403611741393,0.015783863531721867,0.9721587114247441,0.9601013078130027,-0.9601013078130027,5,1
AAPL,2023-10-26,0.18588225925555762,0.03444980195941695,0.7796679771318028,0.5937857178762451,-0.5937857178762451,5,1
AAPL,2023-10-27,0.5603051390083389,0.03869577950183459,0.40099906844878996,0.15930607055954893,0.15930607055954893,5,1
AAPL,2023-10-30,0.5646221970576227,0.029093226463532892,0.4062845541113153,0.15833764294630742,0.15833764294630742,5,1
AAPL,2023-10-31,0.7425826597557693,0.04929513982991806,0.20812221342886172,0.5344604463269076,0.5344604463269076,5,1
AAPL,2023-11-01,0.010208848625331873,0.0288668893466483,0.9609242380721088,0.9507153894467769,-0.9507153894467769,5,1
AAPL,2023-11-02,0.2034471091125514,0.017172335358560005,0.7793805913566667,0.5759334822441153,-0.5759334822441153,5,1
AAPL,2023-11-03,0.013523658495987115,0.014396698425050083,0.9720796327941497,0.9585559742981625,-0.9585559742981625,5,1
AAPL,2023-11-06,0.18271918089518516,0.03602217935226549,0.7812586488379866,0.5985394679428014,-0.5985394679428014,5,1
AAPL,2023-11-07,0.5544078507301544,0.03655583642510267,0.40903634475556777,0.14537150597458665,0.14537150597458665,5,1
AAPL,2023-11-08,0.19565529531712955,0.03359635715085561,0.7707483801926933,0.5750930848755638,-0.5750930848755638,5,1
AAPL,2023-11-09,0.1981165277180348,0.021822230287563384,0.7800612222497243,0.5819446945316895,-0.5819446945316895,5,1
AAPL,2023-11-10,0.7031789818074553,0.07340318756034411,0.2234178146512249,0.4797611671562304,0.4797611671562304,5,1
AAPL,2023-11-13,0.35132511674279654,0.04679570692056953,0.6018791941820155,0.250554077439219,-0.250554077439219,5,1
AAPL,2023-11-14,0.579915666239993,0.03635190002823638,0.3837324032632283,0.1961832629767647,0.1961832629767647,5,1
AAPL,2023-11-15,0.34737203160234803,0.11047337862605264,0.5421546159539512,0.19478258435160317,-0.19478258435160317,5,1
AAPL,2023-11-16,0.16211691403888753,0.1137512052869688,0.7241318692155927,0.5620149551767052,-0.5620149551767052,5,1
AAPL,2023-11-17,0.3853963055424811,0.035028815562536564,0.5795748640679895,0.19417855852550842,-0.19417855852550842,5,1
AAPL,2023-11-20,0.566190641495677,0.032631318985258,0.40117802853279433,0.16501261296288267,0.16501261296288267,5,1
AAPL,2023-11-21,0.384543337073244,0.03589165908313106,0.5795650010061241,0.19502166393288006,-0.19502166393288006,5,1
AAPL,2023-11-22,0.35802953006848903,0.2196201380834075,0.4223503575584527,0.06432082748996365,-0.06432082748996365,5,1
AAPL,2023-11-24,0.5350387072438539,0.0386447154784663,0.4263165706219877,0.10872213662186625,0.10872213662186625,5,1
AAPL,2023-11-27,0.708411967448277,0.046614281119563956,0.24497371500599435,0.4634382524422826,0.4634382524422826,5,1
AAPL,2023-11-28,0.31646177727369545,0.16890385459716434,0.5146343588774391,0.19817258160374368,-0.19817258160374368,5,1
AAPL,2023-11-29,0.562738332950426,0.0384868805092377,0.3987748088716019,0.16396352407882409,0.16396352407882409,5,1
AAPL,2023-11-30,0.557385506857856,0.07244624174540645,0.37016823418465816,0.18721727267319788,0.18721727267319788,5,1
AAPL,2023-12-01,0.3767682284434828,0.03065607949253477,0.5925757221279484,0.2158074936844656,-0.2158074936844656,5,1
AAPL,2023-12-04,0.011831980287698588,0.021023683416809876,0.9671443404439408,0.9553123601562422,-0.9553123601562422,5,1
AAPL,2023-12-05,0.013640376590129639,0.016491755371578088,0.9698678628991316,0.956227486309002,-0.956227486309002,5,1
AAPL,2023-12-06,0.365893260883215,0.025048912083639623,0.6090578420256327,0.24316458114241774,-0.24316458114241774,5,1
AAPL,2023-12-07,0.7030613625555903,0.0762746214214813,0.2206639565591644,0.4823974059964259,0.4823974059964259,5,1
AAPL,2023-12-08,0.7426580374510866,0.06384922735091461,0.1934927242828006,0.549165313168286,0.549165313168286,5,1
AAPL,2023-12-11,0.38735049648847464,0.03142507501933794,0.5812244478615358,0.19387395137306118,-0.19387395137306118,5,1
AAPL,2023-12-12,0.7586397690762157,0.033800942964536757,0.20755925230406594,0.5510805167721498,0.5510805167721498,5,1
AAPL,2023-12-13,0.1977025118324164,0.025721989869636013,0.7765755068417397,0.5788729950093233,-0.5788729950093233,5,1
AAPL,2023-12-14,0.7997516641641509,0.17896221099462473,0.021286085169863172,0.7784655789942877,0.7784655789942877,5,1
AAPL,2023-12-15,0.2002175853319892,0.02098730681340306,0.7787951150903448,0.5785775297583556,-0.5785775297583556,5,1
AMD,2023-01-10,0.4519100979410414,0.5143868192681313,0.03370307563751987,0.4182070223035216,0.4182070223035216,5,1
AMD,2023-01-11,0.40447099627987915,0.09629173224275245,0.49923728766331327,0.09476629138343412,-0.09476629138343412,3,1
AMD,2023-01-12,0.13617353666892357,0.8470488296522563,0.016777613752371193,0.11939592291655238,0.11939592291655238,3,1
AMD,2023-01-13,0.3247433045118712,0.055635727082686014,0.6196209662979709,0.2948776617860997,-0.2948776617860997,5,1
AMD,2023-01-17,0.12112406079892506,0.25128076873705285,0.627595179690661,0.506471118891736,-0.506471118891736,5,1
AMD,2023-01-18,0.15631464327159839,0.8324628579484434,0.01122250904388117,0.14509213422771722,0.14509213422771722,2,1
AMD,2023-01-19,0.1857691701183313,0.11958240610967809,0.6946484085187377,0.5088792384004064,-0.5088792384004064,3,1
AMD,2023-01-20,0.1264729661503905,0.1267104281231943,0.7468166119919599,0.6203436458415694,-0.6203436458415694,5,1
AMD,2023-01-23,0.6339465698573288,0.09940107373483503,0.2666523281860131,0.3672942416713157,0.3672942416713157,5,1
AMD,2023-01-24,0.013240798790905676,0.019232109967847,0.9675270986130092,0.9542862998221036,-0.9542862998221036,5,1
AMD,2023-01-25,0.29375018172403017,0.08238729288295704,0.6238625219020109,0.3301123401779807,-0.3301123401779807,5,1
AMD,2023-01-26,0.41122102335995303,0.13754739495490934,0.4512315645037104,0.04001054114375735,-0.04001054114375735,5,1
AMD,2023-01-27,0.17862504513721256,0.020992729880883104,0.8003822231989625,0.6217571780617499,-0.6217571780617499,5,1
AMD,2023-01-30,0.05006157973399118,0.08063872759653137,0.8692996860492376,0.8192381063152464,-0.8192381063152464,5,1
AMD,2023-01-31,0.009568089271747768,0.018319386468522002,0.9721125122495804,0.9625444229778326,-0.9625444229778326,5,1
AMD,2023-02-01,0.5740578580759031,0.02196922805051907,0.40397293284885155,0.1700849252270516,0.1700849252270516,5,1
AMD,2023-02-02,0.5902660161238688,0.07585752682006643,0.3338764626923249,0.25638955343154385,0.25638955343154385,5,1
AMD,2023-02-03,0.37092852791714076,0.031567172476237824,0.5975043244705375,0.2265757965533967,-0.2265757965533967,5,1
AMD,2023-02-06,0.7157808351884515,0.03595966653812781,0.24825950059158375,0.46752133459686773,0.46752133459686773,5,1
AMD,2023-02-07,0.558412833610982,0.12557582548308757,0.31601136483290077,0.24240146877808127,0.24240146877808127,5,1
AMD,2023-02-08,0.7657424723092415,0.10236659728178822,0.13189094871593526,0.6338515235933062,0.6338515235933062,4,1
AMD,2023-02-09,0.3853894038639646,0.32701137024639854,0.2875992445549287,0.0977901593090359,0.0977901593090359,4,1
AMD,2023-02-10,0.4580101591007141,0.2690748128079531,0.27291497477052656,0.1850951843301875,0.1850951843301875,5,1
AMD,2023-02-13,0.478011280972335,0.4985277537197985,0.023460930657407238,0.45455035031492774,0.45455035031492774,4,1
AMD,2023-02-14,0.2362693535935293,0.18675650152971454,0.5769741410229646,0.34070478742943533,-0.34070478742943533,4,1
AMD,2023-02-15,0.815039902217719,0.17781999482638275,0.0071401285191787294,0.8078997736985403,0.8078997736985403,2,1
AMD,2023-02-16,0.17119699060837498,0.14757199848438787,0.6812310124870892,0.5100340218787142,-0.5100340218787142,5,1
AMD,2023-02-17,0.5919992184938029,0.27267066270848617,0.1353301262022616,0.4566690922915413,0.4566690922915413,5,1
AMD,2023-02-21,0.0,0.0,0.0,0.0,0.0,0,0
AMD,2023-02-22,0.5940463720203947,0.10036202024809036,0.30559159945126246,0.2884547725691322,0.2884547725691322,5,1
AMD,2023-02-23,0.7432634556030591,0.035695866961755446,0.22104065479288934,0.5222228008101697,0.5222228008101697,5,1
AMD,2023-02-24,0.03983370352927551,0.17745690013855597,0.782709353400309,0.7428756498710335,-0.7428756498710335,3,1
AMD,2023-02-27,0.2884721336785868,0.13448545186416042,0.5770424073461607,0.28857027366757393,-0.28857027366757393,2,1
AMD,2023-02-28,0.6534207821826911,0.31604293864906374,0.03053628956648513,0.6228844926162059,0.6228844926162059,2,1
AMD,2023-03-01,0.1425410142220645,0.18784566520673196,0.6696133554034024,0.5270723411813378,-0.5270723411813378,2,1
AMD,2023-03-02,0.5866199375336926,0.1147087698336161,0.2986713081597594,0.2879486293739332,0.2879486293739332,5,1
AMD,2023-03-03,0.49171904985080994,0.08666715186922215,0.4216137757452484,0.07010527410556155,0.07010527410556155,5,1
AMD,2023-03-06,0.752770519973426,0.14634883069227453,0.10088061681837729,0.6518899031550487,0.6518899031550487,2,1
AMD,2023-03-07,0.32984502161863316,0.2291873522711841,0.4409676476094565,0.11112262599082334,-0.11112262599082334,5,1
AMD,2023-03-08,0.5288637974335249,0.3030673898399451,0.16806875599379167,0.3607950414397332,0.3607950414397332,3,1
AMD,2023-03-09,0.7818409892004906,0.15684727730370132,0.06131172451821699,0.7205292646822736,0.7205292646822736,5,1
AMD,2023-03-10,0.19830606415292734,0.09681115720235826,0.704882773804137,0.5065767096512097,-0.5065767096512097,5,1
AMD,2023-03-13,0.1388478905413102,0.8470994692816797,0.014052648177700125,0.12479524236361007,0.12479524236361007,2,1
AMD,2023-03-14,0.7732989766024019,0.1388949649737247,0.08780607745743806,0.6854928991449638,0.6854928991449638,5,1
AMD,2023-03-15,0.9050926277267436,0.05368886265117116,0.0412185172649059,0.8638741104618377,0.8638741104618377,3,1
AMD,2023-03-16,0.282883497225288,0.3443569285572945,0.3727595375670928,0.0898760403418048,-0.0898760403418048,5,1
AMD,2023-03-17,0.337824893000271,0.09824853311263197,0.5639265866521646,0.22610169365189353,-0.22610169365189353,5,1
AMD,2023-03-20,0.25987077532662683,0.08554478292610758,0.654584421193152,0.39471364586652513,-0.39471364586652513,5,1
AMD,2023-03-21,0.49235312727900865,0.14202076158713386,0.36562610553748665,0.126727021741522,0.126727021741522,5,1
AMD,2023-03-22,0.4922130731199739,0.09346391774445058,0.4143229854970821,0.07789008762289185,0.07789008762289185,5,1
AMD,2023-03-23,0.5446976425828496,0.13179380760675155,0.3235085081671701,0.2211891344156795,0.2211891344156795,5,1
AMD,2023-03-24,0.7138032004792475,0.05294420192652618,0.2332525976195577,0.4805506028596898,0.4805506028596898,5,1
AMD,2023-03-27,0.6915038800831393,0.28467079304584353,0.02382529724473837,0.667678582838401,0.667678582838401,5,1
AMD,2023-03-28,0.09321207909681485,0.39415016407068804,0.5126377564801695,0.4194256773833547,-0.4194256773833547,5,1
AMD,2023-03-29,0.43118615518310355,0.49814680405687517,0.07066704315201805,0.3605191120310855,0.3605191120310855,2,1
AMD,2023-03-30,0.2451636356298695,0.2041071384545016,0.5507292334955021,0.30556559786563253,-0.30556559786563253,5,1
AMD,2023-03-31,0.3094516943422481,0.22270345367871902,0.4678448508152328,0.1583931564729847,-0.1583931564729847,5,1
AMD,2023-04-03,0.6019950025855355,0.2535937296795937,0.14441127571331316,0.4575837268722224,0.4575837268722224,5,1
AMD,2023-04-04,0.6767642675861553,0.14202299331035634,0.18121272002289707,0.4955515475632582,0.4955515475632582,5,1
AMD,2023-04-05,0.0,0.0,0.0,0.0,0.0,0,0
AMD,2023-04-06,0.6502597873490681,0.07004158420877922,0.2796986150599312,0.3705611722891369,0.3705611722891369,5,1
AMD,2023-04-10,0.7677377704074093,0.21754303837309233,0.014719185118669752,0.7530185852887396,0.7530185852887396,5,1
AMD,2023-04-11,0.16249145839415638,0.430001449770974,0.4075070680960413,0.24501560970188493,-0.24501560970188493,5,1
AMD,2023-04-12,0.8286877865813463,0.11029590117816623,0.06101631748236828,0.7676714690989781,0.7676714690989781,4,1
AMD,2023-04-13,0.3003251290126128,0.21119245371945264,0.4884824182455823,0.18815728923296948,-0.18815728923296948,5,1
AMD,2023-04-14,0.6323234191071282,0.13675373235188473,0.23092285583316435,0.40140056327396384,0.40140056327396384,5,1
AMD,2023-04-17,0.06479548686582305,0.08540058870131721,0.8498039207584485,0.7850084338926254,-0.7850084338926254,3,1
AMD,2023-04-18,0.15236596836789038,0.6391376398872324,0.20849638421904945,0.05613041585115908,-0.05613041585115908,3,1
AMD,2023-04-19,0.025918033052470497,0.1454712505117305,0.828610763032224,0.8026927299797535,-0.8026927299797535,2,1
AMD,2023-04-20,0.8612042532759456,0.12176954562055214,0.017026188147777732,0.8441780651281678,0.8441780651281678,5,1
AMD,2023-04-21,0.27683859516646286,0.23705700707936134,0.48610439321460736,0.2092657980481445,-0.2092657980481445,5,1
AMD,2023-04-24,0.1677320444598706,0.7012621482496522,0.13100576777431786,0.036726276685552756,0.036726276685552756,4,1
AMD,2023-04-25,0.31722315364283377,0.24844693312781269,0.4343299151603081,0.11710676151747434,-0.11710676151747434,5,1
AMD,2023-04-26,0.877816295379238,0.05623608904336782,0.06594755243397937,0.8118687429452587,0.8118687429452587,2,1
AMD,2023-04-27,0.4994592174142589,0.19420232804599025,0.30633849002035307,0.19312072739390584,0.19312072739390584,5,1
AMD,2023-04-28,0.5801876046216774,0.13186834284723511,0.28794408534726756,0.29224351927440984,0.29224351927440984,5,1
AMD,2023-05-01,0.7400844917276745,0.039419361160106005,0.22049615356816138,0.5195883381595132,0.5195883381595132,5,1
AMD,2023-05-02,0.5176675399162801,0.053920490023911916,0.42841194971518576,0.08925559020109436,0.08925559020109436,5,1
AMD,2023-05-03,0.009055740529069413,0.017701725807887727,0.9732425012860567,0.9641867607569873,-0.9641867607569873,5,1
AMD,2023-05-04,0.19358294514588073,0.01890318191765333,0.7875138717344413,0.5939309265885606,-0.5939309265885606,5,1
AMD,2023-05-05,0.1710399299275696,0.05558529224959534,0.7733747963068882,0.6023348663793187,-0.6023348663793187,5,1
AMD,2023-05-08,0.577532427638357,0.28593937669913855,0.1365281918505033,0.4410042357878537,0.4410042357878537,5,1
AMD,2023-05-09,0.1941259434174366,0.05712767746133301,0.7487463847981107,0.5546204413806741,-0.5546204413806741,5,1
AMD,2023-05-10,0.598928104366637,0.36762482780201394,0.03344703762933036,0.5654810667373067,0.5654810667373067,5,1
AMD,2023-05-11,0.4985263075864306,0.03228706429627282,0.46918662177930515,0.029339685807125426,0.029339685807125426,5,1
AMD,2023-05-12,0.488516845325717,0.32598465651732517,0.18549849243904165,0.30301835288667534,0.30301835288667534,4,1
AMD,2023-05-15,0.6168731975309371,0.3591563160387216,0.023970484495161468,0.5929027130357756,0.5929027130357756,5,1
AMD,2023-05-16,0.17678892949852876,0.05119110602740323,0.772019985051587,0.5952310555530582,-0.5952310555530582,5,1
AMD,2023-05-17,0.429241069383204,0.1783652169915134,0.39239375089209316,0.036847318491110836,0.036847318491110836,5,1
AMD,2023-05-18,0.8477227818383267,0.13954047714788195,0.01273675568781488,0.8349860261505119,0.8349860261505119,5,1
AMD,2023-05-19,0.7095746628642055,0.11697116727331403,0.17345420683525417,0.5361204560289513,0.5361204560289513,5,1
AMD,2023-05-22,0.35522131320999883,0.051389077225408024,0.5933895906556457,0.23816827744564684,-0.23816827744564684,5,1
AMD,2023-05-23,0.5763310631711154,0.10240297713158909,0.32126595204832764,0.25506511112278774,0.25506511112278774,5,1
AMD,2023-05-24,0.8160065056349661,0.17017289600190974,0.01382060249938535,0.8021859031355808,0.8021859031355808,5,1
AMD,2023-05-25,0.5752119216558481,0.028934687860837912,0.39585337906446383,0.17935854259138428,0.17935854259138428,5,1
AMD,2023-05-26,0.46931265418891727,0.07941211603518042,0.4512752102364321,0.018037443952485188,0.018037443952485188,5,1
AMD,2023-05-30,0.6005433984057773,0.08645268188673964,0.31300390349603996,0.28753949490973735,0.28753949490973735,5,1
AMD,2023-05-31,0.3833991655566937,0.024291911473245695,0.5923089722526863,0.20890980669599263,-0.20890980669599263,5,1
AMD,2023-06-01,0.7631066473712153,0.16209927001787341,0.07479410809919622,0.6883125392720191,0.6883125392720191,5,1
AMD,2023-06-02,0.6876191069640468,0.18660507305187488,0.1257758249953217,0.5618432819687251,0.5618432819687251,5,1
AMD,2023-06-05,0.02974430921778787,0.10648138187793312,0.8637742631445895,0.8340299539268016,-0.8340299539268016,2,1
AMD,2023-06-06,0.5774444125790914,0.02189778499975574,0.4006578265425896,0.17678658603650182,0.17678658603650182,5,1
AMD,2023-06-07,0.4277791535704824,0.1417440224846716,0.4304768453706802,0.002697691800197799,-0.002697691800197799,5,1
AMD,2023-06-08,0.526875040378404,0.1824851567559331,0.29063976291727295,0.2362352774611311,0.2362352774611311,5,1
AMD,2023-06-09,0.9043106622571808,0.05638547282984791,0.039303875959653796,0.865006786297527,0.865006786297527,5,1
AMD,2023-06-12,0.7125679209150642,0.2667616818131673,0.020670392946865894,0.6918975279681983,0.6918975279681983,5,1
AMD,2023-06-13,0.8944159323638091,0.05229424514214067,0.05328981518773551,0.8411261171760736,0.8411261171760736,5,1
AMD,2023-06-14,0.5754283387333127,0.049912619159096894,0.3746590752577847,0.20076926347552798,0.20076926347552798,5,1
AMD,2023-06-15,0.19542907155824538,0.31005145012496377,0.49451946283596976,0.2990903912777244,-0.2990903912777244,5,1
AMD,2023-06-16,0.7258606689581966,0.06005811034390314,0.2140811838855726,0.5117794850726239,0.5117794850726239,5,1
AMD,2023-06-20,0.6361519199090757,0.1324103283357542,0.2314377168835592,0.40471420302551653,0.40471420302551653,5,1
AMD,2023-06-21,0.5868373840675123,0.13692168138273378,0.27624090581740307,0.3105964782501092,0.3105964782501092,5,1
AMD,2023-06-22,0.8286486322658946,0.15743255254825167,0.013918796837666498,0.8147298354282281,0.8147298354282281,5,1
AMD,2023-06-23,0.8912604469216561,0.07223701153961061,0.03650257616601936,0.8547578707556367,0.8547578707556367,5,1
AMD,2023-06-26,0.03542489558458328,0.07075066864490509,0.8938244581222534,0.8583995625376701,-0.8583995625376701,1,1
AMD,2023-06-27,0.6495956134437919,0.34048936528722135,0.009915010682048088,0.6396806027617438,0.6396806027617438,5,1
AMD,2023-06-28,0.009279498430963672,0.017497738765512947,0.973222750541693,0.9639432521107294,-0.9639432521107294,5,1
AMD,2023-06-29,0.5998313808464024,0.13285270902843616,0.26731589775898995,0.33251548308741247,0.33251548308741247,5,1
AMD,2023-06-30,0.8754707760588881,0.07627376352185077,0.04825544547944089,0.8272153305794472,0.8272153305794472,5,1
AMD,2023-07-03,0.7508017809622846,0.23921828626829392,0.009979919132188715,0.7408218618300958,0.7408218618300958,3,1
AMD,2023-07-05,0.8729045537380254,0.1139405933266125,0.013154864715781183,0.8597496890222442,0.8597496890222442,5,1
AMD,2023-07-06,0.5049015424188975,0.2791756960016549,0.215922760152814,0.28897878226608353,0.28897878226608353,5,1
AMD,2023-07-07,0.5521101389366708,0.15199879045508974,0.29589107718907215,0.2562190617475987,0.2562190617475987,5,1
AMD,2023-07-10,0.9223822819172712,0.06297719841139555,0.014640574606499054,0.9077417073107722,0.9077417073107722,2,1
AMD,2023-07-11,0.6179798578287329,0.3576338762031982,0.024386274955534797,0.5935935828731981,0.5935935828731981,5,1
AMD,2023-07-12,0.3384376818975104,0.2881958979744976,0.37336643328347474,0.03492875138596435,-0.03492875138596435,5,1
AMD,2023-07-13,0.05883837534317943,0.27569345207521656,0.665468160961031,0.6066297856178515,-0.6066297856178515,5,1
AMD,2023-07-14,0.8512698727625347,0.12661941123718748,0.02211074239003181,0.8291591303725029,0.8291591303725029,5,1
AMD,2023-07-17,0.7922919722561444,0.191394964067094,0.016313059267252794,0.7759789129888917,0.7759789129888917,3,1
AMD,2023-07-18,0.5708143253678312,0.15840365123962633,0.270782020626253,0.30003230474157816,0.30003230474157816,5,1
AMD,2023-07-19,0.8928275482852531,0.0915794207338988,0.015593044930743335,0.8772345033545098,0.8772345033545098,3,1
AMD,2023-07-20,0.37535272587726715,0.027105066558644104,0.59754225524925,0.22218952937198283,-0.22218952937198283,5,1
AMD,2023-07-21,0.5086631449125932,0.10276793088036132,0.38856892932154363,0.1200942155910496,0.1200942155910496,5,1
AMD,2023-07-24,0.3613297631734929,0.04510573109785345,0.5935644965743657,0.2322347334008728,-0.2322347334008728,5,1
AMD,2023-07-25,0.6485666777602477,0.08818800951048393,0.2632453014262099,0.3853213763340378,0.3853213763340378,5,1
AMD,2023-07-26,0.022209238038737898,0.017011469543614464,0.9607793064449512,0.9385700684062134,-0.9385700684062134,5,1
AMD,2023-07-27,0.47559356201057784,0.11004737609616787,0.41435908836794166,0.06123447364263618,0.06123447364263618,5,1
AMD,2023-07-28,0.5588919324617267,0.03484514608827948,0.4062628988746559,0.15262903358707086,0.15262903358707086,5,1
AMD,2023-07-31,0.5433284299032323,0.039153134646193175,0.4175184455292892,0.12580998437394308,0.12580998437394308,5,1
AMD,2023-08-01,0.3884843388433841,0.029446083988378346,0.5820695421791612,0.19358520333577706,-0.19358520333577706,5,1
AMD,2023-08-02,0.009865900424329044,0.01729385289642991,0.9728402600286762,0.9629743596043472,-0.9629743596043472,5,1
AMD,2023-08-03,0.36532138593821034,0.037372963031647555,0.5973056285431948,0.23198424260498446,-0.23198424260498446,5,1
AMD,2023-08-04,0.16732385284863435,0.19585486186705153,0.6368212879358633,0.46949743508722896,-0.46949743508722896,5,1
AMD,2023-08-07,0.7045311591177562,0.14177460404847508,0.15369425192863298,0.5508369071891233,0.5508369071891233,5,1
AMD,2023-08-08,0.3561758864731926,0.21495980690170025,0.4288643366429679,0.07268845016977532,-0.07268845016977532,5,1
AMD,2023-08-09,0.23947259750813887,0.09621436980354175,0.6643130528280676,0.42484045531992876,-0.42484045531992876,5,1
AMD,2023-08-10,0.09441955891672482,0.27751255122316676,0.6280678941364354,0.5336483352197106,-0.5336483352197106,5,1
AMD,2023-08-11,0.1846790354142869,0.02729049272451305,0.7880304500781983,0.6033514146639114,-0.6033514146639114,5,1
AMD,2023-08-14,0.5174071617781685,0.05363259501386222,0.42896023920411364,0.08844692257405484,0.08844692257405484,5,1
AMD,2023-08-15,0.43441070163574175,0.19672484314693864,0.36886450238087587,0.06554619925486588,0.06554619925486588,5,1
AMD,2023-08-16,0.3901711593961092,0.16996047356163604,0.4398683253310374,0.049697165934928234,-0.049697165934928234,5,1
AMD,2023-08-17,0.16952196994735402,0.13216612388544277,0.6983119177615668,0.5287899478142127,-0.5287899478142127,5,1
AMD,2023-08-18,0.3288217391187864,0.06547473064624086,0.6057035042419253,0.2768817651231389,-0.2768817651231389,5,1
AMD,2023-08-21,0.8422877456683887,0.1160581947890088,0.04165410592239745,0.8006336397459912,0.8006336397459912,5,1
AMD,2023-08-22,0.824161783881791,0.16292445643208758,0.012913712620425285,0.8112480712613657,0.8112480712613657,5,1
AMD,2023-08-23,0.9325273225903059,0.03354218676930067,0.03393045295447027,0.8985968696358356,0.8985968696358356,5,1
AMD,2023-08-24,0.009428608822344503,0.018830920624494263,0.9717404639588562,0.9623118551365116,-0.9623118551365116,5,1
AMD,2023-08-25,0.4893350625645369,0.12219538666154366,0.38846954373054077,0.10086551883399614,0.10086551883399614,5,1
AMD,2023-08-28,0.17529140908921645,0.7255632861055172,0.09914532997103989,0.07614607911817656,0.07614607911817656,5,1
AMD,2023-08-29,0.4791047030359804,0.08507664932662398,0.43581865878538734,0.04328604425059307,0.04328604425059307,5,1
AMD,2023-08-30,0.7289838138209024,0.25952117530922636,0.011494981140039493,0.7174888326808629,0.7174888326808629,5,1
AMD,2023-08-31,0.028005331436252678,0.10541589814952482,0.8665787519711624,0.8385734205349097,-0.8385734205349097,5,1
AMD,2023-09-01,0.6188762319275338,0.1652442696846316,0.21587948542743624,0.4029967465000976,0.4029967465000976,5,1
AMD,2023-09-05,0.7618619821249935,0.2234702498343738,0.014667747658434609,0.7471942344665589,0.7471942344665589,5,1
AMD,2023-09-06,0.7034743079798893,0.22479596055136578,0.07172971050095739,0.631744597478932,0.631744597478932,5,1
AMD,2023-09-07,0.7269637952809462,0.06050777186124706,0.21252843328985052,0.5144353619910957,0.5144353619910957,5,1
AMD,2023-09-08,0.4131100335103874,0.05554669620637613,0.5313432833435611,0.11823324983317368,-0.11823324983317368,5,1
AMD,2023-09-11,0.441537418573771,0.18072891759306065,0.3777336749614626,0.0638037436123084,0.0638037436123084,5,1
AMD,2023-09-12,0.6939021175689386,0.28634448569325616,0.01975337707936251,0.6741487404895761,0.6741487404895761,5,1
AMD,2023-09-13,0.6285525337344597,0.3611269913056955,0.010320491820025753,0.618232041914434,0.618232041914434,3,1
AMD,2023-09-14,0.8775027278575821,0.0774381243518549,0.04505918240456965,0.8324435454530125,0.8324435454530125,5,1
AMD,2023-09-15,0.008575473743615822,0.017750186879685173,0.9736743618356309,0.9650988880920152,-0.9650988880920152,5,1
AMD,2023-09-18,0.7349375048334071,0.11654217040715874,0.14852032818206803,0.5864171766513391,0.5864171766513391,5,1
AMD,2023-09-19,0.6367723173049628,0.15290051552957418,0.21032716638658192,0.42644515091838087,0.42644515091838087,5,1
AMD,2023-09-20,0.6386641114602295,0.20609114621646882,0.15524473815627607,0.48341937330395346,0.48341937330395346,5,1
AMD,2023-09-21,0.13448896383836137,0.2407624455138015,0.6247486129517059,0.4902596491133445,-0.4902596491133445,5,1
AMD,2023-09-22,0.7097265283159866,0.07223523667408777,0.2180382301525464,0.4916882981634402,0.4916882981634402,5,1
AMD,2023-09-25,0.5150936508397708,0.20815540132286023,0.27675096438000435,0.23834268645976642,0.23834268645976642,5,1
AMD,2023-09-26,0.39778192768628484,0.10373054602278593,0.49848753037255333,0.10070560268626849,-0.10070560268626849,5,1
AMD,2023-09-27,0.039355987198292794,0.10391220741312907,0.8567317743176348,0.817375787119342,-0.817375787119342,5,1
AMD,2023-09-28,0.5579458073919082,0.10296041452278526,0.33909378391991485,0.2188520234719934,0.2188520234719934,5,1
AMD,2023-09-29,0.5056223981876855,0.24960382324085095,0.2447737869089808,0.26084861127870473,0.26084861127870473,5,1
AMD,2023-10-02,0.2661594102725773,0.3862629066983815,0.3475776857117095,0.08141827543913221,-0.08141827543913221,5,1
AMD,2023-10-03,0.09145497549812874,0.08104384552931218,0.8275012171199763,0.7360462416218475,-0.7360462416218475,4,1
AMD,2023-10-04,0.773717827193353,0.21635612314539418,0.009926045621937527,0.7637917815714155,0.7637917815714155,2,1
AMD,2023-10-05,0.44636858749881264,0.3743997163843931,0.17923169628890284,0.2671368912099098,0.2671368912099098,5,1
AMD,2023-10-06,0.6663438221542799,0.0731264377480295,0.26052975229534137,0.40581406985893853,0.40581406985893853,5,1
AMD,2023-10-09,0.01971292609238375,0.06814353220163911,0.9121435367424142,0.8924306106500305,-0.8924306106500305,5,1
AMD,2023-10-10,0.843705453478193,0.13409920084219978,0.02219532496628198,0.8215101285119111,0.8215101285119111,5,1
AMD,2023-10-11,0.821265722999768,0.15078752497278683,0.027946770339516668,0.7933189526602513,0.7933189526602513,5,1
AMD,2023-10-12,0.6881992186794257,0.10467663229209195,0.20712415979995313,0.48107505887947255,0.48107505887947255,5,1
AMD,2023-10-13,0.5041127684125875,0.092220566397738,0.4036666550910646,0.10044611332152287,0.10044611332152287,5,1
AMD,2023-10-16,0.22501420112898418,0.03304636946160176,0.7419394205267348,0.5169252193977506,-0.5169252193977506,5,1
AMD,2023-10-17,0.022601542130715375,0.015427603293284773,0.9619708356837127,0.9393692935529973,-0.9393692935529973,5,1
AMD,2023-10-18,0.6550589516859441,0.1520445069571465,0.1928965324792709,0.46216241920667317,0.46216241920667317,5,1
AMD,2023-10-19,0.03720244675669527,0.18487611634104187,0.7779214378873239,0.7407189911306287,-0.7407189911306287,4,1
AMD,2023-10-20,0.6961254509488404,0.27735433935147225,0.026520203725613985,0.6696052472232263,0.6696052472232263,5,1
AMD,2023-10-23,0.6757812447277038,0.07156849570955294,0.25265023005872356,0.4231310146689803,0.4231310146689803,5,1
AMD,2023-10-24,0.8114991726228483,0.09082626368203425,0.09767459826925824,0.71382457435359,0.71382457435359,5,1
AMD,2023-10-25,0.04325817438722892,0.150577266923074,0.8061645435948986,0.7629063692076697,-0.7629063692076697,5,1
AMD,2023-10-26,0.6870962050261858,0.2977254094670687,0.015178412243032055,0.6719177927831538,0.6719177927831538,5,1
AMD,2023-10-27,0.5902402719894517,0.02579687059422503,0.38396286363124404,0.20627740835820768,0.20627740835820768,5,1
AMD,2023-10-30,0.7236076087537976,0.24138729829285419,0.035005100740646555,0.688602508013151,0.688602508013151,5,1
AMD,2023-10-31,0.5655654614633643,0.02914889910119435,0.40528563739576845,0.16027982406759583,0.16027982406759583,5,1
AMD,2023-11-01,0.2002813719197111,0.022675144648341077,0.7770434894479717,0.5767621175282607,-0.5767621175282607,5,1
AMD,2023-11-02,0.9410709115683863,0.03073712595354706,0.028191987973591317,0.9128789235947949,0.9128789235947949,5,1
AMD,2023-11-03,0.4969785254818809,0.08721622843261516,0.41580525222181713,0.08117327326006374,0.08117327326006374,5,1
AMD,2023-11-06,0.026089940493918037,0.8926641702839501,0.08124587733531172,0.05515593684139368,-0.05515593684139368,2,1
AMD,2023-11-07,0.8313771651432678,0.11365098543687803,0.054971882822135734,0.776405282321132,0.776405282321132,5,1
AMD,2023-11-08,0.2587034272665197,0.18301285829224964,0.5582837186824947,0.29958029141597503,-0.29958029141597503,5,1
AMD,2023-11-09,0.6343176993951957,0.34760464969543364,0.018077590901440524,0.6162401084937551,0.6162401084937551,5,1
AMD,2023-11-10,0.9205772751651802,0.060682461490334495,0.01874027757026227,0.9018369975949179,0.9018369975949179,5,1
AMD,2023-11-13,0.21386451829999756,0.1814966767019524,0.6046388086120273,0.3907742903120298,-0.3907742903120298,4,1
AMD,2023-11-14,0.9437475897362406,0.03937815710180904,0.01687429563257362,0.926873294103667,0.926873294103667,5,1
AMD,2023-11-15,0.5275627221161109,0.2401999635392056,0.2322373131741689,0.295325408941942,0.295325408941942,5,1
AMD,2023-11-16,0.5597843340178281,0.37163088774713693,0.06858476033057291,0.4911995736872552,0.4911995736872552,5,1
AMD,2023-11-17,0.3584102725896812,0.2089673983705925,0.43262234290043355,0.07421207031075233,-0.07421207031075233,5,1
AMD,2023-11-20,0.8152532276481936,0.17251797376432054,0.012228739146942943,0.8030244885012507,0.8030244885012507,2,1
AMD,2023-11-21,0.7804773706631887,0.03095718582372858,0.18856543607797654,0.5919119345852122,0.5919119345852122,5,1
AMD,2023-11-22,0.5737132932676059,0.05605830885588322,0.37022840941541685,0.20348488385218905,0.20348488385218905,5,1
AMD,2023-11-24,0.7747967915852503,0.19702128237182345,0.028181943901166,0.7466148476840843,0.7466148476840843,5,1
AMD,2023-11-27,0.7747157728103218,0.21485855405438878,0.010425699907178539,0.7642900729031432,0.7642900729031432,5,1
AMD,2023-11-28,0.8003630495918076,0.1656310916122955,0.034005841008829564,0.7663572085829781,0.7663572085829781,5,1
AMD,2023-11-29,0.79430499259173,0.16575490278763538,0.03994004329502209,0.7543649492967079,0.7543649492967079,5,1
AMD,2023-11-30,0.3908683339273442,0.11608691170633256,0.493044726424061,0.10217639249671678,-0.10217639249671678,5,1
AMD,2023-12-01,0.4347687822188952,0.46835390364842283,0.09687727563641212,0.33789150658248307,0.33789150658248307,5,1
AMD,2023-12-04,0.5617771653344393,0.14779319739145402,0.29042961002984075,0.2713475553045986,0.2713475553045986,3,1
AMD,2023-12-05,0.8217445804418504,0.1659215162812527,0.012333866132305851,0.8094107143095446,0.8094107143095446,3,1
AMD,2023-12-06,0.770321764858205,0.030890250910529875,0.198787978086149,0.571533786772056,0.571533786772056,5,1
AMD,2023-12-07,0.9400796820958989,0.039430098083375324,0.020490215448058714,0.9195894666478401,0.9195894666478401,5,1
AMD,2023-12-08,0.6451989361546369,0.3046399046826856,0.050161140596130624,0.5950377955585062,0.5950377955585062,5,1
AMD,2023-12-11,0.19334255106276402,0.02459126215703161,0.7820661918874556,0.5887236408246916,-0.5887236408246916,5,1
AMD,2023-12-12,0.5236502657896981,0.10491384681250819,0.3714358824711567,0.15221438331854137,0.15221438331854137,5,1
AMD,2023-12-13,0.7077639288719935,0.08799846701653112,0.20423762156499797,0.5035263073069955,0.5035263073069955,5,1
AMD,2023-12-14,0.7331823810441508,0.25284211011640045,0.013975504456680504,0.7192068765874703,0.7192068765874703,5,1
AMD,2023-12-15,0.011968724024697557,0.015339890944772588,0.9726914120100092,0.9607226879853117,-0.9607226879853117,5,1
AMD,2023-12-18,0.877469733822467,0.10757069463391812,0.014959588008394514,0.8625101458140725,0.8625101458140725,5,1
AMD,2023-12-19,0.6476316598492047,0.3298423132034898,0.022526012665477296,0.6251056471837274,0.6251056471837274,5,1
AMD,2023-12-20,0.6456591847873548,0.2063632776272767,0.1479775353516354,0.49768164943571946,0.49768164943571946,5,1
AMD,2023-12-21,0.5301621006054508,0.06067674213674219,0.40916114331686587,0.1210009572885849,0.1210009572885849,5,1
AMD,2023-12-22,0.9319492309198452,0.053363836286560655,0.01468690645354197,0.9172623244663032,0.9172623244663032,5,1
AMD,2023-12-26,0.7972450376516447,0.18885111752182726,0.013903896203998869,0.7833411414476458,0.7833411414476458,4,1
AMD,2023-12-27,0.2542249157277483,0.46128053146153136,0.28449454239515526,0.030269626667406957,-0.030269626667406957,4,1
AMD,2023-12-28,0.7380591333447867,0.2242560771244098,0.03768474014678735,0.7003743931979993,0.7003743931979993,5,1
AMD,2023-12-29,0.9430861686759888,0.04018238415935393,0.016731459254195943,0.9263547094217929,0.9263547094217929,5,1
AMD,2024-01-02,0.35883715504041463,0.03977157247038235,0.601391281208498,0.24255412616808342,-0.24255412616808342,5,1
AMD,2024-01-03,0.552942628651076,0.04923543711348,0.39782196591584396,0.15512066273523206,0.15512066273523206,5,1
AMD,2024-01-04,0.1965235724107933,0.0191138765294351,0.7843625625954143,0.5878389901846209,-0.5878389901846209,5,1
AMD,2024-01-05,0.549763853719521,0.04949085985476509,0.4007453030291881,0.14901855069033287,0.14901855069033287,5,1
AMD,2024-01-08,0.5648154977955147,0.041086010434636624,0.39409847953765537,0.1707170182578593,0.1707170182578593,5,1
AMD,2024-01-09,0.9340188647120583,0.04754001018923001,0.018441145885948446,0.9155777188261098,0.9155777188261098,5,1
AMD,2024-01-10,0.0,0.0,0.0,0.0,0.0,0,0
AMZN,2023-03-09,0.16770457156645888,0.035723173919928186,0.7965722460928386,0.6288676745263797,-0.6288676745263797,5,1
AMZN,2023-03-10,0.5489557833835234,0.05977667584686271,0.39126751812930016,0.1576882652542232,0.1576882652542232,5,1
AMZN,2023-03-13,0.34867031091195105,0.031156202900424337,0.6201734768216016,0.27150316590965057,-0.27150316590965057,5,1
AMZN,2023-03-14,0.3782728620505146,0.04542297455990163,0.5763041713456046,0.19803130929509005,-0.19803130929509005,5,1
AMZN,2023-03-15,0.536237427668683,0.08629219160533856,0.3774704101429534,0.15876701752572958,0.15876701752572958,5,1
AMZN,2023-03-16,0.022550392582995397,0.0385808247562395,0.9388687812114619,0.9163183886284665,-0.9163183886284665,5,1
AMZN,2023-03-17,0.20236847843012676,0.0280322384248798,0.7695992773541089,0.5672307989239822,-0.5672307989239822,5,1
AMZN,2023-03-20,0.014781029042588056,0.03660235824460291,0.9486166022829544,0.9338355732403664,-0.9338355732403664,5,1
AMZN,2023-03-21,0.3655944207093302,0.04090265833366159,0.5935028996130358,0.22790847890370564,-0.22790847890370564,5,1
AMZN,2023-03-22,0.4314154783148507,0.040189723194105346,0.5283948171886835,0.09697933887383281,-0.09697933887383281,5,1
AMZN,2023-03-23,0.3813602374984506,0.036574070614318034,0.5820656905758049,0.20070545307735432,-0.20070545307735432,5,1
AMZN,2023-03-24,0.5568438455742569,0.03888074226763387,0.40427536265514236,0.15256848291911457,0.15256848291911457,5,1
AMZN,2023-03-27,0.19958362827074708,0.042146300981157146,0.7582700580412126,0.5586864297704656,-0.5586864297704656,5,1
AMZN,2023-03-28,0.648263058289583,0.12422553526455539,0.22751140640674505,0.4207516518828379,0.4207516518828379,5,1
AMZN,2023-03-29,0.6094066338829794,0.026842844273609626,0.3637505528277857,0.24565608105519376,0.24565608105519376,5,1
AMZN,2023-03-30,0.18659405255198389,0.029232624425488567,0.7841733215076289,0.597579268955645,-0.597579268955645,5,1
AMZN,2023-03-31,0.38234311228617635,0.04759545456057673,0.5700614275226039,0.18771831523642757,-0.18771831523642757,5,1
AMZN,2023-04-03,0.012508965367050475,0.01777922517659718,0.9697118025825039,0.9572028372154534,-0.9572028372154534,5,1
AMZN,2023-04-04,0.5441181978304096,0.03376046890703237,0.42212133642007943,0.12199686141033017,0.12199686141033017,5,1
AMZN,2023-04-05,0.011127601463469075,0.01759959186076307,0.9712728076310772,0.9601452061676081,-0.9601452061676081,5,1
AMZN,2023-04-06,0.3521111192282908,0.06507262942276451,0.582816237109232,0.23070511788094122,-0.23070511788094122,5,1
AMZN,2023-04-10,0.012132354066438538,0.017130936263572955,0.9707367065715908,0.9586043525051523,-0.9586043525051523,5,1
AMZN,2023-04-11,0.504150511505154,0.08900314776433191,0.40684633457718633,0.09730417692796767,0.09730417692796767,5,1
AMZN,2023-04-12,0.37205923809547414,0.056969567928574674,0.570971188238886,0.1989119501434119,-0.1989119501434119,5,1
AMZN,2023-04-13,0.7617276217020909,0.03335467723337678,0.20491771690111688,0.556809904800974,0.556809904800974,5,1
AMZN,2023-04-14,0.19763164118023455,0.027657157693024015,0.7747111876680342,0.5770795464877996,-0.5770795464877996,5,1
AMZN,2023-04-17,0.6881519755007637,0.08324693365815039,0.22860108942442356,0.4595508860763401,0.4595508860763401,5,1
AMZN,2023-04-18,0.19646693987039773,0.04720043455165519,0.7563326531639315,0.5598657132935337,-0.5598657132935337,5,1
AMZN,2023-04-19,0.19714723165306325,0.028809760262911644,0.774042994024878,0.5768957623718147,-0.5768957623718147,5,1
AMZN,2023-04-20,0.19368996589531565,0.023731141745511466,0.7825788983015636,0.588888932406248,-0.588888932406248,5,1
AMZN,2023-04-21,0.19595025336531596,0.02375624280062497,0.7802934808772181,0.584343227511902,-0.584343227511902,5,1
AMZN,2023-04-24,0.012264569763057051,0.021639249034916517,0.9660961831528686,0.9538316133898116,-0.9538316133898116,5,1
AMZN,2023-04-25,0.7444543876845274,0.029777316784014116,0.2257683175964431,0.5186860700880843,0.5186860700880843,5,1
AMZN,2023-04-26,0.011812086484983051,0.019402452116193916,0.9687854770829082,0.9569733905979252,-0.9569733905979252,5,1
AMZN,2023-04-27,0.017369361979394652,0.013975370033667583,0.9686552262455206,0.9512858642661259,-0.9512858642661259,5,1
AMZN,2023-04-28,0.009055584368375077,0.01698706639080517,0.9739573676752892,0.9649017833069141,-0.9649017833069141,5,1
AMZN,2023-05-01,0.19876046761587124,0.03505504496630214,0.7661844851708473,0.5674240175549761,-0.5674240175549761,5,1
AMZN,2023-05-02,0.3650951399560614,0.04786339362043631,0.5870414755084792,0.22194633555241777,-0.22194633555241777,5,1
AMZN,2023-05-03,0.1982389334295591,0.025035755653875308,0.7767253047245899,0.5784863712950308,-0.5784863712950308,5,1
AMZN,2023-05-04,0.3835453459832633,0.030804926165678533,0.5856497545610646,0.20210440857780132,-0.20210440857780132,5,1
AMZN,2023-05-05,0.35686862210700504,0.037649638694294864,0.605481737520394,0.24861311541338899,-0.24861311541338899,5,1
AMZN,2023-05-08,0.3751405271112003,0.055918905845605285,0.5689405406692302,0.1938000135580299,-0.1938000135580299,5,1
AMZN,2023-05-09,0.15857524762111508,0.09974508206178435,0.7416796777109427,0.5831044300898276,-0.5831044300898276,5,1
AMZN,2023-05-10,0.5873191471840623,0.045679808218769914,0.3670010718366483,0.220318075347414,0.220318075347414,5,1
AMZN,2023-05-11,0.5656145852251161,0.043421878821860306,0.3909635046114586,0.17465108061365747,0.17465108061365747,5,1
AMZN,2023-05-12,0.011128611893431903,0.018200882039249168,0.9706705058615347,0.9595418939681027,-0.9595418939681027,5,1
AMZN,2023-05-15,0.5669691589351479,0.03510245394397903,0.39792841758913755,0.16904074134601033,0.16904074134601033,5,1
AMZN,2023-05-16,0.3776957679374427,0.0629770991299421,0.559327117600945,0.1816313496635023,-0.1816313496635023,5,1
AMZN,2023-05-17,0.3887053829209204,0.029610114621014382,0.5816845132152011,0.1929791302942807,-0.1929791302942807,5,1
AMZN,2023-05-18,0.8893533570142845,0.08757406615896196,0.02307258757956724,0.8662807694347173,0.8662807694347173,5,1
AMZN,2023-05-19,0.20405211853054708,0.032441013265277284,0.7635068576133309,0.5594547390827839,-0.5594547390827839,5,1
AMZN,2023-05-22,0.38347628748041296,0.02774940306393981,0.5887743144890233,0.20529802700861033,-0.20529802700861033,5,1
AMZN,2023-05-23,0.2720005507855804,0.10569055697775867,0.6223089019126484,0.35030835112706804,-0.35030835112706804,5,1
AMZN,2023-05-24,0.022217986525111446,0.02806522461178345,0.94971681186678,0.9274988253416686,-0.9274988253416686,5,1
AMZN,2023-05-25,0.6289596569187718,0.04514747129862941,0.32589286581691995,0.3030667911018518,0.3030667911018518,5,1
AMZN,2023-05-26,0.5564260817390023,0.03999747061714158,0.4035764608549587,0.15284962088404364,0.15284962088404364,5,1
AMZN,2023-05-30,0.7151085262584249,0.06816396716174301,0.21672746418925312,0.49838106206917177,0.49838106206917177,5,1
AMZN,2023-05-31,0.5606454235973946,0.03815977439799998,0.4011947940003698,0.15945062959702477,0.15945062959702477,5,1
AMZN,2023-06-01,0.37022054602894283,0.05382962083760407,0.5759498493901161,0.20572930336117323,-0.20572930336117323,5,1
AMZN,2023-06-02,0.012084971262938433,0.026259128676454767,0.9616559172298942,0.9495709459669558,-0.9495709459669558,5,1
AMZN,2023-06-05,0.6949376641660036,0.09776665109314875,0.20729569678171222,0.48764196738429133,0.48764196738429133,5,1
AMZN,2023-06-06,0.54799233158362,0.05718944486991115,0.39481825473608384,0.1531740768475362,0.1531740768475362,5,1
AMZN,2023-06-07,0.19151477219300397,0.020050350892781132,0.7884348567212532,0.5969200845282493,-0.5969200845282493,5,1
AMZN,2023-06-08,0.012071906177551406,0.019706543647247398,0.9682215336343096,0.9561496274567582,-0.9561496274567582,5,1
AMZN,2023-06-09,0.547380028415434,0.052176697742156705,0.4004432712602529,0.14693675715518106,0.14693675715518106,5,1
AMZN,2023-06-12,0.5581355622038845,0.037490262907416395,0.40437418984789403,0.15376137235599047,0.15376137235599047,5,1
AMZN,2023-06-13,0.7507133325480709,0.04120091893983396,0.20808575346872082,0.5426275790793501,0.5426275790793501,5,1
AMZN,2023-06-14,0.5783897510381819,0.04089783531303255,0.38071242117912535,0.19767732985905656,0.19767732985905656,5,1
AMZN,2023-06-15,0.35375775319914754,0.04744845237553875,0.5987937590385382,0.2450360058393906,-0.2450360058393906,5,1
AMZN,2023-06-16,0.022080548428623996,0.02103956268058162,0.9568799089868436,0.9347993605582197,-0.9347993605582197,5,1
AMZN,2023-06-20,0.5157147905410098,0.06152213053034198,0.42276307097996596,0.09295171956104381,0.09295171956104381,5,1
AMZN,2023-06-21,0.36087225696463654,0.04688034933635681,0.5922473658753733,0.23137510891073676,-0.23137510891073676,5,1
AMZN,2023-06-22,0.38247737783467717,0.021995070860561693,0.5955275595397935,0.21305018170511636,-0.21305018170511636,5,1
AMZN,2023-06-23,0.1930089574892279,0.04715430843353088,0.7598367167547817,0.5668277592655538,-0.5668277592655538,5,1
AMZN,2023-06-26,0.3598736734934507,0.07628163958432001,0.5638446586109862,0.20397098511753553,-0.20397098511753553,5,1
AMZN,2023-06-27,0.7468243367813376,0.037548052742886466,0.215627624371189,0.5311967124101487,0.5311967124101487,5,1
AMZN,2023-06-28,0.38572947932561213,0.047991378148175654,0.5662791757795937,0.1805496964539816,-0.1805496964539816,5,1
AMZN,2023-06-29,0.5597024641443769,0.045189743835364206,0.3951077902554138,0.16459467388896304,0.16459467388896304,5,1
AMZN,2023-06-30,0.7537498175372417,0.03542239961848367,0.21082777485323684,0.5429220426840049,0.5429220426840049,5,1
AMZN,2023-07-03,0.5611283414276401,0.02608275836680452,0.41278889458686,0.1483394468407801,0.1483394468407801,5,1
AMZN,2023-07-05,0.3729065157520506,0.03143190380111354,0.5956615360076785,0.22275502025562788,-0.22275502025562788,5,1
AMZN,2023-07-06,0.39342504480949886,0.03985227968806858,0.5667226945104408,0.1732976497009419,-0.1732976497009419,5,1
AMZN,2023-07-07,0.5628463448084869,0.03458179909706112,0.4025718670552285,0.16027447775325843,0.16027447775325843,5,1
AMZN,2023-07-10,0.7376258846981147,0.05206491836339152,0.21030915913701587,0.5273167255610989,0.5273167255610989,5,1
AMZN,2023-07-11,0.5724492346806156,0.0275777478224103,0.3999730103965115,0.17247622428410408,0.17247622428410408,5,1
AMZN,2023-07-12,0.01402494023915065,0.021991895940046025,0.9639831456169162,0.9499582053777655,-0.9499582053777655,5,1
AMZN,2023-07-13,0.3824966426156986,0.03105197607826696,0.5864513850099863,0.20395474239428768,-0.20395474239428768,5,1
AMZN,2023-07-14,0.7392243487393627,0.043347619872400524,0.21742804286015593,0.5217963058792068,0.5217963058792068,5,1
AMZN,2023-07-17,0.3929155949167709,0.03142938458799168,0.5756550594191788,0.1827394645024079,-0.1827394645024079,5,1
AMZN,2023-07-18,0.7594913046112295,0.03490918175405242,0.20559953198841938,0.5538917726228101,0.5538917726228101,5,1
AMZN,2023-07-19,0.2117013910647156,0.05286400337893174,0.7354346320079032,0.5237332409431875,-0.5237332409431875,5,1
AMZN,2023-07-20,0.9094841524079402,0.06547315741944734,0.02504270842356084,0.8844414439843794,0.8844414439843794,5,1
AMZN,2023-07-21,0.5703013922576915,0.0391035320357574,0.3905950559720735,0.179706336285618,0.179706336285618,5,1
AMZN,2023-07-24,0.38110007715322797,0.03519814334554214,0.5837017899989191,0.20260171284569112,-0.20260171284569112,5,1
AMZN,2023-07-25,0.4893281255886148,0.1576377935483457,0.3530340560547085,0.13629406953390633,0.13629406953390633,5,1
AMZN,2023-07-26,0.00895781799346233,0.019491241606901306,0.9715509239419028,0.9625931059484405,-0.9625931059484405,5,1
AMZN,2023-07-27,0.3522602268160421,0.06298991822185833,0.584749878479631,0.23248965166358893,-0.23248965166358893,5,1
AMZN,2023-07-28,0.5601932734315419,0.051968795517885254,0.38783794653935855,0.17235532689218336,0.17235532689218336,5,1
AMZN,2023-07-31,0.19940833185638718,0.02215597331745462,0.7784357045105144,0.5790273726541272,-0.5790273726541272,5,1
AMZN,2023-08-01,0.009791419759986294,0.016244576043474814,0.9739640013407468,0.9641725815807605,-0.9641725815807605,5,1
AMZN,2023-08-02,0.19051273412967068,0.057779676196826446,0.7517075713255806,0.5611948371959099,-0.5611948371959099,5,1
AMZN,2023-08-03,0.012531140887180452,0.0165460573948125,0.9709228164434492,0.9583916755562688,-0.9583916755562688,5,1
AMZN,2023-08-04,0.010934674393400824,0.015811426916783188,0.9732539081896396,0.9623192337962388,-0.9623192337962388,5,1
AMZN,2023-08-07,0.010788749662453478,0.024323391144846707,0.9648878674441362,0.9540991177816828,-0.9540991177816828,5,1
AMZN,2023-08-08,0.3865074414845874,0.026823444025816465,0.5866691093925002,0.2001616679079128,-0.2001616679079128,5,1
AMZN,2023-08-09,0.5361651658410569,0.0730671013271842,0.39076776004607366,0.14539740579498323,0.14539740579498323,5,1
AMZN,2023-08-10,0.7583695846927545,0.033946508697229406,0.20768391825896623,0.5506856664337882,0.5506856664337882,5,1
AMZN,2023-08-11,0.3823504934845391,0.030229764543023622,0.5874197267276701,0.20506923324313098,-0.20506923324313098,5,1
AMZN,2023-08-14,0.5669966974949852,0.028652805428107154,0.4043505253922504,0.16264617210273474,0.16264617210273474,5,1
AMZN,2023-08-15,0.5627592139434244,0.02715257428377506,0.41008818618997583,0.1526710277534486,0.1526710277534486,5,1
AMZN,2023-08-16,0.5425171571965752,0.051145943643330256,0.4063368751726096,0.13618028202396565,0.13618028202396565,5,1
AMZN,2023-08-17,0.197989364041004,0.02499683447119396,0.7770137939643259,0.5790244299233219,-0.5790244299233219,5,1
AMZN,2023-08-18,0.7557261217475234,0.032630787099060775,0.21164309386837635,0.5440830278791471,0.5440830278791471,5,1
AMZN,2023-08-21,0.38802578463882237,0.03136945583143401,0.5806047556640916,0.19257897102526927,-0.19257897102526927,5,1
AMZN,2023-08-22,0.3664718478888365,0.05156034556397548,0.5819678146459918,0.21549596675715527,-0.21549596675715527,5,1
AMZN,2023-08-23,0.5696954970152822,0.03470387790644963,0.3956006235572196,0.17409487345806263,0.17409487345806263,5,1
AMZN,2023-08-24,0.5723808050493009,0.028605542536543307,0.3990136772822077,0.17336712776709318,0.17336712776709318,5,1
AMZN,2023-08-25,0.9389505635064294,0.04419811294059687,0.01685134668574174,0.9220992168206876,0.9220992168206876,5,1
AMZN,2023-08-28,0.9393404695241909,0.044546060252005776,0.016113442152679503,0.9232270273715114,0.9232270273715114,5,1
AMZN,2023-08-29,0.38483408301551675,0.025694217580162826,0.5894717345732473,0.20463765155773056,-0.20463765155773056,5,1
AMZN,2023-08-30,0.5683543512898689,0.030755728690265507,0.4008899296667696,0.16746442162309927,0.16746442162309927,5,1
AMZN,2023-08-31,0.20261526596656676,0.02385723824781097,0.773527494061511,0.5709122280949442,-0.5709122280949442,5,1
AMZN,2023-09-01,0.9492684221504479,0.02847661160606887,0.022254999864778347,0.9270134222856696,0.9270134222856696,5,1
AMZN,2023-09-05,0.34690344041844806,0.05392629171398185,0.5991702665897569,0.25226682617130886,-0.25226682617130886,5,1
AMZN,2023-09-06,0.37792320284658104,0.023250741051282345,0.5988260784477688,0.22090287560118776,-0.22090287560118776,5,1
AMZN,2023-09-07,0.3050712673507923,0.27870257316828445,0.41622609750724354,0.11115483015645122,-0.11115483015645122,5,1
AMZN,2023-09-08,0.37576571643605694,0.04008177671620465,0.584152514893986,0.20838679845792907,-0.20838679845792907,5,1
AMZN,2023-09-11,0.9308355188508529,0.04021544499075321,0.028949074053189357,0.9018864447976636,0.9018864447976636,5,1
AMZN,2023-09-12,0.011161951657787371,0.014703480336263997,0.9741346092410142,0.9629726575832269,-0.9629726575832269,5,1
AMZN,2023-09-13,0.7084040588030205,0.11031168078905439,0.1812842646501772,0.5271197941528433,0.5271197941528433,5,1
AMZN,2023-09-14,0.5693873961755302,0.035473477869037304,0.3951391477854309,0.17424824839009934,0.17424824839009934,5,1
AMZN,2023-09-15,0.00841099530604169,0.017762820919932924,0.9738262007958547,0.965415205489813,-0.965415205489813,5,1
AMZN,2023-09-18,0.6943800543111154,0.07662119288030557,0.2289987458912906,0.4653813084198248,0.4653813084198248,5,1
AMZN,2023-09-19,0.01403654119013995,0.019287697684934067,0.9666757858440976,0.9526392446539577,-0.9526392446539577,5,1
AMZN,2023-09-20,0.7504826134512854,0.03299606217813976,0.21652131339761857,0.5339613000536668,0.5339613000536668,5,1
AMZN,2023-09-21,0.010655152676076968,0.017144581819007975,0.9722002325890382,0.9615450799129612,-0.9615450799129612,5,1
AMZN,2023-09-22,0.37889541567253776,0.02362369755914518,0.5974808536123195,0.21858543793978175,-0.21858543793978175,5,1
AMZN,2023-09-25,0.5762680304370206,0.024220216323129744,0.3995117372330129,0.17675629320400765,0.17675629320400765,5,1
AMZN,2023-09-26,0.01025572317130887,0.017262088169466137,0.9724822064663305,0.9622264832950217,-0.9622264832950217,5,1
AMZN,2023-09-27,0.1988004507722265,0.026919722817098327,0.7742798606690278,0.5754794098968012,-0.5754794098968012,5,1
AMZN,2023-09-28,0.20237541616217403,0.02530057434751252,0.7723240025365748,0.5699485863744008,-0.5699485863744008,5,1
AMZN,2023-09-29,0.010310042971100206,0.02256721078601327,0.9671227499586422,0.9568127069875421,-0.9568127069875421,5,1
AMZN,2023-10-02,0.38283222701227076,0.022373570163742952,0.5947941541835243,0.21196192717125356,-0.21196192717125356,5,1
AMZN,2023-10-03,0.010551802837358992,0.016805097278445456,0.9726430990165708,0.9620912961792117,-0.9620912961792117,5,1
AMZN,2023-10-04,0.011964050393958522,0.024655774917639317,0.9633801715905943,0.9514161211966358,-0.9514161211966358,5,1
AMZN,2023-10-05,0.38096826614663215,0.02046077079744875,0.5985709564695183,0.21760269032288615,-0.21760269032288615,5,1
AMZN,2023-10-06,0.19266320131635503,0.02552698798352661,0.7818098288716054,0.5891466275552504,-0.5891466275552504,5,1
AMZN,2023-10-09,0.01349528417330731,0.018820271411217736,0.967684453952825,0.9541891697795177,-0.9541891697795177,5,1
AMZN,2023-10-10,0.5392881284031165,0.04531849045713982,0.41539341148928305,0.12389471691383341,0.12389471691383341,5,1
AMZN,2023-10-11,0.9460971044432708,0.036822971593705664,0.01707989997056907,0.9290172044727018,0.9290172044727018,5,1
AMZN,2023-10-12,0.7358696325514841,0.046571118539802815,0.21755925770819576,0.5183103748432883,0.5183103748432883,5,1
AMZN,2023-10-13,0.3776050271526885,0.033704411929438356,0.588690564906791,0.21108553775410244,-0.21108553775410244,5,1
AMZN,2023-10-16,0.5756188983306463,0.1097562966429323,0.31462481548636034,0.26099408284428594,0.26099408284428594,5,1
AMZN,2023-10-17,0.37317759914560816,0.031146131141150116,0.5956762462462193,0.22249864710061112,-0.22249864710061112,5,1
AMZN,2023-10-18,0.0,0.0,0.0,0.0,0.0,0,0
AMZN,2023-10-19,0.39715084069310014,0.2573752087055399,0.3454739285305329,0.05167691216256726,0.05167691216256726,5,1
AMZN,2023-10-20,0.0,0.0,0.0,0.0,0.0,0,0
AMZN,2023-10-23,0.0,0.0,0.0,0.0,0.0,0,0
AMZN,2023-10-24,0.7524394766714239,0.02653657966620173,0.2210239323830501,0.5314155442883738,0.5314155442883738,5,1
AMZN,2023-10-25,0.0,0.0,0.0,0.0,0.0,0,0
AMZN,2023-10-26,0.013542473751974465,0.0171126546787324,0.9693448868993751,0.9558024131474007,-0.9558024131474007,5,1
AMZN,2023-10-27,0.7644268401179523,0.02531201430937277,0.21026112763182833,0.5541657124861239,0.5541657124861239,5,1
AMZN,2023-10-30,0.5500780577270373,0.03797499310827517,0.4119469523431681,0.13813110538386925,0.13813110538386925,5,1
AMZN,2023-10-31,0.5589267735941471,0.033855460892607325,0.40721776840757207,0.15170900518657504,0.15170900518657504,5,1
AMZN,2023-11-01,0.8828829080090035,0.08734447363221685,0.029772605403867468,0.853110302605136,0.853110302605136,5,1
AMZN,2023-11-02,0.5506992841119946,0.09952239664975285,0.3497783192724309,0.20092096483956373,0.20092096483956373,5,1
AMZN,2023-11-03,0.7500697903013703,0.04056228878530572,0.2093679019480562,0.5407018883533141,0.5407018883533141,5,1
AMZN,2023-11-06,0.6911992463767718,0.24875975639553458,0.06004099542894925,0.6311582509478225,0.6311582509478225,5,1
AMZN,2023-11-07,0.4049737395557697,0.24633758453332508,0.3486886722546452,0.05628506730112448,0.05628506730112448,5,1
AMZN,2023-11-08,0.5456358242798158,0.31254047178443645,0.14182371448892586,0.40381210979089,0.40381210979089,3,1
AMZN,2023-11-09,0.3990952398382609,0.028634161519955684,0.5722706070680005,0.17317536722973959,-0.17317536722973959,5,1
AMZN,2023-11-10,0.5693076798437064,0.027211383812058922,0.4034809393907837,0.16582674045292273,0.16582674045292273,5,1
AMZN,2023-11-13,0.3677168628965704,0.032363400080956985,0.5999197201120411,0.23220285721547068,-0.23220285721547068,5,1
AMZN,2023-11-14,0.5682610471010643,0.035487120693571295,0.39625185301244875,0.17200919408861554,0.17200919408861554,5,1
AMZN,2023-11-15,0.02078608481480474,0.02568764364811407,0.9535262589541196,0.9327401741393149,-0.9327401741393149,5,1
AMZN,2023-11-16,0.01681054344578062,0.017547184093193644,0.9656422593869902,0.9488317159412096,-0.9488317159412096,5,1
AMZN,2023-11-17,0.38440348422490006,0.02309818820761167,0.5924983511333233,0.20809486690842321,-0.20809486690842321,5,1
AMZN,2023-11-20,0.39130327518354113,0.032461763054473666,0.5762349371023108,0.18493166191876964,-0.18493166191876964,5,1
AMZN,2023-11-21,0.7458796244054133,0.04028789359213977,0.21383251401984435,0.532047110385569,0.532047110385569,5,1
AMZN,2023-11-22,0.38015934988329186,0.03045794565822297,0.5893827200976899,0.20922337021439802,-0.20922337021439802,5,1
AMZN,2023-11-24,0.3772152268337663,0.03126598383006642,0.5915187807225496,0.2143035538887833,-0.2143035538887833,5,1
AMZN,2023-11-27,0.5707364118330868,0.03332572997881597,0.3959378863140853,0.1747985255190015,0.1747985255190015,5,1
AMZN,2023-11-28,0.9478814215267118,0.03517948883416401,0.016939090585864867,0.930942330940847,0.930942330940847,5,1
AMZN,2023-11-29,0.756990004350405,0.03837459212805593,0.20463542717975572,0.5523545771706493,0.5523545771706493,5,1
AMZN,2023-11-30,0.5561044824393235,0.06980686611313258,0.37408860358729656,0.18201587885202697,0.18201587885202697,5,1
AMZN,2023-12-01,0.9457878331490085,0.032149949582861534,0.02206221797004019,0.9237256151789683,0.9237256151789683,5,1
AMZN,2023-12-04,0.35142870171438845,0.05249985694521069,0.596071473381687,0.24464277166729853,-0.24464277166729853,5,1
AMZN,2023-12-05,0.012176610451787601,0.01711525607675495,0.9707081459990966,0.958531535547309,-0.958531535547309,5,1
AMZN,2023-12-06,0.3791710536458932,0.020160618156275498,0.6006683288251301,0.2214972751792369,-0.2214972751792369,5,1
AMZN,2023-12-07,0.7400498004568316,0.04335686108982432,0.21659334158685856,0.523456458869973,0.523456458869973,5,1
AMZN,2023-12-08,0.9450330547527881,0.03843776017984178,0.016529219821102847,0.9285038349316852,0.9285038349316852,5,1
AMZN,2023-12-11,0.19310463234893802,0.027428220074547392,0.7794671546330109,0.5863625222840728,-0.5863625222840728,5,1
AMZN,2023-12-12,0.9223091373560715,0.06115236230292801,0.016538498961217774,0.9057706383948537,0.9057706383948537,5,1
AMZN,2023-12-13,0.7339902513168078,0.05681555004702986,0.20919416216811898,0.5247960891486889,0.5247960891486889,5,1
AMZN,2023-12-14,0.5862618667531576,0.1694002452850267,0.24433790865026836,0.3419239581028892,0.3419239581028892,5,1
AMZN,2023-12-15,0.014141876906241111,0.025398812890348316,0.9604593002279248,0.9463174233216837,-0.9463174233216837,5,1
AMZN,2023-12-18,0.0,0.0,0.0,0.0,0.0,0,0
AMZN,2023-12-19,0.0,0.0,0.0,0.0,0.0,0,0
AMZN,2023-12-20,0.0,0.0,0.0,0.0,0.0,0,0
AMZN,2023-12-21,0.0,0.0,0.0,0.0,0.0,0,0
AMZN,2023-12-22,0.0,0.0,0.0,0.0,0.0,0,0
AMZN,2023-12-26,0.0,0.0,0.0,0.0,0.0,0,0
AMZN,2023-12-27,0.0,0.0,0.0,0.0,0.0,0,0
AMZN,2023-12-28,0.0,0.0,0.0,0.0,0.0,0,0
AMZN,2023-12-29,0.0,0.0,0.0,0.0,0.0,0,0
AMZN,2024-01-02,0.0,0.0,0.0,0.0,0.0,0,0
AMZN,2024-01-03,0.0,0.0,0.0,0.0,0.0,0,0
AMZN,2024-01-04,0.0,0.0,0.0,0.0,0.0,0,0
AMZN,2024-01-05,0.0,0.0,0.0,0.0,0.0,0,0
AMZN,2024-01-08,0.0,0.0,0.0,0.0,0.0,0,0
AMZN,2024-01-09,0.0,0.0,0.0,0.0,0.0,0,0
AMZN,2024-01-10,0.0,0.0,0.0,0.0,0.0,0,0
AMZN,2024-01-11,0.0,0.0,0.0,0.0,0.0,0,0
AMZN,2024-01-12,0.0,0.0,0.0,0.0,0.0,0,0
AMZN,2024-01-16,0.0,0.0,0.0,0.0,0.0,0,0
AMZN,2024-01-17,0.0,0.0,0.0,0.0,0.0,0,0
AMZN,2024-01-18,0.0,0.0,0.0,0.0,0.0,0,0
AMZN,2024-01-19,0.0,0.0,0.0,0.0,0.0,0,0
AMZN,2024-01-22,0.0,0.0,0.0,0.0,0.0,0,0
AMZN,2024-01-23,0.0,0.0,0.0,0.0,0.0,0,0
AMZN,2024-01-24,0.0,0.0,0.0,0.0,0.0,0,0
AMZN,2024-01-25,0.0,0.0,0.0,0.0,0.0,0,0
AMZN,2024-01-26,0.0,0.0,0.0,0.0,0.0,0,0
AMZN,2024-01-29,0.0,0.0,0.0,0.0,0.0,0,0
AMZN,2024-01-30,0.0,0.0,0.0,0.0,0.0,0,0
AMZN,2024-01-31,0.0,0.0,0.0,0.0,0.0,0,0
AMZN,2024-02-01,0.0,0.0,0.0,0.0,0.0,0,0
AMZN,2024-02-02,0.0,0.0,0.0,0.0,0.0,0,0
AMZN,2024-02-05,0.0,0.0,0.0,0.0,0.0,0,0
AMZN,2024-02-06,0.0,0.0,0.0,0.0,0.0,0,0
AMZN,2024-02-07,0.0,0.0,0.0,0.0,0.0,0,0
AMZN,2024-02-08,0.0,0.0,0.0,0.0,0.0,0,0
AMZN,2024-02-09,0.0,0.0,0.0,0.0,0.0,0,0
AMZN,2024-02-12,0.0,0.0,0.0,0.0,0.0,0,0
AMZN,2024-02-13,0.0,0.0,0.0,0.0,0.0,0,0
AMZN,2024-02-14,0.0,0.0,0.0,0.0,0.0,0,0
AMZN,2024-02-15,0.0,0.0,0.0,0.0,0.0,0,0
AMZN,2024-02-16,0.0,0.0,0.0,0.0,0.0,0,0
AMZN,2024-02-20,0.0,0.0,0.0,0.0,0.0,0,0
AMZN,2024-02-21,0.0,0.0,0.0,0.0,0.0,0,0
AMZN,2024-02-22,0.0,0.0,0.0,0.0,0.0,0,0
AMZN,2024-02-23,0.0,0.0,0.0,0.0,0.0,0,0
AMZN,2024-02-26,0.0,0.0,0.0,0.0,0.0,0,0
AMZN,2024-02-27,0.0,0.0,0.0,0.0,0.0,0,0
AMZN,2024-02-28,0.0,0.0,0.0,0.0,0.0,0,0
AMZN,2024-02-29,0.0,0.0,0.0,0.0,0.0,0,0
AMZN,2024-03-01,0.0,0.0,0.0,0.0,0.0,0,0
AMZN,2024-03-04,0.0,0.0,0.0,0.0,0.0,0,0
AMZN,2024-03-05,0.0,0.0,0.0,0.0,0.0,0,0
AMZN,2024-03-06,0.0,0.0,0.0,0.0,0.0,0,0
AMZN,2024-03-07,0.0,0.0,0.0,0.0,0.0,0,0
AMZN,2024-03-08,0.0,0.0,0.0,0.0,0.0,0,0
BA,2020-03-16,0.1798989266369191,0.05529335361751046,0.7648077238250869,0.5849087971881678,-0.5849087971881678,5,1
BA,2020-03-17,0.022327227003869618,0.05420332277899749,0.92346944692072,0.9011422199168504,-0.9011422199168504,5,1
BA,2020-03-18,0.012541742521487521,0.025550561903800628,0.961907681552286,0.9493659390307985,-0.9493659390307985,5,1
BA,2020-03-19,0.1605828041584407,0.09280814093474364,0.7466090716616617,0.586026267503221,-0.586026267503221,5,1
BA,2020-03-20,0.02659242561903164,0.0564748845679543,0.9169326984817986,0.890340272862767,-0.890340272862767,5,1
BA,2020-03-23,0.01971137020621284,0.09025694222306815,0.8900316523421237,0.8703202821359108,-0.8703202821359108,5,1
BA,2020-03-24,0.2011685588115295,0.040740944512530144,0.7580905137341947,0.5569219549226652,-0.5569219549226652,5,1
BA,2020-03-25,0.17437224488556016,0.04568313319405363,0.7799446076595355,0.6055723627739754,-0.6055723627739754,5,1
BA,2020-03-26,0.02856920289123413,0.04203253175620465,0.9293982569157058,0.9008290540244717,-0.9008290540244717,5,1
BA,2020-03-27,0.018261078742123616,0.04053731128355465,0.9412015842613994,0.9229405055192759,-0.9229405055192759,5,1
BA,2020-03-30,0.0411186827384342,0.1807155790419056,0.7781657815938167,0.7370470988553824,-0.7370470988553824,5,1
BA,2020-03-31,0.0393519354666675,0.09430160653992449,0.8663464642260399,0.8269945287593724,-0.8269945287593724,5,1
BA,2020-04-01,0.017736273460097582,0.03029247800210681,0.9519712385338133,0.9342349650737157,-0.9342349650737157,5,1
BA,2020-04-02,0.020420868895522422,0.03933847205051211,0.9402406585536678,0.9198197896581454,-0.9198197896581454,5,1
BA,2020-04-03,0.018111754353739098,0.019655615988459465,0.9622326062365786,0.9441208518828395,-0.9441208518828395,5,1
BA,2020-04-06,0.01117218130551144,0.033145630036463876,0.9556821820395687,0.9445100007340572,-0.9445100007340572,5,1
BA,2020-04-07,0.012155498123439634,0.03827148336638412,0.9495730443293307,0.937417546205891,-0.937417546205891,5,1
BA,2020-04-08,0.014561620537326594,0.03294993134914319,0.9524884464774598,0.9379268259401332,-0.9379268259401332,5,1
BA,2020-04-09,0.020673558073274683,0.03705980765346991,0.9422666420669044,0.9215930839936297,-0.9215930839936297,5,1
BA,2020-04-13,0.7930533947664773,0.1589023597011085,0.04804424663189048,0.7450091481345869,0.7450091481345869,3,1
BA,2020-04-14,0.013949552098255769,0.02142474447806922,0.9646257136831777,0.950676161584922,-0.950676161584922,5,1
BA,2020-04-15,0.010031517660808295,0.032346309248448245,0.957622161081842,0.9475906434210336,-0.9475906434210336,3,1
BA,2020-04-16,0.010163792178370481,0.018291812544348945,0.9715443994285586,0.9613806072501881,-0.9613806072501881,5,1
BA,2020-04-17,0.38234710297969904,0.02897759180829941,0.5886752717799069,0.20632816880020782,-0.20632816880020782,5,1
BA,2020-04-20,0.1992148307043616,0.02778325100421681,0.7730019136796774,0.5737870829753158,-0.5737870829753158,5,1
BA,2020-04-21,0.3587643265854459,0.06871397199456582,0.5725217113513935,0.21375738476594763,-0.21375738476594763,5,1
BA,2020-04-22,0.3153635860985465,0.16441031988874802,0.5202260860354199,0.2048624999368734,-0.2048624999368734,5,1
BA,2020-04-23,0.11474404695404487,0.13067242113485342,0.7545834965755075,0.6398394496214627,-0.6398394496214627,5,1
BA,2020-04-24,0.011322463713989967,0.013623701319629233,0.9750538229669544,0.9637313592529645,-0.9637313592529645,5,1
BA,2020-04-27,0.012060059185325989,0.021053101458562762,0.9668868731875268,0.9548268140022007,-0.9548268140022007,5,1
BA,2020-04-28,0.18040951695767335,0.043313382689677646,0.7762771149983896,0.5958675980407162,-0.5958675980407162,5,1
BA,2020-04-29,0.009385308157303533,0.01628408446850301,0.9743306435352264,0.9649453353779228,-0.9649453353779228,5,1
BA,2020-04-30,0.19602334334377627,0.040440651148704904,0.7635359913184436,0.5675126479746674,-0.5675126479746674,5,1
BA,2020-05-01,0.010601677889809182,0.020038076715857854,0.9693602588115282,0.9587585809217191,-0.9587585809217191,5,1
BA,2020-05-04,0.0090271807707136,0.020970278268348883,0.970002546727504,0.9609753659567903,-0.9609753659567903,5,1
BA,2020-05-05,0.18080360280461355,0.03943288874420383,0.7797635203249574,0.5989599175203439,-0.5989599175203439,5,1
BA,2020-05-06,0.49156959001305783,0.12533739174872768,0.38309301121185446,0.10847657880120337,0.10847657880120337,5,1
BA,2020-05-07,0.032504146950608305,0.03619155106166136,0.9313042971510271,0.8988001502004188,-0.8988001502004188,5,1
BA,2020-05-08,0.020368161951933996,0.024826495328232164,0.9548053559272074,0.9344371939752734,-0.9344371939752734,5,1
BA,2020-05-11,0.3622709844891441,0.041016815256148316,0.5967121903632467,0.23444120587410266,-0.23444120587410266,5,1
BA,2020-05-12,0.012636580802511233,0.044499014109082594,0.9428643899309875,0.9302278091284764,-0.9302278091284764,5,1
BA,2020-05-13,0.022288206836360097,0.09816529138670516,0.8795464925856403,0.8572582857492802,-0.8572582857492802,5,1
BA,2020-05-14,0.02211988304355917,0.03102577633792847,0.9468543682968031,0.924734485253244,-0.924734485253244,5,1
BA,2020-05-15,0.01116134649132247,0.017980311124072702,0.9708583317661916,0.9596969852748691,-0.9596969852748691,5,1
BA,2020-05-18,0.2732040948875199,0.08331411934880258,0.6434817551075365,0.37027766022001657,-0.37027766022001657,5,1
BA,2020-05-19,0.6480011876129012,0.06881260038208079,0.283186169079439,0.36481501853346215,0.36481501853346215,5,1
BA,2020-05-20,0.009810430412209085,0.018511928794763814,0.971677670690032,0.9618672402778229,-0.9618672402778229,2,1
BA,2020-05-21,0.10270368344905796,0.05429418979138702,0.8430021553945504,0.7402984719454924,-0.7402984719454924,5,1
BA,2020-05-22,0.13304447600844682,0.286622372120698,0.5803331383555558,0.44728866234710896,-0.44728866234710896,3,1
BA,2020-05-26,0.584484731603908,0.15137698696052249,0.26413828946057055,0.32034644214333746,0.32034644214333746,5,1
BA,2020-05-27,0.010817426947158475,0.02163701467317992,0.967545581778179,0.9567281548310205,-0.9567281548310205,5,1
BA,2020-05-28,0.013299085528549836,0.019006635127004217,0.9676942839634286,0.9543951984348787,-0.9543951984348787,5,1
BA,2020-05-29,0.2467523290431482,0.055509743073310275,0.6977379272647068,0.45098559822155865,-0.45098559822155865,5,1
BA,2020-06-01,0.37019364329938503,0.025061586002948544,0.6047448088409242,0.23455116554153915,-0.23455116554153915,5,1
BA,2020-06-02,0.2782938351856177,0.14016988363435393,0.581536273406986,0.3032424382213683,-0.3032424382213683,5,1
BA,2020-06-03,0.1978836416477393,0.034212693708049476,0.7679036492202123,0.570020007572473,-0.570020007572473,5,1
BA,2020-06-04,0.36121596537604284,0.0473953143884376,0.5913887096666284,0.23017274429058554,-0.23017274429058554,5,1
BA,2020-06-05,0.38050236258144965,0.026163514632043125,0.593334147731393,0.2128317851499434,-0.2128317851499434,5,1
BA,2020-06-08,0.37814385085699687,0.026928833118697832,0.5949273115545135,0.21678346069751664,-0.21678346069751664,5,1
BA,2020-06-09,0.0122251493959108,0.017697608210595288,0.9700772485014636,0.9578520991055528,-0.9578520991055528,5,1
BA,2020-06-10,0.009450802890262634,0.02060810313656782,0.9699411124075616,0.960490309517299,-0.960490309517299,5,1
BA,2020-06-11,0.010595145455688534,0.017343568747979328,0.9720612783576069,0.9614661329019184,-0.9614661329019184,5,1
BA,2020-06-12,0.21168126462384776,0.06755719788293875,0.720761541462584,0.5090802768387362,-0.5090802768387362,5,1
BA,2020-06-15,0.2133282077539833,0.049975465762679847,0.7366963540412618,0.5233681462872785,-0.5233681462872785,4,1
BA,2020-06-16,0.7583579155546305,0.03088352031392209,0.2107585697280371,0.5475993458265934,0.5475993458265934,5,1
BA,2020-06-17,0.29782237056720773,0.09454503476272134,0.6076325990144724,0.3098102284472647,-0.3098102284472647,4,1
BA,2020-06-18,0.026208335096352675,0.10539081109307749,0.8684008519292723,0.8421925168329196,-0.8421925168329196,5,1
BA,2020-06-19,0.7019823096546278,0.2850952194504369,0.012922453306888185,0.6890598563477396,0.6890598563477396,2,1
BA,2020-06-22,0.03807618094428109,0.019884183447965987,0.9420396272475893,0.9039634463033082,-0.9039634463033082,2,1
BA,2020-06-23,0.025936374496519796,0.020898448223422107,0.9531651649646322,0.9272287904681125,-0.9272287904681125,5,1
BA,2020-06-24,0.010780136788793472,0.03845721668962921,0.9507626480545699,0.9399825112657764,-0.9399825112657764,5,1
BA,2020-06-25,0.19305699384352748,0.02526955972222093,0.7816734462327252,0.5886164523891977,-0.5886164523891977,5,1
BA,2020-06-26,0.024217827381667355,0.02309789028962456,0.952684289329591,0.9284664619479237,-0.9284664619479237,5,1
BA,2020-06-29,0.39213626364270354,0.022253478750626134,0.5856102730155459,0.19347400937284237,-0.19347400937284237,5,1
BA,2020-06-30,0.010722866371274807,0.016698919188877254,0.9725782118046132,0.9618553454333384,-0.9618553454333384,5,1
BA,2020-07-01,0.32938290160779193,0.08449638319884861,0.5861207269374092,0.2567378253296173,-0.2567378253296173,5,1
BA,2020-07-02,0.011807269361158614,0.034891493924998795,0.9533012547620664,0.9414939854009078,-0.9414939854009078,5,1
BA,2020-07-06,0.20138333392498423,0.03207277301229821,0.7665438745799116,0.5651605406549274,-0.5651605406549274,5,1
BA,2020-07-07,0.01757286819815864,0.02611198692885565,0.956315135565212,0.9387422673670534,-0.9387422673670534,5,1
BA,2020-07-08,0.18279359089009953,0.3202029322735884,0.49700350658767417,0.3142099156975746,-0.3142099156975746,2,1
BA,2020-07-09,0.010476234130270023,0.019636408186193652,0.9698873861137477,0.9594111519834777,-0.9594111519834777,3,1
BA,2020-07-10,0.18690861467160283,0.031400363057602694,0.7816910332804883,0.5947824186088855,-0.5947824186088855,5,1
BA,2020-07-13,0.3734874427318573,0.6164085865020752,0.010103913024067879,0.3633835297077894,0.3633835297077894,1,1
BA,2020-07-14,0.3971050401969076,0.16584435591095284,0.43705064485318657,0.039945604656278944,-0.039945604656278944,5,1
BA,2020-07-15,0.7980106462623114,0.18858450876377564,0.01340488506974817,0.7846057611925633,0.7846057611925633,2,1
BA,2020-07-16,0.8050880766156727,0.17904204164670492,0.015869905533124843,0.7892181710825479,0.7892181710825479,4,1
BA,2020-07-17,0.028006443944970604,0.061807236961499604,0.9101863108889376,0.882179866943967,-0.882179866943967,5,1
BA,2020-07-20,0.02289308814768817,0.11458583657668986,0.8625210950842959,0.8396280069366077,-0.8396280069366077,5,1
BA,2020-07-21,0.04881639308200636,0.04984502462071663,0.9013386002260215,0.8525222071440152,-0.8525222071440152,5,1
BA,2020-07-22,0.03390635596391799,0.034310750928648985,0.9317828833554089,0.8978765273914909,-0.8978765273914909,5,1
BA,2020-07-23,0.44946614531970136,0.13811822117785647,0.41241564033774664,0.037050504981954724,0.037050504981954724,5,1
BA,2020-07-24,0.014908382200547576,0.028680530379068526,0.9564110979742381,0.9415027157736905,-0.9415027157736905,5,1
BA,2020-07-27,0.6380556902113215,0.06477778607545827,0.2971665243663302,0.3408891658449913,0.3408891658449913,4,1
BA,2020-07-28,0.019217023016418793,0.04267927988488281,0.9381036773389139,0.9188866543224951,-0.9188866543224951,5,1
BA,2020-07-29,0.01016078015675542,0.016241327227840302,0.9735978682582692,0.9634370881015138,-0.9634370881015138,5,1
BA,2020-07-30,0.012352825608305756,0.02407667760835445,0.9635705143703692,0.9512176887620635,-0.9512176887620635,5,1
BA,2020-07-31,0.32299970819802687,0.04943171745823104,0.6275685617145139,0.30456885351648705,-0.30456885351648705,5,1
BA,2020-08-03,0.012492456814958568,0.019794360464736507,0.9677132007750684,0.9552207439601098,-0.9552207439601098,5,1
BA,2020-08-04,0.00974652729392404,0.01967926815281961,0.9705742260932815,0.9608276987993575,-0.9608276987993575,5,1
BA,2020-08-05,0.2235063888979589,0.04814784478567644,0.7283457831466683,0.5048393942487094,-0.5048393942487094,5,1
BA,2020-08-06,0.022437037510008122,0.1804857835549139,0.7970771961615568,0.7746401586515487,-0.7746401586515487,3,1
BA,2020-08-07,0.3115032921291052,0.08723060595590834,0.6012660875862303,0.28976279545712513,-0.28976279545712513,4,1
BA,2020-08-10,0.250068756044478,0.02366549874767719,0.7262657715872284,0.4761970155427504,-0.4761970155427504,4,1
BA,2020-08-11,0.013064373392339457,0.024630818025629293,0.9623048089898528,0.9492404355975134,-0.9492404355975134,5,1
BA,2020-08-12,0.05840091795923321,0.03234148501038858,0.9092576225763197,0.8508567046170865,-0.8508567046170865,4,1
BA,2020-08-13,0.0,0.0,0.0,0.0,0.0,0,0
BA,2020-08-14,0.23064704604919306,0.11939236102501953,0.6499606130184551,0.41931356696926203,-0.41931356696926203,5,1
BA,2020-08-17,0.45454721218497535,0.05897991418843688,0.4864728621580741,0.03192564997309877,-0.03192564997309877,3,1
BA,2020-08-18,0.23966478817196932,0.035211986509242746,0.7251232251485347,0.4854584369765653,-0.4854584369765653,4,1
BA,2020-08-19,0.2656947520705367,0.03759584084461839,0.6967093730052727,0.43101462093473597,-0.43101462093473597,5,1
BA,2020-08-20,0.5665656436291384,0.42332912839033027,0.010105246125450565,0.5564603975036878,0.5564603975036878,2,1
BA,2020-08-21,0.35499135181394315,0.23305477748440873,0.41195387277906864,0.056962520965125496,-0.056962520965125496,5,1
BA,2020-08-24,0.5609977172051483,0.10971615965944587,0.32928615067526623,0.23171156652988212,0.23171156652988212,5,1
BA,2020-08-25,0.021228698312948605,0.12769995830167677,0.8510713802658277,0.8298426819528791,-0.8298426819528791,3,1
BA,2020-08-26,0.2638977373388706,0.05467170682382135,0.6814305324674358,0.41753279512856517,-0.41753279512856517,5,1
BA,2020-08-27,0.7596944534124433,0.02921643214211074,0.21108914377671145,0.548605309635732,0.548605309635732,5,1
BA,2020-08-28,0.033062520019774014,0.12827502460355025,0.8386624773974614,0.8055999573776873,-0.8055999573776873,5,1
BA,2020-08-31,0.432368619479168,0.03115804909578746,0.536473352573741,0.10410473309457297,-0.10410473309457297,2,1
BA,2020-09-01,0.0,0.0,0.0,0.0,0.0,0,0
BA,2020-09-02,0.5171324710176426,0.26179550118689077,0.2210720261432771,0.2960604448743655,0.2960604448743655,3,1
BA,2020-09-03,0.015508107580591284,0.03485943131817911,0.9496324488708592,0.9341243412902679,-0.9341243412902679,2,1
BA,2020-09-04,0.20480544384487168,0.13492056421008558,0.6602739657710063,0.45546852192613463,-0.45546852192613463,3,1
BA,2020-09-08,0.009597168777525098,0.017810330936778692,0.9725924873736511,0.962995318596126,-0.962995318596126,5,1
BA,2020-09-09,0.028540423947771374,0.031653556308657904,0.9398060128081562,0.9112655888603849,-0.9112655888603849,5,1
BA,2020-09-10,0.051932901526872015,0.08766399813790883,0.860403110507607,0.808470208980735,-0.808470208980735,5,1
BA,2020-09-11,0.19521289674770026,0.13848073309333084,0.6663063802935231,0.4710934835458228,-0.4710934835458228,5,1
BA,2020-09-14,0.1362961935800798,0.04196011304305156,0.8217436769143731,0.6854474833342933,-0.6854474833342933,4,1
BA,2020-09-15,0.020815211073327976,0.09005234420923926,0.88913241895559,0.8683172078822621,-0.8683172078822621,5,1
BA,2020-09-16,0.022965561792353782,0.035497669502121396,0.9415367899767892,0.9185712281844355,-0.9185712281844355,5,1
BA,2020-09-17,0.029470356697311278,0.0569658688735165,0.9135637788943692,0.884093422197058,-0.884093422197058,5,1
BA,2020-09-18,0.30561141300283806,0.09338635006000601,0.601002249319726,0.29539083631688795,-0.29539083631688795,4,1
BA,2020-09-21,0.08375457324288195,0.21926808194514966,0.6969773399195964,0.6132227666767145,-0.6132227666767145,5,1
BA,2020-09-22,0.2815897349352735,0.20685514677806296,0.5115551184123341,0.22996538347706064,-0.22996538347706064,3,1
BA,2020-09-23,0.3904929459095001,0.5842328071594238,0.02527427300810814,0.365218672901392,0.365218672901392,1,1
BA,2020-09-24,0.03772314259771268,0.03141607255437733,0.9308607569436839,0.8931376143459712,-0.8931376143459712,5,1
BA,2020-09-25,0.02196091701079065,0.025962678124358003,0.9520764463167676,0.930115529305977,-0.930115529305977,5,1
BA,2020-09-28,0.944597988242979,0.02710895663015421,0.028293069760753388,0.9163049184822256,0.9163049184822256,5,1
BA,2020-09-29,0.4589630600391928,0.06128285093943811,0.4797541199861433,0.02079105994695052,-0.02079105994695052,3,1
BA,2020-09-30,0.21556413749146583,0.04764886074014188,0.7367870034538201,0.5212228659623542,-0.5212228659623542,5,1
BA,2020-10-01,0.3833511428870035,0.033884142594494134,0.5827647287446561,0.19941358585765262,-0.19941358585765262,5,1
BA,2020-10-02,0.16007210256326776,0.1275104643260589,0.7124174555234776,0.5523453529602098,-0.5523453529602098,3,1
BA,2020-10-05,0.269276754858811,0.1854659288334776,0.5452573096496964,0.27598055479088546,-0.27598055479088546,5,1
BA,2020-10-06,0.01903085376957708,0.0200347487724965,0.9609344025446986,0.9419035487751216,-0.9419035487751216,5,1
BA,2020-10-07,0.019630754238613296,0.033836265360001366,0.9465329582116208,0.9269022039730075,-0.9269022039730075,5,1
BA,2020-10-08,0.4939086398661029,0.33080593780352163,0.1752854566657952,0.3186231832003077,0.3186231832003077,4,1
BA,2020-10-09,0.2903933559730805,0.16139668638982904,0.5482099871223117,0.2578166311492312,-0.2578166311492312,3,1
BA,2020-10-12,0.12070839007771142,0.2017926186216027,0.6774990065256212,0.5567906164479098,-0.5567906164479098,5,1
BA,2020-10-13,0.01722558434439269,0.02117571257100026,0.9615987025918764,0.9443731182474837,-0.9443731182474837,5,1
BA,2020-10-14,0.3958052247254424,0.03649872980395372,0.5676960283623084,0.17189080363686599,-0.17189080363686599,4,1
BA,2020-10-15,0.656090060132469,0.17269133669151776,0.17121860719047122,0.48487145294199774,0.48487145294199774,5,1
BA,2020-10-16,0.3801346033463771,0.022411364515114034,0.5974540491060998,0.21731944575972267,-0.21731944575972267,5,1
BA,2020-10-19,0.231406909171095,0.09692930121748584,0.6716637964110612,0.44025688723996625,-0.44025688723996625,5,1
BA,2020-10-20,0.010832361099598167,0.06297151322476884,0.9261960826770731,0.9153637215774749,-0.9153637215774749,3,1
BA,2020-10-21,0.8155719596655425,0.14452528197688805,0.039902783878609474,0.7756691757869331,0.7756691757869331,2,1
BA,2020-10-22,0.37973702770300216,0.08880643867346702,0.5314565278538536,0.1517195001508514,-0.1517195001508514,5,1
BA,2020-10-23,0.6096049708429024,0.37752898171765653,0.01286602864098897,0.5967389422019135,0.5967389422019135,5,1
BA,2020-10-26,0.38806704699923095,0.046844502434028504,0.5650884255252485,0.17702137852601757,-0.17702137852601757,5,1
BA,2020-10-27,0.012136594601949222,0.03274274438885751,0.955120684424564,0.9429840898226147,-0.9429840898226147,5,1
BA,2020-10-28,0.011448560764140059,0.017375488520156673,0.9711759410900597,0.9597273803259196,-0.9597273803259196,5,1
BA,2020-10-29,0.17298066657736955,0.14778895531346783,0.6792303728839746,0.506249706306605,-0.506249706306605,5,1
BA,2020-10-30,0.14515012429850413,0.026413314707981004,0.8284365543583938,0.6832864300598896,-0.6832864300598896,5,1
BA,2020-11-02,0.09049367954043439,0.0940987505996813,0.8154075665167292,0.7249138869762948,-0.7249138869762948,5,1
BA,2020-11-03,0.02892985081196524,0.10328815313588398,0.8677819851757832,0.838852134363818,-0.838852134363818,5,1
BA,2020-11-04,0.45381935964470843,0.03045780604385756,0.5157228223014477,0.061903462656739294,-0.061903462656739294,3,1
BA,2020-11-05,0.3037671091740897,0.08774199045583908,0.6084909040942408,0.30472379492015106,-0.30472379492015106,5,1
BA,2020-11-06,0.027550816083195873,0.10020934263593363,0.8722398852259985,0.8446890691428026,-0.8446890691428026,5,1
BA,2020-11-09,0.37373386860684343,0.024221364412164804,0.6020447666836823,0.2283108980768389,-0.2283108980768389,5,1
BA,2020-11-10,0.014457920807672154,0.02723094733966842,0.9583111630487575,0.9438532422410854,-0.9438532422410854,5,1
BA,2020-11-11,0.9256213625485484,0.053832078826764725,0.020546550265573334,0.9050748122829751,0.9050748122829751,4,1
BA,2020-11-12,0.012973988104219642,0.017001316641605993,0.9700247080896959,0.9570507199854762,-0.9570507199854762,5,1
BA,2020-11-13,0.23618208850973324,0.08804699357156365,0.6757709211937827,0.43958883268404947,-0.43958883268404947,4,1
BA,2020-11-16,0.7666864698485771,0.03618735727275645,0.1971261237544493,0.5695603460941279,0.5695603460941279,5,1
BA,2020-11-17,0.28592249512765316,0.26882948706306425,0.44524798688587575,0.15932549175822258,-0.15932549175822258,4,1
BA,2020-11-18,0.3755895285758372,0.03181716109326175,0.5925933488545033,0.2170038202786661,-0.2170038202786661,5,1
BA,2020-11-19,0.1443052839860822,0.12060613763981094,0.7350886075064907,0.5907833235204085,-0.5907833235204085,5,1
BA,2020-11-20,0.28039104616480115,0.12839961165427233,0.5912093419410854,0.3108182957762843,-0.3108182957762843,5,1
BA,2020-11-23,0.8586962355367426,0.10792876402421642,0.03337499923075421,0.8253212363059883,0.8253212363059883,5,1
BA,2020-11-24,0.5798846746860754,0.03545307554922465,0.38466223575763797,0.19522243892843744,0.19522243892843744,5,1
BA,2020-11-25,0.5863605965959781,0.20775340435128695,0.20588596573570975,0.38047463086026834,0.38047463086026834,5,1
BA,2020-11-27,0.7353770718120075,0.0967093588834537,0.16791355845372274,0.5674635133582848,0.5674635133582848,5,1
BA,2020-11-30,0.3604332144367335,0.13069858658227054,0.5088682172409956,0.14843500280426214,-0.14843500280426214,4,1
BA,2020-12-01,0.5788603692653358,0.13980683826597598,0.2813328196004692,0.2975275496648666,0.2975275496648666,5,1
BA,2020-12-02,0.18309807902024708,0.027207431285671567,0.7896944889631772,0.6065964099429301,-0.6065964099429301,5,1
BA,2020-12-03,0.5850918071680344,0.03793267165605629,0.3769755050078363,0.20811630216019816,0.20811630216019816,5,1
BA,2020-12-04,0.20851264906583056,0.02463387140172322,0.76685347574046,0.5583408266746295,-0.5583408266746295,5,1
BA,2020-12-07,0.012808968606229688,0.04061383930275226,0.946577202973689,0.9337682343674593,-0.9337682343674593,5,1
BA,2020-12-08,0.018997803466295916,0.024109820066716824,0.9568923978966787,0.9378945944303828,-0.9378945944303828,5,1
BA,2020-12-09,0.39373449643242453,0.04173740071403069,0.5645280795253474,0.17079358309292292,-0.17079358309292292,5,1
BA,2020-12-10,0.7860752164578471,0.19010591027429444,0.023818851357181064,0.762256365100666,0.762256365100666,3,1
BA,2020-12-11,0.013441936656543247,0.028764535867413513,0.9577935243645037,0.9443515877079605,-0.9443515877079605,5,1
BA,2020-12-14,0.3242232164874234,0.04164617078724668,0.6341306337923516,0.30990741730492816,-0.30990741730492816,5,1
BA,2020-12-15,0.40636729360165347,0.14024873207627492,0.45338397701388394,0.047016683412230476,-0.047016683412230476,5,1
BA,2020-12-16,0.1724456977865711,0.0791375686111905,0.7484167261781421,0.5759710283915711,-0.5759710283915711,5,1
BA,2020-12-17,0.41061975298740494,0.18238869137576558,0.4069915712224468,0.0036281817649581605,0.0036281817649581605,5,1
BA,2020-12-18,0.1769123030122777,0.0372600706979539,0.7858276122994676,0.60891530928719,-0.60891530928719,5,1
BA,2020-12-21,0.21210931845648773,0.042877562381603784,0.7450130959515981,0.5329037774951104,-0.5329037774951104,5,1
BA,2020-12-22,0.7062358475532253,0.08082955031491622,0.21293459841486279,0.49330124913836254,0.49330124913836254,5,1
BA,2020-12-23,0.47587797952780064,0.15243640989972454,0.3716855967604375,0.10419238276736315,0.10419238276736315,5,1
BA,2020-12-24,0.11360644384446923,0.7569277617267582,0.1294657751145433,0.015859331270074065,-0.015859331270074065,5,1
BA,2020-12-28,0.05712091723723963,0.131627181304397,0.8112518935520767,0.754130976314837,-0.754130976314837,4,1
BA,2020-12-29,0.19718816011795354,0.04223485067234418,0.7605770090105562,0.5633888488926027,-0.5633888488926027,5,1
BA,2020-12-30,0.21388432032132648,0.24475268726528954,0.5413629543232811,0.3274786340019546,-0.3274786340019546,5,1
BA,2020-12-31,0.3713954930058915,0.06252078781337633,0.5660837041257417,0.19468821111985024,-0.19468821111985024,5,1
BA,2021-01-04,0.013581678574086856,0.025049090052837678,0.9613692363789667,0.9477875578048798,-0.9477875578048798,5,1
BA,2021-01-05,0.5218133120893154,0.0706423662350324,0.4075442890711388,0.11426902301817654,0.11426902301817654,5,1
BA,2021-01-06,0.44634110877837796,0.08678156827789435,0.4668773004925666,0.020536191714188634,-0.020536191714188634,3,1
BA,2021-01-07,0.019346525485814413,0.10449576403008604,0.8761576838448651,0.8568111583590508,-0.8568111583590508,2,1
BA,2021-01-08,0.014662148466344529,0.02119525032011611,0.9641426225002218,0.9494804740338773,-0.9494804740338773,5,1
BA,2021-01-11,0.010432437439453462,0.04058833029002372,0.9489792118836514,0.938546774444198,-0.938546774444198,5,1
BA,2021-01-12,0.3725332366565537,0.049458089080772406,0.5780086752732913,0.20547543861673756,-0.20547543861673756,5,1
BA,2021-01-13,0.2049385918448814,0.03592024250797663,0.7591411555219729,0.5542025636770915,-0.5542025636770915,5,1
BA,2021-01-14,0.19345055962979216,0.06769963090550803,0.7388498210397878,0.5453992614099956,-0.5453992614099956,5,1
BA,2021-01-15,0.2649467086349787,0.17295696272356806,0.5620963140369417,0.297149605401963,-0.297149605401963,5,1
BA,2021-01-19,0.7482076714463954,0.027321636525016624,0.22447066085344136,0.5237370105929541,0.5237370105929541,5,1
BA,2021-01-20,0.7953959527714944,0.17992758013760635,0.02467647108793586,0.7707194816835585,0.7707194816835585,5,1
BA,2021-01-21,0.5061394986214378,0.07260766995187791,0.4212528788002469,0.08488661982119089,0.08488661982119089,2,1
BA,2021-01-22,0.33614682760942943,0.09471832427713398,0.5691348366934476,0.23298800908401812,-0.23298800908401812,5,1
BA,2021-01-25,0.5955055366070819,0.07707501097389975,0.32741943498370746,0.2680861016233745,0.2680861016233745,4,1
BA,2021-01-26,0.26549804573383357,0.10902271932026716,0.6254792343882759,0.35998118865444234,-0.35998118865444234,5,1
BA,2021-01-27,0.01025657009810677,0.016383412184769842,0.973360034966252,0.9631034648681452,-0.9631034648681452,5,1
BA,2021-01-28,0.22489734585334625,0.03300268040975002,0.7420999703731735,0.5172026245198273,-0.5172026245198273,5,1
BA,2021-01-29,0.4706635848186145,0.10884364294121979,0.420492775535174,0.050170809283440476,0.050170809283440476,5,1
BA,2021-02-01,0.3854158671387879,0.043142396620846776,0.5714416998049374,0.18602583266614953,-0.18602583266614953,5,1
BA,2021-02-02,0.8874242298018916,0.07456394668878685,0.03801180904503537,0.8494124207568563,0.8494124207568563,2,1
BA,2021-02-03,0.05888044214819694,0.07884751248930656,0.8622720636165578,0.8033916214683609,-0.8033916214683609,3,1
BA,2021-02-04,0.9383270410858963,0.04072544695394789,0.020947488587436534,0.9173795524984597,0.9173795524984597,2,1
BA,2021-02-05,0.06986528207839092,0.6234862363953473,0.30664848481596074,0.2367832027375698,-0.2367832027375698,2,1
BA,2021-02-08,0.0704353868932843,0.1889902976435822,0.7405743049328962,0.6701389180396119,-0.6701389180396119,5,1
BA,2021-02-09,0.44896932920365185,0.049232560970904865,0.5017981246732103,0.05282879546955843,-0.05282879546955843,5,1
BA,2021-02-10,0.5587657736497744,0.08272079045964388,0.358513400674951,0.2002523729748234,0.2002523729748234,5,1
BA,2021-02-11,0.7969295471174861,0.07873037315064009,0.12434001398601296,0.6725895331314731,0.6725895331314731,3,1
BA,2021-02-12,0.2653119722731869,0.15225033629027845,0.5824377212123588,0.3171257489391719,-0.3171257489391719,5,1
BA,2021-02-16,0.7759031536651652,0.17529181284193418,0.048805049754057105,0.7270981039111081,0.7270981039111081,5,1
BA,2021-02-17,0.02689300232916079,0.18207165569791883,0.7910353387808243,0.7641423364516635,-0.7641423364516635,5,1
BA,2021-02-18,0.011272109907345092,0.024869156035023068,0.9638587341447399,0.9525866242373948,-0.9525866242373948,5,1
BA,2021-02-19,0.19461604020695483,0.06410047217990743,0.7412834577513625,0.5466674175444077,-0.5466674175444077,5,1
BA,2021-02-22,0.01496019820692508,0.02386876559234713,0.9611710014620134,0.9462108032550883,-0.9462108032550883,5,1
BA,2021-02-23,0.028574251039533236,0.058405777838310725,0.913020009900363,0.8844457588608298,-0.8844457588608298,5,1
BA,2021-02-24,0.2086145136633645,0.08158324957047064,0.7098022418478929,0.5011877281845284,-0.5011877281845284,5,1
BA,2021-02-25,0.012062521304054713,0.03961954948574026,0.948317946555915,0.9362554252518602,-0.9362554252518602,5,1
BA,2021-02-26,0.22340786836113102,0.2277440558731529,0.5488480904334462,0.32544022207231516,-0.32544022207231516,5,1
BA,2021-03-01,0.7560791585446414,0.026071823194629733,0.21784899816578368,0.5382301603788577,0.5382301603788577,5,1
BA,2021-03-02,0.36227792889187466,0.19703756790623633,0.4406845062392695,0.07840657734739487,-0.07840657734739487,5,1
BA,2021-03-03,0.5222291215294182,0.08937812525312214,0.3883927362848325,0.13383638524458574,0.13383638524458574,4,1
BA,2021-03-04,0.05480725575971859,0.031155158642553093,0.9140375958240518,0.8592303400643332,-0.8592303400643332,4,1
BA,2021-03-05,0.1910766797763773,0.04313480155134273,0.765788495236614,0.5747118154602366,-0.5747118154602366,5,1
BA,2021-03-08,0.5676468733925603,0.11218123697669859,0.32017191613331775,0.2474749572592425,0.2474749572592425,5,1
BA,2021-03-09,0.5166117408824358,0.047333904788719065,0.43605434431096013,0.08055739657147565,0.08055739657147565,5,1
BA,2021-03-10,0.37179550090421265,0.05757112339724833,0.5706333633129798,0.1988378624087671,-0.1988378624087671,5,1
BA,2021-03-11,0.7159180576315385,0.06382481098076924,0.22025711511629587,0.4956609425152426,0.4956609425152426,5,1
BA,2021-03-12,0.7201682557282605,0.06652034056203045,0.21331138322020327,0.5068568725080572,0.5068568725080572,5,1
BA,2021-03-15,0.08498295396566391,0.015310005284845829,0.8997070789337158,0.8147241249680519,-0.8147241249680519,1,1
BABA,2017-06-08,0.7559933935684171,0.03812434666818383,0.20588225071576888,0.5501111428526482,0.5501111428526482,5,1
BABA,2017-06-09,0.9476263470379106,0.033576935949027,0.01879674325182898,0.9288296037860816,0.9288296037860816,5,1
BABA,2017-06-12,0.5996500629224473,0.12933848789328997,0.2710114531387515,0.32863860978369575,0.32863860978369575,5,1
BABA,2017-06-13,0.5769971805552228,0.054476048613312726,0.36852675082988084,0.2084704297253419,0.2084704297253419,5,1
BABA,2017-06-14,0.532688444398582,0.3878352710929051,0.07947627519695431,0.45321216920162766,0.45321216920162766,5,1
BABA,2017-06-15,0.8169201137674076,0.16607374716217277,0.017006156471648267,0.7999139572957593,0.7999139572957593,5,1
BABA,2017-06-16,0.5319905601494451,0.18227416416349143,0.28573528317778485,0.24625527697166028,0.24625527697166028,5,1
BABA,2017-06-19,0.36413093103368177,0.17566640543155657,0.46020262848201593,0.09607169744833416,-0.09607169744833416,5,1
BABA,2017-06-20,0.7642414589829845,0.20899692932039876,0.02676161215866129,0.7374798468243232,0.7374798468243232,5,1
BABA,2017-06-21,0.6820239255619105,0.2976992807908993,0.020276784077961945,0.6617471414839485,0.6617471414839485,5,1
BABA,2017-06-22,0.25368775080934775,0.09480136586360065,0.6515108808954829,0.3978231300861352,-0.3978231300861352,5,1
BABA,2017-06-23,0.48525500574677455,0.17823787144382436,0.3365071294631147,0.14874787628365987,0.14874787628365987,5,1
BABA,2017-06-26,0.7427349058342448,0.23590467253469907,0.02136041530652365,0.7213744905277212,0.7213744905277212,5,1
BABA,2017-06-27,0.733412852937883,0.2511912626331422,0.01539591585970634,0.7180169370781767,0.7180169370781767,5,1
BABA,2017-06-28,0.7946240180541103,0.10466566846250154,0.10071033129564565,0.6939136867584647,0.6939136867584647,5,1
BABA,2017-06-29,0.511909823834766,0.18586986303013536,0.30222031133314775,0.20968951250161827,0.20968951250161827,5,1
BABA,2017-06-30,0.49722404193230024,0.18924542598141914,0.31353057863052375,0.1836934633017765,0.1836934633017765,5,1
BABA,2017-07-03,0.6818545272164532,0.10071703745785049,0.21742846787764214,0.4644260593388111,0.4644260593388111,5,1
BABA,2017-07-05,0.7025953747128522,0.2832843653457514,0.014120251890310112,0.6884751228225421,0.6884751228225421,5,1
BABA,2017-07-06,0.466523205708108,0.20888505026384901,0.3245917531919853,0.1419314525161227,0.1419314525161227,5,1
BABA,2017-07-07,0.5718333960664562,0.16585277532733228,0.262313779038446,0.30951961702801023,0.30951961702801023,5,1
BABA,2017-07-10,0.7468628635630752,0.13039840711698464,0.12273871183084065,0.6241241517322346,0.6241241517322346,5,1
BABA,2017-07-11,0.62350114668934,0.2619481900881867,0.11455063369748734,0.5089505129918527,0.5089505129918527,5,1
BABA,2017-07-12,0.41937850089062023,0.19610200824780608,0.3845195370633063,0.034858963827313905,0.034858963827313905,5,1
BABA,2017-07-13,0.4981459597053157,0.15135990160555252,0.3504941437644299,0.14765181594088583,0.14765181594088583,5,1
BABA,2017-07-14,0.35285581443728714,0.2969552662412286,0.35018889424770666,0.0026669201895804795,0.0026669201895804795,5,1
BABA,2017-07-17,0.7107805799032839,0.2637187622502156,0.025500688894728375,0.6852798910085556,0.6852798910085556,5,1
BABA,2017-07-18,0.08246504185009813,0.6488548880551005,0.2686800663196894,0.18621502446959126,-0.18621502446959126,4,1
BABA,2017-07-19,0.46500705153541877,0.12171605083633809,0.4132769040525795,0.05173014748283927,0.05173014748283927,5,1
BABA,2017-07-20,0.7080019298036575,0.1618900837603734,0.1301079604691996,0.5778939693344579,0.5778939693344579,5,1
BABA,2017-07-21,0.8955932788250874,0.08839532920691827,0.016011409809956797,0.8795818690151307,0.8795818690151307,5,1
BABA,2017-07-24,0.33948985847835805,0.4221056519783752,0.23840448491273006,0.101085373565628,0.101085373565628,3,1
BABA,2017-07-25,0.25551657750505136,0.73541377582946,0.009069600726477802,0.24644697677857355,0.24644697677857355,3,1
BABA,2017-07-26,0.8247834066331787,0.15260876504128842,0.02260779857631466,0.802175608056864,0.802175608056864,5,1
BABA,2017-07-27,0.02277075327941872,0.918520842521965,0.05870838478216626,0.035937631502747536,-0.035937631502747536,2,1
BABA,2017-07-28,0.4827205689100018,0.19053920167611169,0.32674022304807354,0.15598034586192827,0.15598034586192827,5,1
BABA,2017-07-31,0.3263424737171752,0.08111461700956725,0.5925428713985822,0.266200397681407,-0.266200397681407,5,1
BABA,2017-08-01,0.45422245600257843,0.35060716049612717,0.19517039441976036,0.25905206158281807,0.25905206158281807,5,1
BABA,2017-08-02,0.3581819948587796,0.25015795462808815,0.3916600463619814,0.03347805150320177,-0.03347805150320177,5,1
BABA,2017-08-03,0.7400682280177969,0.11569124226117135,0.14424052250282082,0.5958277055149761,0.5958277055149761,5,1
BABA,2017-08-04,0.7063184420173092,0.2837774983462059,0.009904071377077092,0.6964143706402321,0.6964143706402321,5,1
BABA,2017-08-07,0.3795080486505662,0.033497928974613365,0.5869940456399019,0.20748599698933567,-0.20748599698933567,5,1
BABA,2017-08-08,0.687211409725864,0.08118436570283383,0.23160420260215644,0.4556072071237076,0.4556072071237076,5,1
BABA,2017-08-09,0.39241370693345584,0.22661148226049171,0.38097481547764733,0.011438891455808509,0.011438891455808509,5,1
BABA,2017-08-10,0.7855377591815182,0.17168040471706866,0.0427818159720825,0.7427559432094357,0.7427559432094357,5,1
BABA,2017-08-11,0.7802501824840342,0.19240516536241103,0.027344617129767445,0.7529055653542668,0.7529055653542668,5,1
BABA,2017-08-14,0.5968404513546973,0.1460857739397201,0.2570737401175872,0.3397667112371101,0.3397667112371101,5,1
BABA,2017-08-15,0.6989028246182021,0.11301988221161781,0.18807731016537263,0.5108255144528294,0.5108255144528294,5,1
BABA,2017-08-16,0.5633237799531597,0.057833559810362076,0.3788426735221106,0.18448110643104915,0.18448110643104915,5,1
BABA,2017-08-17,0.013361813227889948,0.018904528553860035,0.9677336514804427,0.9543718382525527,-0.9543718382525527,5,1
BABA,2017-08-18,0.7563002565857023,0.029774902881770624,0.21392485790508345,0.5423753986806189,0.5423753986806189,5,1
BABA,2017-08-21,0.4602205974719732,0.13152703571175212,0.40825236856795905,0.051968228904014147,0.051968228904014147,5,1
BABA,2017-08-22,0.5966895835025589,0.16293586925025472,0.2403745448988287,0.35631503860373015,0.35631503860373015,5,1
BABA,2017-08-23,0.5437289697461087,0.2087574729311831,0.24751355655048857,0.29621541319562017,0.29621541319562017,5,1
BABA,2017-08-24,0.7062648178655535,0.06928014394255959,0.22445502471025247,0.48180979315530104,0.48180979315530104,5,1
BABA,2017-08-25,0.3895405624744516,0.060568159856203826,0.549891305631085,0.1603507431566334,-0.1603507431566334,5,1
BABA,2017-08-28,0.10246434432193094,0.2580848207234601,0.639450855247168,0.5369865109252371,-0.5369865109252371,5,1
BABA,2017-08-29,0.5166981446514379,0.1333249266082365,0.3499769488370519,0.16672119581438605,0.16672119581438605,5,1
BABA,2017-08-30,0.46056586356364715,0.183576008241387,0.3558581442061894,0.10470771935745776,0.10470771935745776,5,1
BABA,2017-08-31,0.6595031733110162,0.17771617507592996,0.16278063799850043,0.49672253531251576,0.49672253531251576,5,1
BABA,2017-09-01,0.7294607854062366,0.2605481095836903,0.009991066708230316,0.7194697186980062,0.7194697186980062,4,1
BABA,2017-09-05,0.686230542113217,0.14978251515816488,0.1639869789892291,0.5222435631239879,0.5222435631239879,5,1
BABA,2017-09-06,0.557430988838703,0.060104503468498514,0.38246444032266574,0.17496654851603727,0.17496654851603727,5,1
BABA,2017-09-07,0.7667700930608309,0.21261361556893993,0.020616258102801238,0.7461538349580297,0.7461538349580297,4,1
BABA,2017-09-08,0.7834549348293589,0.2047886473621022,0.011756410868672889,0.7716985239606861,0.7716985239606861,5,1
BABA,2017-09-11,0.7296254924663265,0.2440057531697426,0.02636876744632749,0.703256725019999,0.703256725019999,5,1
BABA,2017-09-12,0.6240182904349507,0.24667790945165977,0.12930383279982352,0.4947144576351272,0.4947144576351272,5,1
BABA,2017-09-13,0.49333036821780407,0.1550328979600796,0.35163673519904587,0.1416936330187582,0.1416936330187582,5,1
BABA,2017-09-14,0.7893421451448026,0.0681435200733048,0.1425143145376942,0.6468278306071085,0.6468278306071085,4,1
BABA,2017-09-15,0.28276274266552054,0.23829305948806007,0.4789441965583964,0.19618145389287583,-0.19618145389287583,5,1
BABA,2017-09-18,0.4964243603022617,0.1488191512248681,0.3547564721265739,0.14166788817568782,0.14166788817568782,5,1
BABA,2017-09-19,0.8731095811467774,0.11845034360332284,0.008440025656549437,0.864669555490228,0.864669555490228,3,1
BABA,2017-09-20,0.47282918276267166,0.17414748096983906,0.3530233801243212,0.11980580263835044,0.11980580263835044,5,1
BABA,2017-09-21,0.7649778879374932,0.21140900102281285,0.023613053502151645,0.7413648344353416,0.7413648344353416,5,1
BABA,2017-09-22,0.577016742367904,0.164132055108216,0.25885119928147815,0.31816554308642586,0.31816554308642586,5,1
BABA,2017-09-25,0.03741377747756887,0.08657419406253293,0.8760120299580253,0.8385982524804564,-0.8385982524804564,5,1
BABA,2017-09-26,0.6232969781982538,0.11666524727127532,0.26003780423677364,0.36325917396148016,0.36325917396148016,5,1
BABA,2017-09-27,0.8855310368670117,0.10477686735396936,0.009692091598915403,0.8758389452680964,0.8758389452680964,5,1
BABA,2017-09-28,0.5566623790559895,0.43330786474698546,0.010029797905635959,0.5466325811503535,0.5466325811503535,5,1
BABA,2017-09-29,0.555118516081613,0.14116765697521114,0.30371379267167087,0.25140472340994213,0.25140472340994213,5,1
BABA,2017-10-02,0.7226803770804487,0.24301305677386018,0.034306556646026096,0.6883738204344226,0.6883738204344226,5,1
BABA,2017-10-03,0.4463442876703684,0.20503962762903927,0.3486161162890053,0.09772817138136308,0.09772817138136308,5,1
BABA,2017-10-04,0.5625987304119889,0.35261930500336525,0.08478194522019601,0.47781678519179294,0.47781678519179294,4,1
BABA,2017-10-05,0.39522909642081716,0.1432017961970228,0.4615690893681741,0.06633999294735693,-0.06633999294735693,4,1
BABA,2017-10-06,0.4650270702213261,0.07853366835326936,0.4564392294087882,0.008587840812537884,0.008587840812537884,5,1
BABA,2017-10-09,0.8113697532484561,0.17726051480462157,0.011369725713256194,0.8000000275351998,0.8000000275351998,5,1
BABA,2017-10-10,0.5505998679125991,0.06033055083446967,0.38906957149078786,0.16153029642181121,0.16153029642181121,5,1
BABA,2017-10-11,0.4532760554974529,0.20108139589491913,0.3456425333299953,0.10763352216745764,0.10763352216745764,5,1
BABA,2017-10-12,0.7518160975198664,0.23759578944478443,0.010588085037680998,0.7412280124821854,0.7412280124821854,5,1
BABA,2017-10-13,0.6741575078127223,0.2949388841354869,0.030903602890687044,0.6432539049220353,0.6432539049220353,5,1
BABA,2017-10-16,0.41536294755455877,0.1774884994933014,0.40714856397917515,0.008214383575383621,0.008214383575383621,5,1
BABA,2017-10-17,0.7447189145914479,0.23965220222661895,0.01562891469652828,0.7290899998949196,0.7290899998949196,5,1
BABA,2017-10-18,0.49503751587516026,0.0635135141411922,0.4414489541874076,0.05358856168775267,0.05358856168775267,5,1
BABA,2017-10-19,0.8002217973892842,0.181683327597709,0.01809488380983526,0.782126913579449,0.782126913579449,5,1
BABA,2017-10-20,0.8770535355043467,0.1129657717570749,0.00998071104524496,0.8670728244591017,0.8670728244591017,5,1
BABA,2017-10-23,0.582835140765857,0.1599219589446527,0.2572428991029836,0.32559224166287337,0.32559224166287337,5,1
BABA,2017-10-24,0.5772492033137081,0.34497919999630233,0.07777155163885294,0.49947765167485514,0.49947765167485514,5,1
BABA,2017-10-25,0.7903860790698551,0.19271513205471497,0.016898789477125854,0.7734872895927293,0.7734872895927293,5,1
BABA,2017-10-26,0.48842214375011017,0.44716474576398935,0.06441310805406969,0.4240090356960405,0.4240090356960405,5,1
BABA,2017-10-27,0.6505496448519015,0.26251158116384127,0.08693877452876002,0.5636108703231415,0.5636108703231415,5,1
BABA,2017-10-30,0.7847443323617037,0.1753020337127148,0.03995359190154847,0.7447907404601553,0.7447907404601553,5,1
BABA,2017-10-31,0.8158848428289002,0.16778256734258845,0.016332550615136932,0.7995522922137632,0.7995522922137632,5,1
BABA,2017-11-01,0.80328363051162,0.10716557764180257,0.08955081852354307,0.7137328119880769,0.7137328119880769,5,1
BABA,2017-11-02,0.736904104427307,0.048026533862782814,0.21506933748585563,0.5218347669414514,0.5218347669414514,5,1
BABA,2017-11-03,0.761651207494258,0.027613797354735636,0.2107349983679551,0.5509162091263029,0.5509162091263029,5,1
BABA,2017-11-06,0.8851595578970635,0.09548996053810217,0.019350484312811684,0.8658090735842517,0.8658090735842517,5,1
BABA,2017-11-07,0.5287910440833408,0.1589330783080267,0.31227586689047193,0.21651517719286884,0.21651517719286884,5,1
BABA,2017-11-08,0.029274778440594673,0.9063565135002136,0.06436869502067566,0.035093916580080986,-0.035093916580080986,1,1
BABA,2017-11-09,0.7003564538477354,0.10663395715126256,0.19300955606677014,0.5073468977809652,0.5073468977809652,5,1
BABA,2017-11-10,0.7642000769452172,0.02974409139459652,0.20605585823549036,0.5581442187097269,0.5581442187097269,5,1
BABA,2017-11-13,0.5778045151355512,0.137503965436987,0.2846915203494708,0.2931129947860804,0.2931129947860804,5,1
BABA,2017-11-14,0.8333998293567129,0.12545589004905877,0.041144296595168106,0.7922555327615448,0.7922555327615448,5,1
BABA,2017-11-15,0.11485210163334683,0.2919336059646756,0.5932142733077816,0.47836217167443484,-0.47836217167443484,5,1
BABA,2017-11-16,0.8736764598367714,0.1070273738159571,0.019296161602586195,0.8543802982341853,0.8543802982341853,5,1
BABA,2017-11-17,0.6793482897288843,0.31151565627848715,0.009136041539452801,0.6702122481894315,0.6702122481894315,5,1
BABA,2017-11-20,0.7292267899821344,0.13474468167681286,0.1360285613223629,0.5931982286597715,0.5931982286597715,5,1
BABA,2017-11-21,0.46353758794032673,0.19583306699062186,0.3406293123578536,0.12290827558247314,0.12290827558247314,5,1
BABA,2017-11-22,0.6284467576813823,0.25854868888311416,0.11300454749960422,0.515442210181778,0.515442210181778,5,1
BABA,2017-11-24,0.5842963806737512,0.20118144373653674,0.2145222098943479,0.36977417077940333,0.36977417077940333,5,1
BABA,2017-11-27,0.6738976223082143,0.30216810493355384,0.02393427780242219,0.6499633445057921,0.6499633445057921,5,1
BABA,2017-11-28,0.4838794177754371,0.1656076261584126,0.3505129803089286,0.1333664374665085,0.1333664374665085,5,1
BABA,2017-11-29,0.19490245483435067,0.021165867031659024,0.7839316659781081,0.5890292111437575,-0.5890292111437575,5,1
BABA,2017-11-30,0.23206332720763204,0.06821714933242363,0.6997194825855167,0.46765615537788474,-0.46765615537788474,3,1
BABA,2017-12-01,0.6120171269868737,0.26855656580242127,0.11942630704250982,0.4925908199443639,0.4925908199443639,5,1
BABA,2017-12-04,0.7259477860213839,0.2593484795221477,0.014703726723345946,0.7112440592980379,0.7112440592980379,5,1
BABA,2017-12-05,0.46733210041001927,0.23620286907832005,0.29646501944663683,0.17086708096338243,0.17086708096338243,5,1
BABA,2017-12-06,0.4813776200624782,0.11484339281516902,0.4037790023339143,0.07759861772856391,0.07759861772856391,5,1
BABA,2017-12-07,0.4673641974598337,0.24617848252665187,0.2864572813193158,0.1809069161405179,0.1809069161405179,5,1
BABA,2017-12-08,0.8505951333573576,0.13652137258322508,0.012883484526680746,0.8377116488306768,0.8377116488306768,5,1
BABA,2017-12-11,0.7050845914063633,0.23065644367320137,0.06425897857979229,0.640825612826571,0.640825612826571,5,1
BABA,2017-12-12,0.7403454866372594,0.0493735957315816,0.21028094119189863,0.5300645454453607,0.5300645454453607,5,1
BABA,2017-12-13,0.563887334512642,0.07929976868340055,0.3568128675780892,0.20707446693455273,0.20707446693455273,5,1
BABA,2017-12-14,0.3091789555772029,0.16091425277520927,0.5299067767163768,0.22072782113917389,-0.22072782113917389,5,1
BABA,2017-12-15,0.4566313456094613,0.16368183090375168,0.379686830524328,0.07694451508513328,0.07694451508513328,5,1
BABA,2017-12-18,0.8255926362890245,0.1598670192654286,0.014540343652929298,0.8110522926360951,0.8110522926360951,5,1
BABA,2017-12-19,0.5360157434511306,0.11616584038053213,0.3478184405246567,0.18819730292647385,0.18819730292647385,5,1
BABA,2017-12-20,0.6642159709224394,0.28704498602333833,0.04873901221387798,0.6154769587085615,0.6154769587085615,5,1
BABA,2017-12-21,0.5774410023436896,0.4105706939482242,0.01198829614279909,0.5654527062008905,0.5654527062008905,5,1
BABA,2017-12-22,0.34770204811653405,0.17803226961939264,0.47426568693156396,0.1265636388150299,-0.1265636388150299,5,1
BABA,2017-12-26,0.6545809507369995,0.33692702651023865,0.008492053486406803,0.6460888972505927,0.6460888972505927,1,1
BABA,2017-12-27,0.9087989638552325,0.07494747305036673,0.016253577731650436,0.892545386123582,0.892545386123582,5,1
BABA,2017-12-28,0.5710898274725194,0.13900903901434603,0.2899011230930362,0.2811887043794832,0.2811887043794832,4,1
BABA,2017-12-29,0.5346560576424493,0.0871633682889435,0.37818052800805185,0.15647552963439743,0.15647552963439743,4,1
BABA,2018-01-02,0.9232108472830186,0.05845077583559639,0.018338332078752594,0.904872515204266,0.904872515204266,5,1
BABA,2018-01-03,0.7561324229139718,0.03860740143812022,0.2052601830208911,0.5508722398930807,0.5508722398930807,5,1
BABA,2018-01-04,0.43510310458244267,0.3936718396229682,0.17122503181068943,0.26387807277175324,0.26387807277175324,5,1
BABA,2018-01-05,0.6656326640371261,0.12940284675601058,0.20496448506507114,0.4606681789720549,0.4606681789720549,5,1
BABA,2018-01-08,0.7732286376123804,0.20038080463754743,0.026390555375859794,0.7468380822365206,0.7468380822365206,5,1
BABA,2018-01-09,0.6475086895116587,0.058649753118174476,0.29384157683885087,0.35366711267280787,0.35366711267280787,5,1
BABA,2018-01-10,0.3541706297548957,0.0855762867773847,0.5602530705478798,0.20608244079298405,-0.20608244079298405,5,1
BABA,2018-01-11,0.544263640456918,0.10785142028020926,0.3478849306004869,0.19637870985643108,0.19637870985643108,4,1
BABA,2018-01-12,0.7193030732104654,0.09954647355906775,0.18115046440043975,0.5381526088100257,0.5381526088100257,5,1
BABA,2018-01-16,0.6622498582925089,0.1277761557039107,0.2099740101246981,0.45227584816781086,0.45227584816781086,5,1
BABA,2018-01-17,0.7433834293569809,0.23040758024039334,0.026209018140979614,0.7171744112160012,0.7171744112160012,3,1
BABA,2018-01-18,0.2746783295944264,0.15445563799145143,0.5708660011775964,0.29618767158317005,-0.29618767158317005,5,1
BABA,2018-01-19,0.13769795607381669,0.24300649726660137,0.6192955637322707,0.481597607658454,-0.481597607658454,3,1
BABA,2018-01-22,0.6462899937363125,0.29734873283678276,0.056361287574636466,0.589928706161676,0.589928706161676,5,1
BABA,2018-01-23,0.40307443540110716,0.3427007563077605,0.2542248000439826,0.14884963535712453,0.14884963535712453,5,1
BABA,2018-01-24,0.1708853441427653,0.07570812710215595,0.7534065306448624,0.5825211865020972,-0.5825211865020972,5,1
BABA,2018-01-25,0.9241075286092753,0.055001824436916175,0.020890630633137612,0.9032168979761377,0.9032168979761377,5,1
BABA,2018-01-26,0.9334123175132649,0.049109759634015614,0.01747795496309501,0.9159343625501699,0.9159343625501699,5,1
BABA,2018-01-29,0.9186992194580812,0.06583589661710541,0.015464892111225512,0.9032343273468557,0.9032343273468557,5,1
BABA,2018-01-30,0.502479846736369,0.18832266633534142,0.30919750122162243,0.1932823455147466,0.1932823455147466,5,1
BABA,2018-01-31,0.35782193165560294,0.13257495100843839,0.5096031379865764,0.15178120633097347,-0.15178120633097347,5,1
BABA,2018-02-01,0.012194549181787636,0.014570328434608303,0.973235116401086,0.9610405672192983,-0.9610405672192983,5,1
BABA,2018-02-02,0.5489119974387144,0.041592027793379054,0.409495972968488,0.13941602447022644,0.13941602447022644,5,1
BABA,2018-02-05,0.19837163973858288,0.05205794470824483,0.7495703892886805,0.5511987495500976,-0.5511987495500976,5,1
BABA,2018-02-06,0.619422947985503,0.32974371434094996,0.050833384468986456,0.5685895635165166,0.5685895635165166,4,1
BABA,2018-02-07,0.7449253179556197,0.23774047085634745,0.017334196212265146,0.7275911217433545,0.7275911217433545,5,1
BABA,2018-02-08,0.5633761898213713,0.27516353458579984,0.16146025537386702,0.4019159344475043,0.4019159344475043,5,1
BABA,2018-02-09,0.46685035395940583,0.4116060818939227,0.12154355141194718,0.34530680254745866,0.34530680254745866,5,1
BABA,2018-02-12,0.5437638629543894,0.16095877121213395,0.29527738487570737,0.24848647807868202,0.24848647807868202,5,1
BABA,2018-02-13,0.394913880841182,0.17235237118907537,0.43273377198339064,0.03781989114220863,-0.03781989114220863,5,1
BABA,2018-02-14,0.6742239120170712,0.20944834126434825,0.11632774773552744,0.5578961642815438,0.5578961642815438,5,1
BABA,2018-02-15,0.8016188844193093,0.18718438432393067,0.011196713715505176,0.7904221707038042,0.7904221707038042,5,1
BABA,2018-02-16,0.6310541276767502,0.30873327659863653,0.06021259479745484,0.5708415328792953,0.5708415328792953,3,1
BABA,2018-02-20,0.8902436062720119,0.08214230349024772,0.027614086523825507,0.8626295197481865,0.8626295197481865,2,1
BABA,2018-02-21,0.7877584700919833,0.19741409107130872,0.014827441405520949,0.7729310286864624,0.7729310286864624,5,1
BABA,2018-02-22,0.45534480104585123,0.3019071502728383,0.24274806005013247,0.21259674099571876,0.21259674099571876,5,1
BABA,2018-02-23,0.4689117506326051,0.312334295797517,0.21875393289553752,0.2501578177370676,0.2501578177370676,5,1
BABA,2018-02-26,0.1364532681566634,0.18601821374385033,0.6775284968211581,0.5410752286644948,-0.5410752286644948,5,1
BABA,2018-02-27,0.06406402512735924,0.3251605500952222,0.6107754418325844,0.5467114167052252,-0.5467114167052252,5,1
BABA,2018-02-28,0.13746178457189723,0.8498517803377837,0.012686480634386575,0.12477530393751066,0.12477530393751066,3,1
BABA,2018-03-01,0.39751121971625936,0.5912582319035065,0.01123054216407857,0.38628067755218076,0.38628067755218076,5,1
BABA,2018-03-02,0.42383097011796167,0.1933991269051045,0.38276989499451325,0.04106107512344842,0.04106107512344842,5,1
BABA,2018-03-05,0.7907070591001496,0.15703571026187094,0.0522572132734159,0.7384498458267337,0.7384498458267337,5,1
BABA,2018-03-06,0.0251557842709368,0.13292725315751536,0.8419169129761505,0.8167611287052137,-0.8167611287052137,5,1
BABA,2018-03-07,0.8048676076569747,0.13152178161915412,0.06361059493565498,0.7412570127213197,0.7412570127213197,4,1
BABA,2018-03-08,0.42295519475186427,0.5681271558759932,0.008917664537930033,0.41403753021393425,0.41403753021393425,3,1
BABA,2018-03-09,0.5612427715473198,0.17711173356645918,0.26164551716407897,0.29959725438324086,0.29959725438324086,4,1
BABA,2018-03-12,0.6698944516693626,0.21064767657221145,0.11945789628400628,0.5504365553853563,0.5504365553853563,5,1
BABA,2018-03-13,0.8042816468627437,0.1427027239664995,0.05301562195708621,0.7512660249056575,0.7512660249056575,5,1
BABA,2018-03-14,0.7563752461904952,0.16676710754857463,0.076857633814755,0.6795176123757403,0.6795176123757403,5,1
BABA,2018-03-15,0.5724404252235703,0.0716725996808702,0.35588699963828374,0.21655342558528656,0.21655342558528656,5,1
BABA,2018-03-16,0.010647587478160858,0.030758118256926537,0.9585943222045898,0.947946734726429,-0.947946734726429,1,1
BABA,2018-03-19,0.6463245508566487,0.3453769039425406,0.008298531108408449,0.6380260197482402,0.6380260197482402,3,1
BABA,2018-03-20,0.0670215083866097,0.9133246876020216,0.019653825357088765,0.047367683029520935,0.047367683029520935,3,1
BABA,2018-03-21,0.0,0.0,0.0,0.0,0.0,0,0
BABA,2018-03-22,0.4739495835345916,0.12452788227171284,0.40152254452026953,0.07242703901432207,0.07242703901432207,5,1
BABA,2018-03-23,0.7852835611952071,0.18899644950508587,0.025720034496775006,0.7595635266984322,0.7595635266984322,5,1
BABA,2018-03-26,0.6915244810826497,0.12874134193404782,0.17973415691116032,0.5117903241714894,0.5117903241714894,5,1
BABA,2018-03-27,0.4287872597003661,0.13379664780259476,0.43741608295016393,0.008628823249797857,-0.008628823249797857,5,1
BABA,2018-03-28,0.22345297445895518,0.767041068965257,0.00950597310353741,0.21394700135541778,0.21394700135541778,2,1
BABA,2018-03-29,0.36674184956059197,0.20347971183854532,0.42977845617433946,0.06303660661374749,-0.06303660661374749,4,1
BABA,2018-04-02,0.01048198768341455,0.026965580407916877,0.9625524580340734,0.9520704703506588,-0.9520704703506588,5,1
BABA,2018-04-03,0.03362862241761325,0.19584120803517052,0.7705302039384436,0.7369015815208304,-0.7369015815208304,5,1
BABA,2018-04-04,0.7205382465170433,0.20743541061811482,0.07202633526163155,0.6485119112554119,0.6485119112554119,5,1
BABA,2018-04-05,0.5783594219968528,0.15963525857190178,0.262005322615258,0.31635409938159476,0.31635409938159476,5,1
BABA,2018-04-06,0.5976221897433436,0.3240855860297527,0.07829221064057588,0.5193299791027677,0.5193299791027677,4,1
BABA,2018-04-09,0.6045416696626389,0.09798940068409227,0.2974688794293488,0.3070727902332901,0.3070727902332901,4,1
BABA,2018-04-10,0.6914902742621755,0.2746939272866727,0.033815792797708924,0.6576744814644665,0.6576744814644665,5,1
BABA,2018-04-11,0.4863080110107375,0.2413134961559131,0.27237852348565555,0.21392948752508195,0.21392948752508195,4,1
BABA,2018-04-12,0.036567829960114075,0.1183327290744967,0.8450994067276779,0.8085315767675638,-0.8085315767675638,2,1
BABA,2018-04-13,0.2615982511119381,0.7281630932765157,0.01023863269444936,0.2513596184174887,0.2513596184174887,5,1
BABA,2018-04-16,0.6614473123223865,0.3183723499320236,0.020180375392872422,0.6412669369295141,0.6412669369295141,4,1
BABA,2018-04-17,0.02282320988921897,0.8759191468331183,0.10125770284107773,0.07843449295185875,-0.07843449295185875,2,1
BABA,2018-04-18,0.07793141109282546,0.5363488404243929,0.3857197966399676,0.3077883855471421,-0.3077883855471421,3,1
BABA,2018-04-19,0.16323575617128197,0.24365493628164142,0.5931092517133636,0.42987349554208165,-0.42987349554208165,4,1
BABA,2018-04-20,0.20930620193758942,0.09310024154298749,0.6975935547800638,0.4882873528424744,-0.4882873528424744,5,1
BABA,2018-04-23,0.7593417361214819,0.22258657651361405,0.018071677057227172,0.7412700590642548,0.7412700590642548,3,1
BABA,2018-04-24,0.6364231253040057,0.27157385236226445,0.09200306925827738,0.5444200560457283,0.5444200560457283,5,1
BABA,2018-04-25,0.7246634521523341,0.2495646721218472,0.025771914388421146,0.6988915377639129,0.6988915377639129,2,1
BABA,2018-04-26,0.6021095834249579,0.15034956601549368,0.2475408323330295,0.3545687510919284,0.3545687510919284,5,1
BABA,2018-04-27,0.26941041776165037,0.1982959336134731,0.5322936665062665,0.26288324874461616,-0.26288324874461616,5,1
BABA,2018-04-30,0.577855570283267,0.2631808445438628,0.15896360573539017,0.4188919645478768,0.4188919645478768,5,1
BABA,2018-05-01,0.8654503914736605,0.10799576184368705,0.02655385617951905,0.8388965352941415,0.8388965352941415,5,1
BABA,2018-05-02,0.6776930116526824,0.097576295068371,0.22473071597606267,0.4529622956766197,0.4529622956766197,5,1
BABA,2018-05-03,0.47989638445291644,0.08159736340487632,0.4385062352633458,0.041390149189570624,0.041390149189570624,5,1
BABA,2018-05-04,0.37678921565932266,0.023601028335520403,0.5996097439744046,0.22282052831508192,-0.22282052831508192,5,1
BABA,2018-05-07,0.7542470242178306,0.06693345146870874,0.17881954506896364,0.5754274791488669,0.5754274791488669,5,1
BABA,2018-05-08,0.7011447734443145,0.28213234342652865,0.016722862075445554,0.6844219113688689,0.6844219113688689,5,1
BABA,2018-05-09,0.7894459630961754,0.19680846856054637,0.01374554115129883,0.7757004219448767,0.7757004219448767,3,1
BABA,2018-05-10,0.44230836940293333,0.06793455384538036,0.48975709326980454,0.04744872386687121,-0.04744872386687121,5,1
BABA,2018-05-11,0.8441928124946256,0.13173805663849428,0.024069172954036766,0.8201236395405889,0.8201236395405889,5,1
BABA,2018-05-14,0.05938451062884889,0.910841099917685,0.029774387798242995,0.029610122830605896,0.029610122830605896,3,1
BABA,2018-05-15,0.5217371349286185,0.1401474151629263,0.33811542041528253,0.18362171451333598,0.18362171451333598,5,1
BABA,2018-05-16,0.4160543562409183,0.5529739091890119,0.03097175340721724,0.38508260283370105,0.38508260283370105,5,1
BABA,2018-05-17,0.7038464760057505,0.10841970632086981,0.18773382924820367,0.5161126467575468,0.5161126467575468,5,1
BABA,2018-05-18,0.7892313909527301,0.1975282269827649,0.013240381586156423,0.7759910093665737,0.7759910093665737,5,1
BABA,2018-05-21,0.6967196444248884,0.2727056056177398,0.03057477132775842,0.66614487309713,0.66614487309713,4,1
BABA,2018-05-22,0.7325604115627512,0.25738343824070015,0.010056127710527864,0.7225042838522233,0.7225042838522233,3,1
BABA,2018-05-23,0.6191067266273568,0.07113906897705133,0.30975420457813396,0.3093525220492228,0.3093525220492228,4,1
BABA,2018-05-24,0.07172002423655,0.895550966693501,0.03272898915994143,0.03899103507660857,0.03899103507660857,2,1
BABA,2018-05-25,0.4550876926800733,0.2236240967490082,0.3212882091776115,0.13379948350246185,0.13379948350246185,5,1
BABA,2018-05-29,0.848622826761294,0.13998671292117018,0.011390504186458594,0.8372323225748354,0.8372323225748354,5,1
BABA,2018-05-30,0.8364352810055085,0.1304041451184515,0.033160575946396605,0.8032747050591118,0.8032747050591118,5,1
BABA,2018-05-31,0.8610530535827814,0.1290281566612594,0.0099187399998167,0.8511343135829647,0.8511343135829647,3,1
BABA,2018-06-01,0.720819693643339,0.23685857459452392,0.042321753265452566,0.6784979403778864,0.6784979403778864,5,1
BABA,2018-06-04,0.740480194566344,0.22982858564524394,0.029691243169494064,0.7107889513968499,0.7107889513968499,5,1
BABA,2018-06-05,0.4999388716643476,0.43395782173556147,0.06610329651108507,0.43383557515326254,0.43383557515326254,2,1
BABA,2018-06-06,0.8100151961278582,0.17212083762359162,0.01786397222030993,0.7921512239075483,0.7921512239075483,5,1
BABA,2018-06-07,0.6960966873827731,0.11190939005916715,0.19199393979058216,0.5041027475921909,0.5041027475921909,5,1
BABA,2018-06-08,0.65249039222691,0.07608915849006523,0.27142045182297153,0.38106994040393843,0.38106994040393843,5,1
CVX,2022-12-19,0.8176813219627528,0.15794486824893156,0.024373822566694518,0.7933074993960583,0.7933074993960583,5,1
CVX,2022-12-20,0.7384181231428731,0.1437570372055325,0.1178248413035007,0.6205932818393725,0.6205932818393725,3,1
CVX,2022-12-21,0.746073431971715,0.24218497974591643,0.011741580293914037,0.734331851677801,0.734331851677801,4,1
CVX,2022-12-22,0.7602998561038172,0.054527040702035214,0.18517314761863116,0.5751267084851861,0.5751267084851861,2,1
CVX,2022-12-23,0.5470367090549252,0.07165006040191285,0.38131324882475515,0.16572346023017004,0.16572346023017004,5,1
CVX,2022-12-27,0.5206959872282584,0.06770506998642217,0.4115989514237328,0.10909703580452557,0.10909703580452557,5,1
CVX,2022-12-28,0.4617144288547983,0.07328870527690322,0.46499691026037115,0.003282481405572857,-0.003282481405572857,3,1
CVX,2022-12-29,0.470890104168222,0.09326892768604139,0.43584097718384407,0.035049126984377954,0.035049126984377954,5,1
CVX,2022-12-30,0.8101883704983528,0.17812114733660003,0.01169049309734149,0.7984978774010113,0.7984978774010113,4,1
CVX,2023-01-03,0.03210908786262186,0.11255285583266145,0.8553380378190171,0.8232289499563952,-0.8232289499563952,5,1
CVX,2023-01-04,0.38835653875616,0.23719126646402242,0.3744522021581255,0.013904336598034472,0.013904336598034472,5,1
CVX,2023-01-05,0.361767071167781,0.2290587828378852,0.4091741511451616,0.047407079977380584,-0.047407079977380584,5,1
CVX,2023-01-06,0.29061511114470806,0.07683177189269458,0.6325531174920347,0.34193800634732663,-0.34193800634732663,5,1
CVX,2023-01-09,0.05053568753104133,0.9361937894736083,0.01327051841719889,0.03726516911384244,0.03726516911384244,2,1
CVX,2023-01-10,0.7504873686134114,0.19434162620983597,0.05517106184112556,0.6953163067722858,0.6953163067722858,5,1
CVX,2023-01-11,0.3901641805221258,0.05239857384617982,0.5574372519287817,0.16727307140665587,-0.16727307140665587,5,1
CVX,2023-01-12,0.2576721508099801,0.17845205685166293,0.5638757616964581,0.306203610886478,-0.306203610886478,5,1
CVX,2023-01-13,0.5030759705567518,0.1336053974167925,0.36331861188355447,0.13975735867319733,0.13975735867319733,5,1
CVX,2023-01-17,0.34492912873862547,0.06936212177679689,0.585708710231925,0.24077958149329948,-0.24077958149329948,5,1
CVX,2023-01-18,0.7418201863538161,0.2212358076334552,0.036943977855473896,0.7048762084983422,0.7048762084983422,4,1
CVX,2023-01-19,0.5278305981825191,0.17881083947144996,0.2933585802270385,0.23447201795548062,0.23447201795548062,5,1
CVX,2023-01-20,0.4208974585928025,0.5658476368890911,0.01325488785625212,0.40764257073655036,0.40764257073655036,5,1
CVX,2023-01-23,0.342675915048991,0.16778681055658776,0.4895372519416072,0.1468613368926162,-0.1468613368926162,5,1
CVX,2023-01-24,0.8947698652953567,0.0770923364392245,0.02813779061729927,0.8666320746780575,0.8666320746780575,5,1
CVX,2023-01-25,0.17344598030244934,0.15265773975257652,0.6738962655097396,0.5004502852072903,-0.5004502852072903,5,1
CVX,2023-01-26,0.9424084224064361,0.03959170122254575,0.01799986782580539,0.9244085545806306,0.9244085545806306,5,1
CVX,2023-01-27,0.015758970860305557,0.012960539654588344,0.971280490135844,0.9555215192755385,-0.9555215192755385,5,1
CVX,2023-01-30,0.22116686756064566,0.08199701041530116,0.6968361245293613,0.47566925696871565,-0.47566925696871565,5,1
CVX,2023-01-31,0.31288264435823054,0.09463974514379982,0.5924776131103613,0.27959496875213075,-0.27959496875213075,5,1
CVX,2023-02-01,0.10499793736484855,0.3116136801555304,0.5833883569225788,0.4783904195577303,-0.4783904195577303,5,1
CVX,2023-02-02,0.3956444447095127,0.0756376965827631,0.5287178839837963,0.13307343927428356,-0.13307343927428356,5,1
CVX,2023-02-03,0.2175410527988982,0.18959921356473916,0.5928597152203006,0.3753186624214023,-0.3753186624214023,5,1
CVX,2023-02-06,0.30388235210061454,0.0754433431883486,0.6206743097582694,0.3167919576576549,-0.3167919576576549,5,1
CVX,2023-02-07,0.6449219127969048,0.0937388628619259,0.26133918379640875,0.38358272900049606,0.38358272900049606,5,1
CVX,2023-02-08,0.6557178562737157,0.06922413250824609,0.2750580123320017,0.380659843941714,0.380659843941714,4,1
CVX,2023-02-09,0.3292874552047691,0.25412769235959265,0.4165848051220979,0.08729734991732879,-0.08729734991732879,5,1
CVX,2023-02-10,0.6050652654520758,0.1793742215261254,0.21556049775364078,0.38950476769843506,0.38950476769843506,5,1
CVX,2023-02-13,0.5026547768376627,0.06273394051151851,0.43461128181786574,0.06804349501979695,0.06804349501979695,5,1
CVX,2023-02-14,0.6199969248119679,0.04265660467259015,0.3373464517368735,0.2826504730750944,0.2826504730750944,3,1
CVX,2023-02-15,0.03754398529892371,0.19904125982820658,0.7634147443651793,0.7258707590662556,-0.7258707590662556,3,1
CVX,2023-02-16,0.7149247458024993,0.2469043165483314,0.03817089755569574,0.6767538482468036,0.6767538482468036,5,1
CVX,2023-02-17,0.5502102164395184,0.03547395840667187,0.41431581025585495,0.13589440618366344,0.13589440618366344,5,1
CVX,2023-02-21,0.4322180647082177,0.0799722432438669,0.4878096710196164,0.0555916063113987,-0.0555916063113987,5,1
CVX,2023-02-22,0.27527374462745496,0.09004786029165418,0.6346784150604201,0.35940467043296515,-0.35940467043296515,5,1
CVX,2023-02-23,0.03131436367430837,0.9388423182660858,0.02984336859222708,0.0014709950820812924,0.0014709950820812924,3,1
CVX,2023-02-24,0.5148393135655307,0.087417895269689,0.3977428153946136,0.11709649817091711,0.11709649817091711,5,1
CVX,2023-02-27,0.50386859183643,0.20973053389993146,0.28640085824983286,0.2174677335865971,0.2174677335865971,5,1
CVX,2023-02-28,0.4293857368101321,0.03184147881861264,0.5387727537491825,0.10938701693905045,-0.10938701693905045,5,1
CVX,2023-03-01,0.8259159227913795,0.15532915329945157,0.018754900150210745,0.8071610226411687,0.8071610226411687,5,1
CVX,2023-03-02,0.43592785682512164,0.07569803016994066,0.48837409477188953,0.05244623794676789,-0.05244623794676789,4,1
CVX,2023-03-03,0.5891988777022675,0.1626890639474955,0.24811206836527694,0.3410868093369906,0.3410868093369906,5,1
CVX,2023-03-06,0.7305638181357621,0.06224821268304131,0.20718796206998163,0.5233758560657804,0.5233758560657804,5,1
CVX,2023-03-07,0.39410237274435755,0.18170350446899133,0.42419415686898,0.030091784124622434,-0.030091784124622434,5,1
CVX,2023-03-08,0.6487983639213588,0.3398990779609355,0.011302535823222746,0.6374958280981361,0.6374958280981361,5,1
CVX,2023-03-09,0.5785248022932327,0.0816984642345029,0.3397767429365652,0.23874805935666749,0.23874805935666749,5,1
CVX,2023-03-10,0.46772501265641864,0.16813308634262106,0.36414190796655405,0.10358310468986459,0.10358310468986459,5,1
CVX,2023-03-13,0.04115854295184914,0.15359246795388068,0.8052489922126711,0.7640904492608219,-0.7640904492608219,5,1
CVX,2023-03-14,0.7743958168833722,0.21143106564771244,0.014173149846564141,0.7602226670368081,0.7602226670368081,5,1
CVX,2023-03-15,0.04556713091326862,0.11619804738948152,0.8382348243161156,0.792667693402847,-0.792667693402847,5,1
CVX,2023-03-16,0.14747925440910495,0.5181116181040818,0.3344090851659402,0.18692983075683525,-0.18692983075683525,4,1
CVX,2023-03-17,0.766632022380129,0.2195583072577847,0.01380959766905819,0.7528224247110707,0.7528224247110707,4,1
CVX,2023-03-20,0.5849407444230729,0.13277663575771814,0.28228263188300445,0.3026581125400684,0.3026581125400684,5,1
CVX,2023-03-21,0.5367694798321204,0.11183363647885027,0.3513968969070541,0.1853725829250663,0.1853725829250663,3,1
CVX,2023-03-22,0.22690936639679132,0.24632668701259808,0.5267639573373208,0.2998545909405295,-0.2998545909405295,5,1
CVX,2023-03-23,0.3618599678930507,0.1150404229093033,0.5230995798669148,0.1612396119738641,-0.1612396119738641,4,1
CVX,2023-03-24,0.7081973741982179,0.20620618911699615,0.08559646623838478,0.6226009079598331,0.6226009079598331,4,1
CVX,2023-03-27,0.6254487899785542,0.08411716184977462,0.29043404634664466,0.3350147436319096,0.3350147436319096,5,1
CVX,2023-03-28,0.8661811529495589,0.12300291724928718,0.010815945144956537,0.8553652078046023,0.8553652078046023,3,1
CVX,2023-03-29,0.7060771542781193,0.1899110607463667,0.10401176058716707,0.6020653936909522,0.6020653936909522,5,1
CVX,2023-03-30,0.4480084195703116,0.3558596291324899,0.19613195369753272,0.2518764658727789,0.2518764658727789,5,1
CVX,2023-03-31,0.18233217519666908,0.17544072060404894,0.6422270955907382,0.4598949203940691,-0.4598949203940691,5,1
CVX,2023-04-03,0.2011502873198954,0.025643014754506994,0.773206669808544,0.5720563824886487,-0.5720563824886487,5,1
CVX,2023-04-04,0.9467514954849547,0.023894434199387787,0.029354087119269862,0.9173974083656848,0.9173974083656848,5,1
CVX,2023-04-05,0.6818299278697314,0.2613124433782231,0.05685761991058707,0.6249723079591444,0.6249723079591444,5,1
CVX,2023-04-06,0.6538893229094223,0.2893682675738928,0.05674244353264313,0.5971468793767791,0.5971468793767791,5,1
CVX,2023-04-10,0.8456444666629813,0.09095889402642858,0.06339662346061517,0.7822478432023662,0.7822478432023662,5,1
CVX,2023-04-11,0.012345005783905913,0.05507696494498449,0.9325779826599255,0.9202329768760196,-0.9202329768760196,3,1
CVX,2023-04-12,0.5337470470645217,0.31606253444289634,0.1501904174829981,0.3835566295815236,0.3835566295815236,5,1
CVX,2023-04-13,0.8125756002168896,0.15825297134230484,0.029171462663769614,0.78340413755312,0.78340413755312,4,1
CVX,2023-04-14,0.44399034083199435,0.16785843769038247,0.388151229435082,0.05583911139691233,0.05583911139691233,5,1
CVX,2023-04-17,0.036009577699887746,0.15152580800401155,0.8124645915851024,0.7764550138852147,-0.7764550138852147,2,1
CVX,2023-04-18,0.44218380494601167,0.18758959162892838,0.3702265778502202,0.0719572270957915,0.0719572270957915,5,1
CVX,2023-04-19,0.6018587688143366,0.11573174003716455,0.2824094699556295,0.31944929885870715,0.31944929885870715,5,1
CVX,2023-04-20,0.5590290186192172,0.42116326278466204,0.0198076985566504,0.5392213200625667,0.5392213200625667,5,1
CVX,2023-04-21,0.10964601871450962,0.29160382547023594,0.5987501381696242,0.48910411945511456,-0.48910411945511456,5,1
CVX,2023-04-24,0.6835491967532634,0.17117761114326344,0.14527320432175517,0.5382759924315083,0.5382759924315083,5,1
CVX,2023-04-25,0.26953009940101236,0.4155684372623988,0.31490148061873136,0.045371381217719,-0.045371381217719,4,1
CVX,2023-04-26,0.5273750301799726,0.28903309872717786,0.1835918651586199,0.34378316502135264,0.34378316502135264,4,1
CVX,2023-04-27,0.558829245402059,0.2759694986745835,0.16520125825617699,0.39362798714588204,0.39362798714588204,5,1
CVX,2023-04-28,0.19784073440634523,0.02096927471229978,0.7811899736963682,0.583349239290023,-0.583349239290023,5,1
CVX,2023-05-01,0.6707429905461194,0.13244693400166857,0.19681006164802634,0.4739329288980931,0.4739329288980931,5,1
CVX,2023-05-02,0.24120936524645334,0.11931338786004297,0.6394772185002587,0.3982678532538054,-0.3982678532538054,5,1
CVX,2023-05-03,0.3157074039198806,0.03720169347444806,0.6470908780510477,0.3313834741311671,-0.3313834741311671,3,1
CVX,2023-05-04,0.8319566086346604,0.1517773647265419,0.016266056220714302,0.8156905524139461,0.8156905524139461,3,1
CVX,2023-05-05,0.7886489453644192,0.19067066965349233,0.020680379265519577,0.7679685660988996,0.7679685660988996,5,1
CVX,2023-05-08,0.3285571409844512,0.09637559724911113,0.5750672971013121,0.2465101561168609,-0.2465101561168609,5,1
CVX,2023-05-09,0.043624591074762915,0.03500178312835787,0.9213736525218368,0.8777490614470739,-0.8777490614470739,4,1
CVX,2023-05-10,0.5287391590750878,0.061370062827838495,0.4098907855027448,0.11884837357234301,0.11884837357234301,5,1
CVX,2023-05-11,0.7217270211700331,0.2700008064814711,0.008272123990735783,0.7134548971792973,0.7134548971792973,5,1
CVX,2023-05-12,0.758000727713397,0.03651953631997721,0.20547974056765117,0.5525209871457458,0.5525209871457458,5,1
CVX,2023-05-15,0.6778877639225355,0.28866761687148756,0.033444625467206376,0.6444431384553291,0.6444431384553291,5,1
CVX,2023-05-16,0.029332821981919104,0.8767510194436625,0.09391613787544362,0.0645833158935245,-0.0645833158935245,3,1
CVX,2023-05-17,0.3793867978887421,0.061679372571670256,0.5589338065382435,0.17954700864950146,-0.17954700864950146,5,1
CVX,2023-05-18,0.2905004593279226,0.11087031003876681,0.5986292456589852,0.3081287863310626,-0.3081287863310626,5,1
CVX,2023-05-19,0.5110788480391505,0.07637033313167409,0.4125508360900838,0.09852801194906669,0.09852801194906669,5,1
CVX,2023-05-22,0.5627662885154635,0.03849438833855634,0.3987393157789886,0.16402697273647493,0.16402697273647493,5,1
CVX,2023-05-23,0.23304553930584676,0.06591742354098097,0.7010370262627484,0.4679914869569017,-0.4679914869569017,5,1
CVX,2023-05-24,0.5743240247548376,0.15294928078360848,0.2727266938652034,0.3015973308896342,0.3015973308896342,5,1
CVX,2023-05-25,0.5719574778893457,0.04105756175298099,0.38698497742405746,0.18497250046528824,0.18497250046528824,5,1
CVX,2023-05-26,0.5647005975119301,0.04019011203436416,0.395109313338802,0.16959128417312813,0.16959128417312813,5,1
CVX,2023-05-30,0.45053560496639206,0.05395459725488858,0.49550984688573907,0.04497424191934701,-0.04497424191934701,4,1
CVX,2023-05-31,0.195262340231649,0.08361295881332133,0.7211246957210291,0.5258623554893801,-0.5258623554893801,5,1
CVX,2023-06-01,0.1987016232920862,0.10100168241725316,0.7002967137582823,0.5015950904661961,-0.5015950904661961,5,1
CVX,2023-06-02,0.38588313242960437,0.024607664310611184,0.5895092049755901,0.20362607254598575,-0.20362607254598575,5,1
CVX,2023-06-05,0.6582195096586724,0.1504652713089546,0.19131522026320852,0.46690428939546386,0.46690428939546386,5,1
CVX,2023-06-06,0.2923500010777655,0.07271991326589586,0.6349300632444403,0.34258006216667486,-0.34258006216667486,5,1
CVX,2023-06-07,0.03069602967882539,0.17679211438671794,0.7925118032794588,0.7618157736006335,-0.7618157736006335,3,1
CVX,2023-06-08,0.2194754062543742,0.22795212632779807,0.5525724703342249,0.3330970640798506,-0.3330970640798506,5,1
CVX,2023-06-09,0.4606418933939624,0.1438811852123891,0.3954768972647158,0.06516499612924659,0.06516499612924659,5,1
CVX,2023-06-12,0.4683032091331504,0.1156624471227706,0.41603432551569053,0.05226888361745985,0.05226888361745985,4,1
CVX,2023-06-13,0.7646639824571507,0.17404530265686535,0.061290717236656474,0.7033732652204943,0.7033732652204943,5,1
CVX,2023-06-14,0.5978350088770319,0.13911108206950892,0.2630538714979126,0.3347811373791193,0.3347811373791193,5,1
CVX,2023-06-15,0.8068662631231416,0.09701870478252861,0.09611506768736293,0.7107511954357787,0.7107511954357787,5,1
CVX,2023-06-16,0.8497090963376144,0.13756413334839948,0.01272675808802143,0.8369823382495929,0.8369823382495929,5,1
CVX,2023-06-20,0.45430265340210546,0.13825777335485814,0.4074395710434551,0.04686308235865039,0.04686308235865039,5,1
CVX,2023-06-21,0.5689905455024461,0.09276344469276573,0.3382459793103962,0.23074456619204992,0.23074456619204992,4,1
CVX,2023-06-22,0.558109331568864,0.18681521652555064,0.2550754807620199,0.3030338508068441,0.3030338508068441,5,1
CVX,2023-06-23,0.26563964483470154,0.5939032868932321,0.14045708920381772,0.12518255563088382,0.12518255563088382,4,1
CVX,2023-06-26,0.033692652592211055,0.21076999482361652,0.7555373140982228,0.7218446615060117,-0.7218446615060117,4,1
CVX,2023-06-27,0.507495366311835,0.17332557808214408,0.3191790569970965,0.18831630931473853,0.18831630931473853,5,1
CVX,2023-06-28,0.08711096257228425,0.5818284372835608,0.3310605764056003,0.2439496138333161,-0.2439496138333161,3,1
CVX,2023-06-29,0.5714151503839348,0.10323083005119496,0.32535400747176757,0.24606114291216719,0.24606114291216719,4,1
CVX,2023-06-30,0.50308705386891,0.04047250231307161,0.45644045645353154,0.04664659741537841,0.04664659741537841,5,1
CVX,2023-07-03,0.5613097938480651,0.04071035264212501,0.39797987450875205,0.16332991933931307,0.16332991933931307,5,1
CVX,2023-07-05,0.4416997260950527,0.2617806620501782,0.29651959326753174,0.14518013282752096,0.14518013282752096,5,1
CVX,2023-07-06,0.45047030877835903,0.16926731139076584,0.38026239182509713,0.0702079169532619,0.0702079169532619,5,1
CVX,2023-07-07,0.048623528180140416,0.09741490893268144,0.8539615357857094,0.8053380076055691,-0.8053380076055691,5,1
CVX,2023-07-10,0.05763801888202322,0.1383031911338502,0.8040588174874366,0.7464207986054133,-0.7464207986054133,3,1
CVX,2023-07-11,0.5531253744037976,0.03894598800406922,0.40792864400974893,0.14519673039404868,0.14519673039404868,5,1
CVX,2023-07-12,0.41215908643188287,0.27280087115702384,0.31504004041392625,0.09711904601795662,0.09711904601795662,5,1
CVX,2023-07-13,0.4831526919638603,0.1742388628749652,0.3426084460377875,0.14054424592607279,0.14054424592607279,5,1
CVX,2023-07-14,0.29115974722346,0.12301659992839759,0.5858236956632589,0.2946639484397989,-0.2946639484397989,5,1
CVX,2023-07-17,0.7165905419603721,0.26131075001469506,0.022098710615181396,0.6944918313451907,0.6944918313451907,4,1
CVX,2023-07-18,0.1201938637059175,0.23286300984501115,0.6469431266924758,0.5267492629865582,-0.5267492629865582,4,1
CVX,2023-07-19,0.4894356552475504,0.5016908452262208,0.008873490542955699,0.4805621647045947,0.4805621647045947,2,1
CVX,2023-07-20,0.7830955456171623,0.17895889315012675,0.037945559736734434,0.7451499858804279,0.7451499858804279,5,1
CVX,2023-07-21,0.34588178989996304,0.05577565562638841,0.598342554829151,0.25246076492918795,-0.25246076492918795,5,1
CVX,2023-07-24,0.3878129321543531,0.026806056893128268,0.5853809982274304,0.1975680660730773,-0.1975680660730773,5,1
CVX,2023-07-25,0.9117296965255589,0.057521087179650855,0.030749200729364153,0.8809804957961948,0.8809804957961948,5,1
CVX,2023-07-26,0.6184422195099014,0.12178825544307348,0.25976946176439975,0.35867275774550167,0.35867275774550167,4,1
CVX,2023-07-27,0.10937116695824846,0.1778824889454569,0.7127463136317561,0.6033751466735077,-0.6033751466735077,5,1
CVX,2023-07-28,0.009462395286784156,0.01708903674752292,0.9734485846550511,0.963986189368267,-0.963986189368267,5,1
CVX,2023-07-31,0.1942431076445398,0.018727260704710588,0.7870296251552155,0.5927865175106757,-0.5927865175106757,5,1
CVX,2023-08-01,0.08226908713684762,0.0481476703325396,0.869583249191776,0.7873141620549283,-0.7873141620549283,5,1
CVX,2023-08-02,0.4009791246985684,0.14096694881076574,0.45805390027048337,0.05707477557191498,-0.05707477557191498,4,1
CVX,2023-08-03,0.44297349893325805,0.14977495315456096,0.4072515359214625,0.03572196301179553,0.03572196301179553,5,1
CVX,2023-08-04,0.7497055418126894,0.04697512881199199,0.20331930530630182,0.5463862365063876,0.5463862365063876,5,1
CVX,2023-08-07,0.7828736202769057,0.13710396220443444,0.08002236665006492,0.7028512536268408,0.7028512536268408,4,1
CVX,2023-08-08,0.6825243151684807,0.3024266809025261,0.015049016829744022,0.6674752983387366,0.6674752983387366,4,1
CVX,2023-08-09,0.4226780476663283,0.03759806726856194,0.5397239275028862,0.1170458798365579,-0.1170458798365579,5,1
CVX,2023-08-10,0.17205643258562284,0.026847997414914802,0.8010955865670504,0.6290391539814275,-0.6290391539814275,5,1
CVX,2023-08-11,0.18747587613806133,0.02800261838269411,0.7845215129944682,0.5970456368564068,-0.5970456368564068,5,1
CVX,2023-08-14,0.17927665934988185,0.08838808751579987,0.7323352683990458,0.553058609049164,-0.553058609049164,5,1
CVX,2023-08-15,0.2900111962462177,0.0771187195143631,0.6328700702583029,0.3428588740120852,-0.3428588740120852,5,1
CVX,2023-08-16,0.37903461157754464,0.022287707691340284,0.5986776535748833,0.2196430419973387,-0.2196430419973387,5,1
CVX,2023-08-17,0.017233414201282767,0.021957586912406672,0.960808985965953,0.9435755717646702,-0.9435755717646702,5,1
CVX,2023-08-18,0.0132089682850928,0.029963907907003626,0.956827150414728,0.9436181821296352,-0.9436181821296352,5,1
CVX,2023-08-21,0.1980531919048148,0.030090725735652205,0.7718561013864503,0.5738029094816355,-0.5738029094816355,5,1
CVX,2023-08-22,0.3061544409456133,0.03914518970314331,0.6547003749390794,0.3485459339934661,-0.3485459339934661,5,1
CVX,2023-08-23,0.3720676216742371,0.04348215398170544,0.5844502200365622,0.2123825983623251,-0.2123825983623251,5,1
CVX,2023-08-24,0.41252493977922755,0.10366095940451239,0.4838140684141975,0.07128912863496994,-0.07128912863496994,5,1
CVX,2023-08-25,0.039935019090443176,0.04206178977879074,0.9180031627889773,0.8780681436985341,-0.8780681436985341,5,1
CVX,2023-08-28,0.20457035844117508,0.026535639815242446,0.7688939702377695,0.5643236117965944,-0.5643236117965944,5,1
CVX,2023-08-29,0.012980929820733239,0.020249167914637996,0.966769920787713,0.9537889909669797,-0.9537889909669797,5,1
CVX,2023-08-30,0.37190854552845665,0.02152446498085814,0.6065669617673984,0.2346584162389418,-0.2346584162389418,5,1
CVX,2023-08-31,0.45330245388030266,0.13571734054528278,0.41098021940480367,0.04232223447549899,0.04232223447549899,5,1
CVX,2023-09-01,0.012863670048392683,0.02960344277971501,0.9575328834341783,0.9446692133857856,-0.9446692133857856,5,1
CVX,2023-09-05,0.18943366946187423,0.03271498395074744,0.7778513362196541,0.5884176667577798,-0.5884176667577798,5,1
CVX,2023-09-06,0.19794742390600004,0.048111777103291425,0.7539407962323001,0.5559933723263001,-0.5559933723263001,5,1
CVX,2023-09-07,0.010102970766303863,0.02853797406992104,0.9613590765359511,0.9512561057696473,-0.9512561057696473,5,1
CVX,2023-09-08,0.009812714959364834,0.01906157852278887,0.9711257222816564,0.9613130073222915,-0.9613130073222915,5,1
CVX,2023-09-11,0.37833850585547063,0.026734890950515056,0.5949266258359597,0.21658811998048905,-0.21658811998048905,5,1
CVX,2023-09-12,0.22508084480872004,0.023358454416273804,0.7515606714763133,0.5264798266675933,-0.5264798266675933,5,1
CVX,2023-09-13,0.42197987553591526,0.0454100912041978,0.5326100368403571,0.11063016130444187,-0.11063016130444187,5,1
CVX,2023-09-14,0.2624637451550897,0.13206839218100733,0.6054678627348857,0.34300411757979604,-0.34300411757979604,5,1
CVX,2023-09-15,0.012843116776861962,0.02104068125087127,0.9661162048656979,0.9532730880888359,-0.9532730880888359,5,1
CVX,2023-09-18,0.21542901042657678,0.039390079827516036,0.7451808804107682,0.5297518699841914,-0.5297518699841914,5,1
CVX,2023-09-19,0.1974347740443374,0.025422210382476745,0.7771430202032491,0.5797082461589117,-0.5797082461589117,5,1
CVX,2023-09-20,0.3628824108134086,0.054110230693015064,0.5830073556801673,0.22012494486675865,-0.22012494486675865,5,1
CVX,2023-09-21,0.57721122430564,0.03877287287287749,0.38401590395648044,0.19319532034915954,0.19319532034915954,5,1
CVX,2023-09-22,0.5755619739337102,0.030234027132324526,0.39420396926949475,0.18135800466421548,0.18135800466421548,5,1
CVX,2023-09-25,0.7434137538109004,0.04537805099653055,0.21120819277926367,0.5322055610316367,0.5322055610316367,5,1
CVX,2023-09-26,0.3220137288420792,0.0768661523180494,0.6011201196255154,0.2791063907834362,-0.2791063907834362,5,1
CVX,2023-09-27,0.3495759368986596,0.08375332255931821,0.5666707415973103,0.21709480469865072,-0.21709480469865072,5,1
CVX,2023-09-28,0.801621706386184,0.16805180178789836,0.03032650342043379,0.7712952029657503,0.7712952029657503,5,1
CVX,2023-09-29,0.7974064573942312,0.13462662610210532,0.06796688791553121,0.7294395694787,0.7294395694787,5,1
CVX,2023-10-02,0.4479771568061803,0.05627976527319929,0.4957430633638209,0.047765906557640625,-0.047765906557640625,5,1
CVX,2023-10-03,0.524105139843047,0.11631327928566039,0.35958156318892165,0.16452357665412531,0.16452357665412531,5,1
CVX,2023-10-04,0.20972582317526062,0.03267652664577368,0.7575976520401587,0.547871828864898,-0.547871828864898,5,1
CVX,2023-10-05,0.011580530758344058,0.016703149718449238,0.9717163068343055,0.9601357760759615,-0.9601357760759615,5,1
CVX,2023-10-06,0.37727814048696123,0.023013308765207196,0.5997085582681224,0.22243041778116118,-0.22243041778116118,5,1
CVX,2023-10-09,0.19877941606206373,0.02797728881686639,0.7732433152823911,0.5744638992203274,-0.5744638992203274,5,1
CVX,2023-10-10,0.1951275487608981,0.03906037597397555,0.765812078436471,0.5706845296755729,-0.5706845296755729,5,1
CVX,2023-10-11,0.33328617861181764,0.15850454647096823,0.5082092806595172,0.17492310204769956,-0.17492310204769956,5,1
CVX,2023-10-12,0.4220596788049832,0.029531991974389736,0.5484083399180911,0.12634866111310794,-0.12634866111310794,5,1
CVX,2023-10-13,0.3818576655958194,0.027602090423863416,0.5905402675622135,0.20868260196639404,-0.20868260196639404,5,1
CVX,2023-10-16,0.08677538320679486,0.13960201894739557,0.7736226216123732,0.6868472384055783,-0.6868472384055783,5,1
CVX,2023-10-17,0.230693485979144,0.12428985098484098,0.6450166791664041,0.4143231931872602,-0.4143231931872602,5,1
CVX,2023-10-18,0.19223730195949548,0.024024540388565694,0.7837381710241651,0.5915008690646696,-0.5915008690646696,5,1
CVX,2023-10-19,0.5449419810566802,0.060282114119356835,0.3947758759799774,0.15016610507670286,0.15016610507670286,5,1
CVX,2023-10-20,0.4417935984616132,0.16726895050717971,0.39093747091589703,0.05085612754571617,0.05085612754571617,5,1
CVX,2023-10-23,0.013640293891223754,0.01726985870553535,0.9690898476429234,0.9554495537516996,-0.9554495537516996,5,1
CVX,2023-10-24,0.5827329579704634,0.04786974183220563,0.36939731750203403,0.2133356404684294,0.2133356404684294,5,1
CVX,2023-10-25,0.5621380333954059,0.03313057739523868,0.40473138760014665,0.15740664579525926,0.15740664579525926,5,1
CVX,2023-10-26,0.6443694531318969,0.10007261030415823,0.2555579727083606,0.38881148042353625,0.38881148042353625,5,1
CVX,2023-10-27,0.008215190152326326,0.016069382478813288,0.9757154299678398,0.9675002398155135,-0.9675002398155135,5,1
CVX,2023-10-30,0.3549016993726035,0.06200493470316478,0.5830933600188181,0.22819166064621454,-0.22819166064621454,5,1
CVX,2023-10-31,0.4598733074442248,0.18342426046045313,0.3567024309953421,0.10317087644888268,0.10317087644888268,5,1
CVX,2023-11-01,0.5648072364526852,0.07051392263038185,0.36467880646185485,0.2001284299908303,0.2001284299908303,5,1
CVX,2023-11-02,0.38498760719481345,0.028908863657094334,0.5861035321180721,0.20111592492325864,-0.20111592492325864,5,1
CVX,2023-11-03,0.3582666615513166,0.033444650694627084,0.6082886591343468,0.25002199758303023,-0.25002199758303023,5,1
CVX,2023-11-06,0.6417710405635527,0.05865299685795625,0.29957599804301266,0.34219504252054006,0.34219504252054006,4,1
CVX,2023-11-07,0.01016666529072696,0.019435172270507603,0.9703981714830339,0.9602315061923069,-0.9602315061923069,5,1
CVX,2023-11-08,0.21109269799936758,0.18506977664092245,0.603837517464559,0.39274481946519146,-0.39274481946519146,5,1
CVX,2023-11-09,0.3857750560445255,0.10528704186571232,0.508937909080612,0.12316285303608648,-0.12316285303608648,5,1
CVX,2023-11-10,0.3759122751651424,0.16927702672107003,0.4548106844219192,0.07889840925677677,-0.07889840925677677,5,1
CVX,2023-11-13,0.4874809468662592,0.12443099641116294,0.3880880445253272,0.09939290234093201,0.09939290234093201,5,1
CVX,2023-11-14,0.2852984970410959,0.13122153766525688,0.583479934539285,0.29818143749818915,-0.29818143749818915,5,1
CVX,2023-11-15,0.729684790425372,0.23648353983615716,0.03383172002714379,0.6958530703982283,0.6958530703982283,4,1
CVX,2023-11-16,0.6947494851540502,0.29571450443328934,0.009535989184808316,0.6852134959692419,0.6852134959692419,4,1
CVX,2023-11-17,0.8347899537714165,0.1510893570277918,0.014120689267525582,0.8206692645038909,0.8206692645038909,5,1
CVX,2023-11-20,0.06029672175645828,0.9278572201728821,0.01184597797691822,0.04845074377954006,0.04845074377954006,1,1
CVX,2023-11-21,0.6838212064591171,0.059089204834003706,0.2570896313633206,0.42673157509579657,0.42673157509579657,5,1
CVX,2023-11-22,0.11616136215316906,0.865695726857366,0.018142902349227913,0.09801845980394115,0.09801845980394115,2,1
CVX,2023-11-24,0.7322157501154795,0.22939212005634532,0.03839215546691193,0.6938235946485676,0.6938235946485676,5,1
CVX,2023-11-27,0.0,0.0,0.0,0.0,0.0,0,0
CVX,2023-11-28,0.24087864019036812,0.10796740363691262,0.6511539443798138,0.4102753041894457,-0.4102753041894457,5,1
CVX,2023-11-29,0.23783161300957675,0.1305257271847122,0.631642669528329,0.39381105651875226,-0.39381105651875226,5,1
CVX,2023-11-30,0.5984254553255114,0.3884516915038886,0.013122850298854067,0.5853026050266573,0.5853026050266573,5,1
CVX,2023-12-01,0.551232767886312,0.12873591027143508,0.320031330397766,0.23120143748854605,0.23120143748854605,5,1
CVX,2023-12-04,0.3793908941669169,0.10628483300181316,0.5143243126798216,0.1349334185129047,-0.1349334185129047,3,1
CVX,2023-12-05,0.2189918217201998,0.37778384545843174,0.4032243291474196,0.18423250742721983,-0.18423250742721983,5,1
CVX,2023-12-06,0.19828009420408088,0.03804223382805958,0.7636776633196415,0.5653975691155606,-0.5653975691155606,5,1
CVX,2023-12-07,0.555524358343564,0.12746995445450865,0.31700574095465506,0.2385186173889089,0.2385186173889089,5,1
CVX,2023-12-08,0.012309230726937943,0.016128950841638682,0.9715618389246137,0.9592526081976758,-0.9592526081976758,5,1
CVX,2023-12-11,0.7540257300727131,0.1658485771264483,0.08012570593853888,0.6739000241341743,0.6739000241341743,5,1
CVX,2023-12-12,0.8726073080237677,0.1147285511680089,0.012664186771862145,0.8599431212519056,0.8599431212519056,5,1
CVX,2023-12-13,0.6068721534331589,0.21981173213771169,0.17331613762202386,0.43355601581113506,0.43355601581113506,5,1
CVX,2023-12-14,0.0687265545129776,0.9209603667259216,0.010313035920262337,0.05841351859271526,0.05841351859271526,1,1
CVX,2023-12-15,0.37020425969266546,0.05017763611751504,0.5796180917417951,0.20941383204912967,-0.20941383204912967,5,1
DIS,2019-11-15,0.5032829844179583,0.17871171892021298,0.31800529971328245,0.18527768470467582,0.18527768470467582,5,1
DIS,2019-11-18,0.7124244488042705,0.14777517603541557,0.1398003644985993,0.5726240843056711,0.5726240843056711,5,1
DIS,2019-11-19,0.5418295559058339,0.2652724297607042,0.19289798744141848,0.3489315684644154,0.3489315684644154,5,1
DIS,2019-11-20,0.7845514720562942,0.18489439480299663,0.03055417383809732,0.7539972982181968,0.7539972982181968,5,1
DIS,2019-11-21,0.4994675035967196,0.13059943968135196,0.369933064036619,0.12953443956010058,0.12953443956010058,5,1
DIS,2019-11-22,0.35052013122547443,0.05033184584908939,0.5991479875997278,0.24862785637425333,-0.24862785637425333,5,1
DIS,2019-11-25,0.724547927448479,0.048758272744771326,0.22669378479333563,0.49785414265514333,0.49785414265514333,5,1
DIS,2019-11-26,0.740463394438704,0.042684994910444585,0.21685163561944149,0.5236117588192626,0.5236117588192626,5,1
DIS,2019-11-27,0.19397064117399457,0.039545995972977636,0.7664833668398532,0.5725127256658586,-0.5725127256658586,5,1
DIS,2019-11-29,0.743516935125033,0.1566800836467283,0.09980293021303152,0.6437140049120015,0.6437140049120015,5,1
DIS,2019-12-02,0.2112027751270034,0.029798103841354236,0.7589991212865186,0.5477963461595152,-0.5477963461595152,5,1
DIS,2019-12-03,0.0193407470477072,0.17992242974721076,0.8007368299762665,0.7813960829285593,-0.7813960829285593,5,1
DIS,2019-12-04,0.23260372517735833,0.272135157442242,0.4952611296507215,0.26265740447336317,-0.26265740447336317,5,1
DIS,2019-12-05,0.5206066548621667,0.047339111793628874,0.4320542305998773,0.08855242426228943,0.08855242426228943,5,1
DIS,2019-12-06,0.7582626199278065,0.03666351722775167,0.20507389234839804,0.5531887275794085,0.5531887275794085,5,1
DIS,2019-12-09,0.3087719110663584,0.10493576246445638,0.5862923242379388,0.2775204131715804,-0.2775204131715804,5,1
DIS,2019-12-10,0.6342171844407885,0.14201131038688122,0.22377148654313211,0.41044569789765634,0.41044569789765634,5,1
DIS,2019-12-11,0.7220071925744457,0.061006508352183304,0.2169863122601076,0.5050208803143381,0.5050208803143381,5,1
DIS,2019-12-12,0.7762672727320238,0.20986562884163107,0.013867099358257756,0.762400173373766,0.762400173373766,5,1
DIS,2019-12-13,0.05744989517814463,0.15106334589802664,0.7914867890735288,0.7340368938953842,-0.7340368938953842,5,1
DIS,2019-12-16,0.40635525687860313,0.2001488882973109,0.3934958094389871,0.012859447439616034,0.012859447439616034,5,1
DIS,2019-12-17,0.6043549229666499,0.35123869348898135,0.04440640554337764,0.5599485174232723,0.5599485174232723,5,1
DIS,2019-12-18,0.5053049603009443,0.11447126573455652,0.38022377515546907,0.12508118514547523,0.12508118514547523,5,1
DIS,2019-12-19,0.7897696311453941,0.14423043219390258,0.06599991359330447,0.7237697175520896,0.7237697175520896,5,1
DIS,2019-12-20,0.603063749284227,0.06485979272777743,0.33207643640983425,0.27098731287439276,0.27098731287439276,5,1
DIS,2019-12-23,0.5471084865085807,0.04851489087455252,0.40437661029983163,0.14273187620874905,0.14273187620874905,5,1
DIS,2019-12-24,0.7839772371920681,0.1724040682770811,0.04361871202769372,0.7403585251643744,0.7403585251643744,5,1
DIS,2019-12-26,0.6678793393894902,0.2730496492235791,0.059070974609194464,0.6088083647802958,0.6088083647802958,5,1
DIS,2019-12-27,0.43789591283772905,0.1776413101820408,0.3844627376176713,0.05343317522005775,0.05343317522005775,5,1
DIS,2019-12-30,0.021842910772502503,0.11992658313303466,0.8582304909743772,0.8363875802018746,-0.8363875802018746,5,1
DIS,2019-12-31,0.21549649194941456,0.10610783649923769,0.678395680982622,0.4628991890332075,-0.4628991890332075,5,1
DIS,2020-01-02,0.35867417780351374,0.14563686542715,0.4956889457361639,0.13701476793265016,-0.13701476793265016,5,1
DIS,2020-01-03,0.7202796915142553,0.08138493899791292,0.19833538761756686,0.5219443038966884,0.5219443038966884,5,1
DIS,2020-01-06,0.04554459239263719,0.11830188737235382,0.8361535256147383,0.7906089332221011,-0.7906089332221011,5,1
DIS,2020-01-07,0.5616949729967248,0.1397429841044699,0.2985620293844532,0.2631329436122716,0.2631329436122716,5,1
DIS,2020-01-08,0.7488252643069321,0.21301737719861558,0.038157363251416616,0.7106679010555155,0.7106679010555155,5,1
DIS,2020-01-09,0.9024697130714474,0.08468213703463229,0.012848116147054025,0.8896215969243934,0.8896215969243934,4,1
DIS,2020-01-10,0.3029540921513741,0.12527451813645146,0.5717714099112204,0.26881731775984635,-0.26881731775984635,5,1
DIS,2020-01-13,0.5969541088625695,0.32702349583298673,0.07602234288776959,0.5209317659748,0.5209317659748,3,1
DIS,2020-01-14,0.5702801881976701,0.10638891254085267,0.32333089028976625,0.24694929790790388,0.24694929790790388,5,1
DIS,2020-01-15,0.7738571996157859,0.15948804671675784,0.06665477521812464,0.7072024243976612,0.7072024243976612,5,1
DIS,2020-01-16,0.14704936117843326,0.2261105268246646,0.62684011689096,0.4797907557125267,-0.4797907557125267,5,1
DIS,2020-01-17,0.7669317792642962,0.2168580010854087,0.016210210453203245,0.750721568811093,0.750721568811093,5,1
DIS,2020-01-21,0.5505880458639321,0.033069430908477936,0.41634251667935734,0.13424552918457472,0.13424552918457472,5,1
DIS,2020-01-22,0.5553734503585727,0.05680172563778662,0.38782482137757557,0.1675486289809971,0.1675486289809971,5,1
DIS,2020-01-23,0.3308910739410383,0.11744846170733446,0.551660466849404,0.22076939290836567,-0.22076939290836567,5,1
DIS,2020-01-24,0.36638161000605146,0.03704468760939102,0.5965736902867506,0.2301920802806991,-0.2301920802806991,5,1
DIS,2020-01-27,0.019979142009798074,0.07208209170900935,0.9079387735978858,0.8879596315880877,-0.8879596315880877,5,1
DIS,2020-01-28,0.11565267088653941,0.29882282782454184,0.5855245172339822,0.46987184634744283,-0.46987184634744283,5,1
DIS,2020-01-29,0.12480914687344179,0.20984199091102385,0.6653488356020104,0.5405396887285686,-0.5405396887285686,5,1
DIS,2020-01-30,0.7461831931256199,0.21203795676231568,0.04177888637299783,0.704404306752622,0.704404306752622,5,1
DIS,2020-01-31,0.5036822596318218,0.1809513571056936,0.3153663756206584,0.1883158840111634,0.1883158840111634,5,1
DIS,2020-02-03,0.66009377195661,0.09620495069213164,0.24370132670762126,0.4163924452489888,0.4163924452489888,5,1
DIS,2020-02-04,0.7385133569965594,0.06732229205662382,0.19416435817977104,0.5443489988167883,0.5443489988167883,5,1
DIS,2020-02-05,0.582744347744958,0.03419706715271352,0.3830586079948179,0.1996857397501401,0.1996857397501401,5,1
DIS,2020-02-06,0.9020464975865706,0.08310344861147509,0.014850060009983065,0.8871964375765876,0.8871964375765876,5,1
DIS,2020-02-07,0.4076303742866298,0.04380335959197236,0.5485662271383043,0.14093585285167448,-0.14093585285167448,5,1
DIS,2020-02-10,0.5138708756494526,0.3443250252179875,0.14180410788427372,0.37206676776517883,0.37206676776517883,5,1
DIS,2020-02-11,0.34337347349690817,0.11742543406635125,0.5392011189780921,0.19582764548118392,-0.19582764548118392,5,1
DIS,2020-02-12,0.42269048678680365,0.03815095397339585,0.5391585506435853,0.11646806385678166,-0.11646806385678166,5,1
DIS,2020-02-13,0.8487255066691582,0.11110127733084973,0.04017320160402037,0.8085523050651379,0.8085523050651379,5,1
DIS,2020-02-14,0.7007223057684461,0.2888125204246634,0.010465150263405509,0.6902571555050405,0.6902571555050405,5,1
DIS,2020-02-18,0.22132851766178635,0.18614461420559428,0.5925268419514791,0.37119832428969274,-0.37119832428969274,5,1
DIS,2020-02-19,0.7875420561758687,0.1289012149221841,0.08355674453387839,0.7039853116419903,0.7039853116419903,5,1
DIS,2020-02-20,0.29797599862655166,0.11125700213534524,0.5907669924752064,0.2927909938486547,-0.2927909938486547,5,1
DIS,2020-02-21,0.40673669386925954,0.16611843682264302,0.42714486351297365,0.020408169643714114,-0.020408169643714114,5,1
DIS,2020-02-24,0.10370141366369964,0.16798488115319749,0.7283137295598564,0.6246123158961567,-0.6246123158961567,5,1
DIS,2020-02-25,0.268982782147326,0.29536676050449573,0.43565045379957035,0.16666767165224433,-0.16666767165224433,5,1
DIS,2020-02-26,0.1972158732699564,0.17022525624134927,0.6325588901001142,0.43534301683015786,-0.43534301683015786,5,1
DIS,2020-02-27,0.027670572632699904,0.06769464643480161,0.9046347633642086,0.8769641907315087,-0.8769641907315087,5,1
DIS,2020-02-28,0.03360627403881684,0.06002797835004838,0.9063657655904349,0.872759491551618,-0.872759491551618,5,1
DIS,2020-03-02,0.10242226452400668,0.13176651354269173,0.7658112310882846,0.6633889665642779,-0.6633889665642779,5,1
DIS,2020-03-03,0.17896765041990323,0.036074229048546055,0.7849581042213496,0.6059904538014463,-0.6059904538014463,5,1
DIS,2020-03-04,0.17380365086284402,0.1960502293046352,0.6301461338619581,0.45634248299911406,-0.45634248299911406,5,1
DIS,2020-03-05,0.02752924026952973,0.04705354789105127,0.9254172095528329,0.8978879692833032,-0.8978879692833032,5,1
DIS,2020-03-06,0.256663948690705,0.09845423694075682,0.6448817919123138,0.38821784322160874,-0.38821784322160874,5,1
DIS,2020-03-09,0.2493213161271755,0.1370603498597842,0.6136183403725695,0.36429702424539395,-0.36429702424539395,5,1
DIS,2020-03-10,0.5486827065559755,0.1476366873966325,0.30368059451754764,0.24500211203842787,0.24500211203842787,5,1
DIS,2020-03-11,0.4657150562473127,0.09800896878060031,0.4362759908464391,0.0294390654008736,0.0294390654008736,5,1
DIS,2020-03-12,0.009137235933441882,0.027088904559269385,0.963773851749104,0.9546366158156622,-0.9546366158156622,5,1
DIS,2020-03-13,0.00825379528521799,0.04121304396681175,0.9505331653143667,0.9422793700291487,-0.9422793700291487,5,1
DIS,2020-03-16,0.009891784099737238,0.022026889692902323,0.9680813262437694,0.9581895421440322,-0.9581895421440322,5,1
DIS,2020-03-17,0.00978504239229182,0.043332209099682724,0.9468827443999541,0.9370977020076623,-0.9370977020076623,5,1
DIS,2020-03-18,0.021046327708272642,0.09528049949264752,0.8836731805852253,0.8626268528769526,-0.8626268528769526,5,1
DIS,2020-03-19,0.3567271339740437,0.05120915294194881,0.5920637373299599,0.23533660335591616,-0.23533660335591616,5,1
DIS,2020-03-20,0.009878899784336287,0.03311538152631739,0.9570057163700081,0.9471268165856718,-0.9471268165856718,5,1
DIS,2020-03-23,0.08454348630351309,0.12037145891980801,0.7950850591917432,0.7105415728882302,-0.7105415728882302,5,1
DIS,2020-03-24,0.1433939088148934,0.053750791132202144,0.8028553220151183,0.659461413200225,-0.659461413200225,5,1
DIS,2020-03-25,0.33650408829137163,0.20180256999500085,0.4616933611996788,0.12518927290830717,-0.12518927290830717,5,1
DIS,2020-03-26,0.41330301353665705,0.045560137302045146,0.5411368276125165,0.12783381407585942,-0.12783381407585942,5,1
DIS,2020-03-27,0.010865870536903894,0.023999146927732754,0.9651349829962018,0.9542691124592979,-0.9542691124592979,5,1
DIS,2020-03-30,0.20475106131682602,0.04036466250538654,0.7548842683378729,0.550133207021047,-0.550133207021047,5,1
DIS,2020-03-31,0.01842928994333007,0.0645399840571887,0.9170307175647566,0.8986014276214266,-0.8986014276214266,3,1
DIS,2020-04-01,0.01652115007699636,0.056304120474512796,0.9271747190762695,0.9106535689992731,-0.9106535689992731,5,1
DIS,2020-04-02,0.24889072149163607,0.11372444759245276,0.6373848228863739,0.38849410139473783,-0.38849410139473783,5,1
DIS,2020-04-03,0.007865739719431568,0.020109182273316765,0.9720250366214594,0.9641592969020278,-0.9641592969020278,5,1
DIS,2020-04-06,0.12902182193020265,0.10251502553774257,0.7684631501115572,0.6394413281813546,-0.6394413281813546,5,1
DIS,2020-04-07,0.18536774525102806,0.11147705757277494,0.7031552172677747,0.5177874720167467,-0.5177874720167467,5,1
DIS,2020-04-08,0.5561691094093226,0.06147181410385585,0.38235909665138157,0.17381001275794106,0.17381001275794106,5,1
DIS,2020-04-09,0.19614237146404576,0.027449906866219367,0.7764076941055718,0.580265322641526,-0.580265322641526,5,1
DIS,2020-04-13,0.38596027929670534,0.026961493895072106,0.5870782465914712,0.2011179672947659,-0.2011179672947659,5,1
DIS,2020-04-14,0.380950884270501,0.28492290268437787,0.3341262225421094,0.046824661728391614,0.046824661728391614,5,1
DIS,2020-04-15,0.29133788983462683,0.07332035100265138,0.6353417513461671,0.3440038615115403,-0.3440038615115403,5,1
DIS,2020-04-16,0.02645468248933912,0.058832976847168046,0.914712335648095,0.8882576531587558,-0.8882576531587558,5,1
DIS,2020-04-17,0.3096370103214109,0.10538120071322199,0.5849817785204587,0.27534476819904785,-0.27534476819904785,5,1
DIS,2020-04-20,0.009073794868434916,0.023917444834883374,0.9670087419025878,0.9579349470341528,-0.9579349470341528,5,1
DIS,2020-04-21,0.19629823213565684,0.034242276848575344,0.7694594868443816,0.5731612547087248,-0.5731612547087248,5,1
DIS,2020-04-22,0.12822323385607093,0.0893347402660729,0.7824420420983925,0.6542188082423216,-0.6542188082423216,5,1
DIS,2020-04-23,0.2797477316126656,0.11455637322624014,0.6056958992211985,0.3259481676085329,-0.3259481676085329,5,1
DIS,2020-04-24,0.24682020594898785,0.07870876297400219,0.6744710155403668,0.42765080959137897,-0.42765080959137897,5,1
DIS,2020-04-27,0.4655207989699521,0.07074004931628435,0.46373914492667156,0.0017816540432805117,0.0017816540432805117,5,1
DIS,2020-04-28,0.44970192304327344,0.15012791518853735,0.4001701637766525,0.049531759266620956,0.049531759266620956,5,1
DIS,2020-04-29,0.4493465036841579,0.18372326448620796,0.36693021307156226,0.08241629061259564,0.08241629061259564,5,1
DIS,2020-04-30,0.15395391755788176,0.17044001863406097,0.6756060611293873,0.5216521435715055,-0.5216521435715055,5,1
DIS,2020-05-01,0.34297995641921,0.07773484615291305,0.5792851925959792,0.23630523617676924,-0.23630523617676924,5,1
DIS,2020-05-04,0.008606434327365744,0.019740187544660778,0.9716533593879705,0.9630469250606047,-0.9630469250606047,5,1
DIS,2020-05-05,0.013939354781950967,0.021388749779275438,0.9646718936466607,0.9507325388647098,-0.9507325388647098,5,1
DIS,2020-05-06,0.011311891974458957,0.01869307331493821,0.9699950157773823,0.9586831238029234,-0.9586831238029234,5,1
DIS,2020-05-07,0.35789145788976673,0.2511110283176021,0.3909974965001167,0.03310603861035,-0.03310603861035,5,1
DIS,2020-05-08,0.012483198867874022,0.026736990264526132,0.9607797871106083,0.9482965882427343,-0.9482965882427343,5,1
DIS,2020-05-11,0.2648920292996342,0.2837684780084434,0.45133948909498656,0.18644745979535238,-0.18644745979535238,5,1
DIS,2020-05-12,0.30774358223680887,0.10086281769025755,0.5913936083910496,0.28365002615424073,-0.28365002615424073,5,1
DIS,2020-05-13,0.24420586638819003,0.21440299478373534,0.5413911328638533,0.2971852664756633,-0.2971852664756633,5,1
DIS,2020-05-14,0.22961682066523548,0.134572811349625,0.6358103668283339,0.40619354616309844,-0.40619354616309844,5,1
DIS,2020-05-15,0.02120158911481453,0.028252608147702092,0.9505457948203486,0.9293442057055341,-0.9293442057055341,5,1
DIS,2020-05-18,0.43819152982178056,0.16464089381438302,0.3971675873820301,0.04102394243975044,0.04102394243975044,5,1
DIS,2020-05-19,0.25239644487838636,0.1370964263063184,0.6105071332874147,0.3581106884090283,-0.3581106884090283,5,1
DIS,2020-05-20,0.13463465899689284,0.21680186984632574,0.6485634879352958,0.513928828938403,-0.513928828938403,5,1
DIS,2020-05-21,0.5562492324712326,0.06553705660064187,0.37821371482083566,0.17803551765039693,0.17803551765039693,5,1
DIS,2020-05-22,0.06691962274737995,0.2814972087285508,0.6515831775925722,0.5846635548451923,-0.5846635548451923,5,1
DIS,2020-05-26,0.025230792442087997,0.2969823665057278,0.6777867711287063,0.6525559786866183,-0.6525559786866183,5,1
DIS,2020-05-27,0.38439911606578825,0.027231619257527383,0.5883692961906363,0.20397018012484802,-0.20397018012484802,5,1
DIS,2020-05-28,0.20106070041943552,0.029188912473679465,0.7697503701459487,0.5686896697265131,-0.5686896697265131,5,1
DIS,2020-05-29,0.20952554366640547,0.19980319706713096,0.5906712887135869,0.3811457450471814,-0.3811457450471814,5,1
DIS,2020-06-01,0.37407341207406386,0.18679990553797596,0.4391267123329011,0.06505330025883727,-0.06505330025883727,5,1
DIS,2020-06-02,0.18978665675766612,0.17638546877719857,0.633827865883862,0.4440412091261958,-0.4440412091261958,5,1
DIS,2020-06-03,0.6412638266215998,0.2954133913605456,0.06332277460994204,0.5779410520116577,0.5779410520116577,5,1
DIS,2020-06-04,0.2614945785160649,0.7233327468563665,0.015172706280527982,0.24632187223553692,0.24632187223553692,4,1
DIS,2020-06-05,0.6258698010976937,0.10320391970860024,0.2709262969733783,0.35494350412431547,0.35494350412431547,5,1
DIS,2020-06-08,0.3269422570815083,0.5937800243309611,0.07927772944923812,0.2476645276322702,0.2476645276322702,5,1
DIS,2020-06-09,0.03423877605300341,0.0890353688106239,0.8767258652700817,0.8424870892170783,-0.8424870892170783,5,1
DIS,2020-06-10,0.2355686815838013,0.13047569262090453,0.6339556520181155,0.39838697043431426,-0.39838697043431426,5,1
DIS,2020-06-11,0.02608439466263513,0.04902047795155031,0.9248951030539055,0.8988107083912704,-0.8988107083912704,5,1
DIS,2020-06-12,0.3366580920034829,0.08171067128299372,0.5816312652709663,0.2449731732674834,-0.2449731732674834,5,1
DIS,2020-06-15,0.3601361843725379,0.15345397587872664,0.4864098628931959,0.12627367852065796,-0.12627367852065796,4,1
DIS,2020-06-16,0.5862650573750882,0.35383936436056224,0.0598955027130026,0.5263695546620856,0.5263695546620856,3,1
DIS,2020-06-17,0.5455697550799584,0.3953918111651644,0.059038416877390594,0.48653133820256783,0.48653133820256783,5,1
DIS,2020-06-18,0.5453543161140325,0.10445394174832802,0.35019171605987204,0.19516260005416047,0.19516260005416047,5,1
DIS,2020-06-19,0.09822755304118837,0.14245886334964153,0.7593135700300904,0.661086016988902,-0.661086016988902,5,1
DIS,2020-06-22,0.44837003238031314,0.2514490239390326,0.3001809256749118,0.14818910670540136,0.14818910670540136,5,1
DIS,2020-06-23,0.8550514806321112,0.11936664992924584,0.025581885553716807,0.8294695950783945,0.8294695950783945,5,1
DIS,2020-06-24,0.07176458763165927,0.115095516518616,0.8131398934526354,0.7413753058209761,-0.7413753058209761,5,1
DIS,2020-06-25,0.009649753430518913,0.016305421016471238,0.9740448240682094,0.9643950706376905,-0.9643950706376905,5,1
DIS,2020-06-26,0.02591566532213279,0.12191070035326605,0.8521736289277583,0.8262579636056255,-0.8262579636056255,5,1
DIS,2020-06-29,0.298991189977586,0.1193389065826253,0.5816699269854736,0.2826787370078876,-0.2826787370078876,5,1
DIS,2020-06-30,0.36774040586854073,0.13627104094532105,0.49598858206979485,0.12824817620125412,-0.12824817620125412,5,1
DIS,2020-07-01,0.4310919977294209,0.2326652717520794,0.3362427572085309,0.09484924052089,0.09484924052089,5,1
DIS,2020-07-02,0.30158286632558895,0.2085873394682579,0.48982977789841403,0.18824691157282508,-0.18824691157282508,5,1
DIS,2020-07-06,0.333902694480661,0.06670394823952941,0.5993933788972537,0.26549068441659274,-0.26549068441659274,5,1
DIS,2020-07-07,0.19694124411882274,0.14569777961096986,0.6573609690758505,0.46041972495702777,-0.46041972495702777,5,1
DIS,2020-07-08,0.08250888668111146,0.32921599490719455,0.5882751193495551,0.5057662326684437,-0.5057662326684437,5,1
DIS,2020-07-09,0.1894022640503977,0.256414829864258,0.554182925272038,0.3647806612216403,-0.3647806612216403,5,1
DIS,2020-07-10,0.5338331683823591,0.09317154734618925,0.37299529684033994,0.16083787154201912,0.16083787154201912,5,1
DIS,2020-07-13,0.6023032876976847,0.15487954326342396,0.24281713290982646,0.3594861547878583,0.3594861547878583,5,1
DIS,2020-07-14,0.5951026829070741,0.16493061883113674,0.23996671169051198,0.35513597121656215,0.35513597121656215,5,1
DIS,2020-07-15,0.21621443417566613,0.1244746660050754,0.6593109278904211,0.443096493714755,-0.443096493714755,5,1
DIS,2020-07-16,0.0689085012283578,0.13179705821976517,0.7992944597039687,0.7303859584756109,-0.7303859584756109,5,1
DIS,2020-07-17,0.01162606061469626,0.027034717754220807,0.9613392456889575,0.9497131850742612,-0.9497131850742612,5,1
DIS,2020-07-20,0.018731304248289338,0.14737305409371296,0.8338956448652826,0.8151643406169933,-0.8151643406169933,5,1
DIS,2020-07-21,0.5535416031070692,0.3761942609380092,0.07026409033268018,0.4832775127743891,0.4832775127743891,5,1
DIS,2020-07-22,0.2601812203906163,0.186834002948241,0.552984751489603,0.2928035310989867,-0.2928035310989867,5,1
DIS,2020-07-23,0.019821502117669088,0.03330859412265522,0.9468699144800315,0.9270484123623625,-0.9270484123623625,5,1
DIS,2020-07-24,0.15883405921919996,0.0910548782400108,0.7501110840824206,0.5912770248632206,-0.5912770248632206,5,1
DIS,2020-07-27,0.013175897644377352,0.16352387808143207,0.8233002025980091,0.8101243049536317,-0.8101243049536317,2,1
DIS,2020-07-28,0.4167665880579765,0.29368637085682403,0.2895470285057754,0.1272195595522011,0.1272195595522011,5,1
DIS,2020-07-29,0.1361631166317673,0.38933012649817633,0.4745067651626849,0.3383436485309176,-0.3383436485309176,4,1
DIS,2020-07-30,0.1692593178065115,0.39881630472693086,0.4319243446371591,0.26266502683064763,-0.26266502683064763,5,1
DIS,2020-07-31,0.013543709600066905,0.035454170935916664,0.9510021348465281,0.9374584252464612,-0.9374584252464612,5,1
DIS,2020-08-03,0.7248604615146902,0.11317542716610822,0.16196407985172942,0.5628963816629607,0.5628963816629607,5,1
DIS,2020-08-04,0.011857860015964167,0.014684951092480416,0.9734572187627986,0.9615993587468344,-0.9615993587468344,5,1
DIS,2020-08-05,0.01797136629990018,0.013497778522794877,0.968530833416161,0.9505594671162608,-0.9505594671162608,5,1
DIS,2020-08-06,0.3140963680640033,0.06720689754696482,0.6186967299218055,0.30460036185780215,-0.30460036185780215,5,1
DIS,2020-08-07,0.18042844123123972,0.03569066452270919,0.7838808654199844,0.6034524241887447,-0.6034524241887447,5,1
DIS,2020-08-10,0.15095646655183417,0.23113679902253373,0.6179067113053014,0.46695024475346725,-0.46695024475346725,5,1
DIS,2020-08-11,0.49646656612073214,0.17709524196276583,0.32643822647203147,0.17002833964870068,0.17002833964870068,5,1
DIS,2020-08-12,0.030291414011921914,0.05382505944759288,0.9158835250443246,0.8855921110324027,-0.8855921110324027,5,1
DIS,2020-08-13,0.29545257377849243,0.12270866375731233,0.5818387817225047,0.28638620794401226,-0.28638620794401226,5,1
DIS,2020-08-14,0.21552166001657785,0.08747830400035564,0.6970000349019327,0.4814783748853549,-0.4814783748853549,5,1
DIS,2020-08-17,0.9150118739628028,0.05044770307789642,0.034540425984923226,0.8804714479778796,0.8804714479778796,5,1
DIS,2020-08-18,0.26446709772466287,0.1315657613142452,0.6039671135803623,0.3395000158556994,-0.3395000158556994,5,1
DIS,2020-08-19,0.057110945782419126,0.21381220103346718,0.7290768970908184,0.6719659513083992,-0.6719659513083992,3,1
DIS,2020-08-20,0.4720496054071533,0.17284847684376567,0.3551018892569926,0.1169477161501607,0.1169477161501607,5,1
DIS,2020-08-21,0.26891832770861424,0.7164480198205542,0.014633652932611534,0.2542846747760027,0.2542846747760027,5,1
DIS,2020-08-24,0.21456542151289323,0.19402518253229797,0.5914093927826528,0.37684397126975955,-0.37684397126975955,4,1
DIS,2020-08-25,0.2593548744259204,0.7291768697456746,0.011468260483237654,0.24788661394268277,0.24788661394268277,2,1
DIS,2020-08-26,0.1797950151665824,0.10992657342877626,0.7102784369741376,0.5304834218075553,-0.5304834218075553,5,1
DIS,2020-08-27,0.06598126857556243,0.4446944895259822,0.48932422531317354,0.42334295673761113,-0.42334295673761113,3,1
DIS,2020-08-28,0.7362945493097919,0.23161056024609486,0.03209485505073372,0.7041996942590582,0.7041996942590582,4,1
DIS,2020-08-31,0.10207914561033249,0.8806485533714294,0.017272261902689934,0.08480688370764256,0.08480688370764256,1,1
DIS,2020-09-01,0.26536846688452315,0.7037366399308214,0.030894886622263196,0.23447358026225995,0.23447358026225995,4,1
DIS,2020-09-02,0.11213820545464893,0.09398678397606156,0.79387502557137,0.6817368201167211,-0.6817368201167211,4,1
DIS,2020-09-03,0.6550882468261765,0.28377611679347,0.061135620260096016,0.5939526265660805,0.5939526265660805,5,1
DIS,2020-09-04,0.371441045587843,0.18104642531608997,0.4475125511042429,0.07607150551639985,-0.07607150551639985,5,1
DIS,2020-09-08,0.4822245596402962,0.05365714181039967,0.4641183211889037,0.018106238451392476,0.018106238451392476,5,1
DIS,2020-09-09,0.37227557307554365,0.24562931343922684,0.38209513770615194,0.00981956463060829,-0.00981956463060829,5,1
DIS,2020-09-10,0.3583002234726043,0.11260991035175877,0.5290898722719658,0.17078964879936148,-0.17078964879936148,5,1
DIS,2020-09-11,0.17149700597071701,0.029953082605271204,0.7985499311534231,0.6270529251827061,-0.6270529251827061,5,1
DIS,2020-09-14,0.36379199884223934,0.5943282797505942,0.041879725281156965,0.3219122735610824,0.3219122735610824,5,1
DIS,2020-09-15,0.5753674339333777,0.3289715944787296,0.0956609817011421,0.4797064522322356,0.4797064522322356,5,1
DIS,2020-09-16,0.43831894414198397,0.15649498840756615,0.4051861163263654,0.03313282781561855,0.03313282781561855,4,1
DIS,2020-09-17,0.08700822086298948,0.18614795416031113,0.7268438397107462,0.6398356188477567,-0.6398356188477567,5,1
DIS,2020-09-18,0.4734304309310059,0.35762055719217184,0.1689489705242179,0.30448146040678803,0.30448146040678803,5,1
DIS,2020-09-21,0.0,0.0,0.0,0.0,0.0,0,0
DIS,2020-09-22,0.4263087303657264,0.09306609592076553,0.4806251549193382,0.0543164245536118,-0.0543164245536118,4,1
DIS,2020-09-23,0.044403783553525256,0.17444196293236713,0.7811542409883959,0.7367504574348707,-0.7367504574348707,5,1
DIS,2020-09-24,0.5662294253452116,0.058423246795709816,0.3753473132510873,0.1908821120941243,0.1908821120941243,5,1
DIS,2020-09-25,0.31471846464291553,0.1973063637283957,0.48797518718553917,0.17325672254262364,-0.17325672254262364,5,1
DIS,2020-09-28,0.4826385875802569,0.4953096135260196,0.022051810324931326,0.4605867772553256,0.4605867772553256,5,1
DIS,2020-09-29,0.00923541364455263,0.0225414557645866,0.9682231024975372,0.9589876888529846,-0.9589876888529846,5,1
DIS,2020-09-30,0.19538252899879818,0.031931931743741274,0.7726855323749979,0.5773030033761998,-0.5773030033761998,5,1
DIS,2020-10-01,0.05296284473047291,0.016052121452037094,0.9309850435467834,0.8780221988163104,-0.8780221988163104,5,1
DIS,2020-10-02,0.2869037781938071,0.07923768111029873,0.6338585283226339,0.3469547501288268,-0.3469547501288268,5,1
DIS,2020-10-05,0.13655974649041863,0.24301946785574968,0.6204207553380365,0.4838610088476179,-0.4838610088476179,5,1
DIS,2020-10-06,0.1448059509211898,0.16274071871915033,0.692453294660298,0.5476473437391083,-0.5476473437391083,4,1
DIS,2020-10-07,0.4160463927251416,0.10068922983422436,0.4832643978771418,0.06721800515200022,-0.06721800515200022,5,1
DIS,2020-10-08,0.4253579493190415,0.1733350157232437,0.4013070618641422,0.02405088745489925,0.02405088745489925,5,1
DIS,2020-10-09,0.06815147404198328,0.09914587927790956,0.8327026852500549,0.7645512112080716,-0.7645512112080716,5,1
DIS,2020-10-12,0.7453611006898685,0.21482480732070974,0.039814111380953685,0.7055469893089148,0.7055469893089148,5,1
DIS,2020-10-13,0.19578211563833994,0.02794696775262493,0.7762709055210166,0.5804887898826767,-0.5804887898826767,5,1
DIS,2020-10-14,0.3469435628841641,0.16131137117101269,0.4917450707066354,0.1448015078224713,-0.1448015078224713,5,1
DIS,2020-10-15,0.278029607276177,0.15266285496567403,0.5693075169636701,0.2912779096874931,-0.2912779096874931,5,1
DIS,2020-10-16,0.03826597935558548,0.2268364806120323,0.7348975651684092,0.6966315858128237,-0.6966315858128237,3,1
DIS,2020-10-19,0.2347313691669205,0.4284014437527755,0.33686718442322544,0.10213581525630494,-0.10213581525630494,5,1
DIS,2020-10-20,0.012880201803073154,0.1313893373671305,0.8557305121686959,0.8428503103656227,-0.8428503103656227,3,1
DIS,2020-10-21,0.2775078530468297,0.16853166176086146,0.5539604989476498,0.2764526459008201,-0.2764526459008201,5,1
DIS,2020-10-22,0.012078657077196995,0.06706141581525583,0.9208599361977909,0.9087812791205939,-0.9087812791205939,5,1
DIS,2020-10-23,0.04697093181300457,0.31016699724860824,0.6428620859048252,0.5958911540918206,-0.5958911540918206,5,1
DIS,2020-10-26,0.022447716745148283,0.12401485120138302,0.8535374426841513,0.8310897259390031,-0.8310897259390031,4,1
DIS,2020-10-27,0.07899922142051811,0.33261853983520145,0.5883822425077769,0.5093830210872589,-0.5093830210872589,4,1
DIS,2020-10-28,0.10107827269902198,0.13399940921190068,0.7649222738009764,0.6638440011019544,-0.6638440011019544,5,1
DIS,2020-10-29,0.344520610505189,0.12029232068727817,0.5351870748362869,0.1906664643310979,-0.1906664643310979,5,1
DIS,2020-10-30,0.07287618978919765,0.28974178174803267,0.6373820456210486,0.564505855831851,-0.564505855831851,5,1
DIS,2020-11-02,0.5193825969467122,0.11456476938039822,0.3660526586586108,0.15332993828810138,0.15332993828810138,5,1
DIS,2020-11-03,0.1030333280999246,0.7296954240606995,0.1672712457298808,0.0642379176299562,-0.0642379176299562,5,1
DIS,2020-11-04,0.3667860256153325,0.21079063042250767,0.42242337421565845,0.05563734860032593,-0.05563734860032593,5,1
DIS,2020-11-05,0.04274159152990116,0.07574017400153356,0.88151825442977,0.8387766628998689,-0.8387766628998689,5,1
DIS,2020-11-06,0.3744796935251598,0.03012349428996832,0.5953968063154604,0.22091711279030063,-0.22091711279030063,5,1
DIS,2020-11-09,0.5492224806899907,0.02918695383681797,0.4215905938456672,0.12763188684432347,0.12763188684432347,5,1
DIS,2020-11-10,0.43494668897415467,0.06011750178018114,0.5049358340883459,0.06998914511419119,-0.06998914511419119,5,1
DIS,2020-11-11,0.23666500856912054,0.1182126877805398,0.6451223268773769,0.4084573183082564,-0.4084573183082564,5,1
DIS,2020-11-12,0.011600038561845737,0.019519282012825295,0.9688806859148851,0.9572806473530393,-0.9572806473530393,5,1
DIS,2020-11-13,0.948114694556653,0.028165915023488967,0.02371940644123419,0.9243952881154188,0.9243952881154188,5,1
FSMB,2023-07-21,0.19986868769222058,0.025035514726039806,0.7750957968179742,0.5752271091257537,-0.5752271091257537,5,1
FSMB,2023-07-24,0.01328259407197759,0.018632049230606684,0.9680853522837312,0.9548027582117535,-0.9548027582117535,5,1
FSMB,2023-07-25,0.012283643616920154,0.016112086517037393,0.9716042822417104,0.9593206386247902,-0.9593206386247902,5,1
FSMB,2023-07-26,0.011957342875182924,0.015914159179422963,0.9721284892732548,0.9601711463980719,-0.9601711463980719,5,1
FSMB,2023-07-27,0.1968667019103399,0.02334233867090969,0.7797909927839991,0.5829242908736592,-0.5829242908736592,5,1
FSMB,2023-07-28,0.5694424045770562,0.020259963690504028,0.41029763963488053,0.15914476494217566,0.15914476494217566,5,1
FSMB,2023-07-31,0.016408128271358617,0.01973762663035657,0.9638542289737686,0.94744610070241,-0.94744610070241,5,1
FSMB,2023-08-01,0.19819221542335366,0.019936432820248446,0.7818713547434142,0.5836791393200605,-0.5836791393200605,5,1
FSMB,2023-08-02,0.009149656617813261,0.017082282606502002,0.9737680774056698,0.9646184207878565,-0.9646184207878565,5,1
FSMB,2023-08-03,0.015334604448751185,0.02110435834112017,0.9635610184283063,0.9482264139795551,-0.9482264139795551,5,1
FSMB,2023-08-04,0.01262869552429358,0.018847935419443927,0.9685233896310302,0.9558946941067367,-0.9558946941067367,5,1
FSMB,2023-08-07,0.01102001263007992,0.017588786105536894,0.9713912188323746,0.9603712062022947,-0.9603712062022947,5,1
FSMB,2023-08-08,0.011789587440287163,0.01597479796546259,0.9722355860122843,0.9604459985719972,-0.9604459985719972,5,1
FSMB,2023-08-09,0.016195828388806455,0.020970247107623036,0.9628339566754076,0.9466381282866012,-0.9466381282866012,5,1
FSMB,2023-08-10,0.3894704223572525,0.021945563637265585,0.5885840178867057,0.19911359552945318,-0.19911359552945318,5,1
FSMB,2023-08-11,0.013079580696811161,0.02201843561520514,0.9649019760276741,0.951822395330863,-0.951822395330863,5,1
FSMB,2023-08-14,0.010251969124177814,0.019363607565653446,0.9703844324382036,0.9601324633140258,-0.9601324633140258,5,1
FSMB,2023-08-15,0.010950658210655977,0.017722720275067848,0.9713266299882862,0.9603759717776302,-0.9603759717776302,5,1
FSMB,2023-08-16,0.19732040764541686,0.027576276908874483,0.7751033079590502,0.5777829003136334,-0.5777829003136334,5,1
FSMB,2023-08-17,0.010449327311118563,0.01519852921146116,0.9743521556345733,0.9639028283234548,-0.9639028283234548,5,1
FSMB,2023-08-18,0.19921908759606854,0.021902325130515585,0.7788785989150262,0.5796595113189577,-0.5796595113189577,5,1
FSMB,2023-08-21,0.38519178827563844,0.021524401502306886,0.5932838313865697,0.20809204311093127,-0.20809204311093127,5,1
FSMB,2023-08-22,0.015941586231147466,0.016904253854690188,0.9671541286821428,0.9512125424509953,-0.9512125424509953,5,1
FSMB,2023-08-23,0.013778907727887833,0.015034751598558948,0.9711863381123771,0.9574074303844893,-0.9574074303844893,5,1
FSMB,2023-08-24,0.195920946511109,0.01748230316089636,0.7865967442104999,0.5906757976993908,-0.5906757976993908,5,1
FSMB,2023-08-25,0.012859639221319092,0.019914783264297818,0.9672255697534864,0.9543659305321673,-0.9543659305321673,5,1
FSMB,2023-08-28,0.5681549846359538,0.02719321364936322,0.404651771199593,0.16350321343636082,0.16350321343636082,5,1
FSMB,2023-08-29,0.20129318242402958,0.016413911626577175,0.7822929135391249,0.5809997311150953,-0.5809997311150953,5,1
FSMB,2023-08-30,0.012013562517384236,0.023857135108449976,0.9641292940902205,0.9521157315728362,-0.9521157315728362,5,1
FSMB,2023-08-31,0.01154070472695129,0.015004276158738741,0.973455009384213,0.9619143046572618,-0.9619143046572618,5,1
FSMB,2023-09-01,0.01635041132804954,0.016653798615895218,0.9669958002929756,0.950645388964926,-0.950645388964926,5,1
FSMB,2023-09-05,0.008472679915201004,0.016900195374473525,0.9746271355323742,0.9661544556171733,-0.9661544556171733,5,1
FSMB,2023-09-06,0.009918031264068566,0.01740613631452345,0.972675825183505,0.9627577939194365,-0.9627577939194365,5,1
FSMB,2023-09-07,0.011372411560996705,0.016707720413474684,0.9719198795595867,0.96054746799859,-0.96054746799859,5,1
FSMB,2023-09-08,0.01062787517566207,0.01783572215826904,0.9715363695336108,0.9609084943579487,-0.9609084943579487,5,1
FSMB,2023-09-11,0.38475871748056073,0.024624838506826875,0.5906164332352519,0.2058577157546912,-0.2058577157546912,5,1
FSMB,2023-09-12,0.013524009000220726,0.01633045978081475,0.970145515960255,0.9566215069600342,-0.9566215069600342,5,1
FSMB,2023-09-13,0.010115660861860328,0.01646288440760029,0.9734214215748644,0.9633057607130041,-0.9633057607130041,5,1
FSMB,2023-09-14,0.3833269749400955,0.028530678962435135,0.5881423194716883,0.20481534453159278,-0.20481534453159278,5,1
FSMB,2023-09-15,0.01313081592505379,0.01902390651155646,0.9678452890337829,0.954714473108729,-0.954714473108729,5,1
FSMB,2023-09-18,0.01023301622587881,0.016732322931824008,0.9730346658569574,0.9628016496310786,-0.9628016496310786,5,1
FSMB,2023-09-19,0.01329467226419849,0.017465106930742814,0.9692402260030437,0.9559455537388453,-0.9559455537388453,5,1
FSMB,2023-09-20,0.011560750566668299,0.01962252724955288,0.968816717080789,0.9572559665141207,-0.9572559665141207,5,1
FSMB,2023-09-21,0.012092653136628474,0.016804206041125803,0.9711031492900652,0.9590104961534368,-0.9590104961534368,5,1
FSMB,2023-09-22,0.20578867044004717,0.02325576233039133,0.7709555809034897,0.5651669104634425,-0.5651669104634425,5,1
FSMB,2023-09-25,0.011584671964564522,0.01825531768988185,0.9701599953620421,0.9585753233974776,-0.9585753233974776,5,1
FSMB,2023-09-26,0.00952868181924359,0.019020401548782293,0.9714509646719471,0.9619222828527035,-0.9619222828527035,5,1
FSMB,2023-09-27,0.008592861067554167,0.01820397045769082,0.9732031715739918,0.9646103105064376,-0.9646103105064376,5,1
FSMB,2023-09-28,0.012386179542799459,0.016052847758925202,0.9715609473037248,0.9591747677609254,-0.9591747677609254,5,1
FSMB,2023-09-29,0.011621799434089083,0.016758921478572303,0.9716192986651357,0.9599974992310467,-0.9599974992310467,5,1
FSMB,2023-10-02,0.013311816501014215,0.016403556564069326,0.9702846465976516,0.9569728300966374,-0.9569728300966374,5,1
FSMB,2023-10-03,0.20014072138010602,0.01795885514769973,0.7819004209044189,0.5817596995243128,-0.5817596995243128,5,1
FSMB,2023-10-04,0.009518004757028868,0.01980583605138856,0.970676158983391,0.9611581542263621,-0.9611581542263621,5,1
FSMB,2023-10-05,0.015986586168999038,0.0170705665344123,0.9669428446295647,0.9509562584605656,-0.9509562584605656,5,1
FSMB,2023-10-06,0.014821835998004245,0.014288570731013368,0.9708895907012086,0.9560677547032044,-0.9560677547032044,5,1
FSMB,2023-10-09,0.009226634217952258,0.01832145496204918,0.9724519166606826,0.9632252824427304,-0.9632252824427304,5,1
FSMB,2023-10-10,0.013004891461753449,0.02007896810325471,0.9669161582771866,0.9539112668154331,-0.9539112668154331,5,1
FSMB,2023-10-11,0.20494531118155085,0.020216937075153218,0.7748377698817447,0.5698924587001939,-0.5698924587001939,5,1
FSMB,2023-10-12,0.01291996755727812,0.014873320614633968,0.9722067195100528,0.9592867519527747,-0.9592867519527747,5,1
FSMB,2023-10-13,0.010291343427986483,0.0192155050589298,0.9704931509512141,0.9602018075232277,-0.9602018075232277,5,1
FSMB,2023-10-16,0.010232374094670926,0.01704505778706336,0.9727225746617408,0.9624902005670699,-0.9624902005670699,5,1
FSMB,2023-10-17,0.20272231953216124,0.01830526426663188,0.7789724182457045,0.5762500987135433,-0.5762500987135433,5,1
FSMB,2023-10-18,0.20016659466242603,0.016513871498407977,0.7833195567999047,0.5831529621374787,-0.5831529621374787,5,1
FSMB,2023-10-19,0.20271346589241188,0.01795797890472921,0.7793285412863931,0.5766150753939812,-0.5766150753939812,5,1
FSMB,2023-10-20,0.010523396927150014,0.01654652668986605,0.972930077706415,0.9624066807792651,-0.9624066807792651,5,1
FSMB,2023-10-23,0.008463916448992671,0.01831906531452025,0.9732169998764288,0.9647530834274362,-0.9647530834274362,5,1
FSMB,2023-10-24,0.19792007547347756,0.031534235200598934,0.770545675691206,0.5726256002177285,-0.5726256002177285,5,1
FSMB,2023-10-25,0.010042647033572442,0.01577945156120756,0.9741778665540484,0.9641352195204759,-0.9641352195204759,5,1
FSMB,2023-10-26,0.010512715832942514,0.01565317918424512,0.9738340980869408,0.9633213822539982,-0.9633213822539982,5,1
FSMB,2023-10-27,0.01228604968844717,0.016352809535718143,0.9713611303015143,0.9590750806130671,-0.9590750806130671,5,1
FSMB,2023-10-30,0.013480901834389117,0.01720719821259796,0.9693118752400268,0.9558309734056377,-0.9558309734056377,5,1
FSMB,2023-10-31,0.009809401676909137,0.016964865826715303,0.9732257421874067,0.9634163405104975,-0.9634163405104975,5,1
FSMB,2023-11-01,0.009984762987225561,0.017276060183144964,0.9727391549492441,0.9627543919620185,-0.9627543919620185,5,1
FSMB,2023-11-02,0.38926266670944315,0.01901777281109058,0.5917195784308438,0.20245691172140062,-0.20245691172140062,5,1
FSMB,2023-11-03,0.20262684912290027,0.020445752713249395,0.7769273920437473,0.574300542920847,-0.574300542920847,5,1
FSMB,2023-11-06,0.20289230561683436,0.020398175251701713,0.7767095550498783,0.5738172494330439,-0.5738172494330439,5,1
FSMB,2023-11-07,0.010204606243112743,0.01619981610226362,0.9735955802676419,0.9633909740245292,-0.9633909740245292,5,1
FSMB,2023-11-08,0.014501493643479529,0.017084400489486538,0.9684141280849801,0.9539126344415005,-0.9539126344415005,5,1
FSMB,2023-11-09,0.2026354469783789,0.014094414140459238,0.7832701407030951,0.5806346937247162,-0.5806346937247162,5,1
FSMB,2023-11-10,0.014100288448164399,0.020002065185221077,0.9658976587019733,0.951797370253809,-0.951797370253809,5,1
FSMB,2023-11-13,0.012029366065502832,0.017534845514231956,0.9704357778933999,0.958406411827897,-0.958406411827897,5,1
FSMB,2023-11-14,0.570837479753939,0.029497735093322316,0.3996648116921343,0.17117266806180464,0.17117266806180464,5,1
FSMB,2023-11-15,0.3878283030383636,0.025936194757105967,0.5862355071074851,0.1984072040691215,-0.1984072040691215,5,1
FSMB,2023-11-16,0.3889478774613056,0.02331241086311693,0.5877397254134566,0.19879184795215105,-0.19879184795215105,5,1
FSMB,2023-11-17,0.19891582837009203,0.019656476470670363,0.7814277209856308,0.5825118926155388,-0.5825118926155388,5,1
FSMB,2023-11-20,0.9425657212080042,0.03899331071989173,0.018440965026093114,0.924124756181911,0.924124756181911,5,1
FSMB,2023-11-21,0.010710651264381825,0.020098115449454668,0.9691912419504212,0.9584805906860393,-0.9584805906860393,5,1
FSMB,2023-11-22,0.19401456911853054,0.020122949056137825,0.7858625167558986,0.591847947637368,-0.591847947637368,5,1
FSMB,2023-11-24,0.1979460320720986,0.024757058798267017,0.7772969449855289,0.5793509129134303,-0.5793509129134303,5,1
FSMB,2023-11-27,0.2030610687285131,0.017220041255943376,0.7797189064535911,0.576657837725078,-0.576657837725078,5,1
FSMB,2023-11-28,0.011948072949814979,0.019015557372437136,0.9690363751163213,0.9570883021665064,-0.9570883021665064,5,1
FSMB,2023-11-29,0.5669211005601026,0.024821422934116186,0.408257506214523,0.15866359434557958,0.15866359434557958,5,1
FSMB,2023-11-30,0.38716079454500824,0.020677216376182413,0.5921619883012028,0.20500119375619458,-0.20500119375619458,5,1
FSMB,2023-12-01,0.01300939146011825,0.015502468374407864,0.9714881544653772,0.9584787630052589,-0.9584787630052589,5,1
FSMB,2023-12-04,0.008728545125635118,0.01969437139175683,0.9715770562051681,0.962848511079533,-0.962848511079533,5,1
FSMB,2023-12-05,0.1981582141025268,0.019894721803857877,0.7819470565650957,0.5837888424625689,-0.5837888424625689,5,1
FSMB,2023-12-06,0.1975487759739444,0.01954750543738263,0.7829036910298793,0.585354915055935,-0.585354915055935,5,1
FSMB,2023-12-07,0.012964844283192771,0.019492537490123682,0.9675425993431364,0.9545777550599436,-0.9545777550599436,5,1
FSMB,2023-12-08,0.010430925930210107,0.018330430930795467,0.9712386442429481,0.960807718312738,-0.960807718312738,5,1
FSMB,2023-12-11,0.012210993853665935,0.017281622775432007,0.9705073838261347,0.9582963899724687,-0.9582963899724687,5,1
FSMB,2023-12-12,0.19568276784144512,0.024157623015631582,0.7801596132748687,0.5844768454334236,-0.5844768454334236,5,1
FSMB,2023-12-13,0.015225533041568297,0.030360899011609856,0.9544135677241125,0.9391880346825442,-0.9391880346825442,5,1
FSMB,2023-12-14,0.35991356329013485,0.04451864314219846,0.5955677864577349,0.23565422316760004,-0.23565422316760004,5,1
FSMB,2023-12-15,0.010605244593946237,0.019220744743110644,0.9701740141638949,0.9595687695699487,-0.9595687695699487,5,1
FSMB,2023-12-18,0.0,0.0,0.0,0.0,0.0,0,0
FSMB,2023-12-19,0.0,0.0,0.0,0.0,0.0,0,0
FSMB,2023-12-20,0.0,0.0,0.0,0.0,0.0,0,0
FSMB,2023-12-21,0.0,0.0,0.0,0.0,0.0,0,0
FSMB,2023-12-22,0.0,0.0,0.0,0.0,0.0,0,0
FSMB,2023-12-26,0.0,0.0,0.0,0.0,0.0,0,0
FSMB,2023-12-27,0.0,0.0,0.0,0.0,0.0,0,0
FSMB,2023-12-28,0.0,0.0,0.0,0.0,0.0,0,0
FSMB,2023-12-29,0.0,0.0,0.0,0.0,0.0,0,0
FSMB,2024-01-02,0.0,0.0,0.0,0.0,0.0,0,0
FSMB,2024-01-03,0.0,0.0,0.0,0.0,0.0,0,0
FSMB,2024-01-04,0.0,0.0,0.0,0.0,0.0,0,0
FSMB,2024-01-05,0.0,0.0,0.0,0.0,0.0,0,0
FSMB,2024-01-08,0.0,0.0,0.0,0.0,0.0,0,0
FSMB,2024-01-09,0.0,0.0,0.0,0.0,0.0,0,0
FSMB,2024-01-10,0.0,0.0,0.0,0.0,0.0,0,0
FSMB,2024-01-11,0.0,0.0,0.0,0.0,0.0,0,0
FSMB,2024-01-12,0.0,0.0,0.0,0.0,0.0,0,0
FSMB,2024-01-16,0.0,0.0,0.0,0.0,0.0,0,0
FSMB,2024-01-17,0.0,0.0,0.0,0.0,0.0,0,0
FSMB,2024-01-18,0.0,0.0,0.0,0.0,0.0,0,0
FSMB,2024-01-19,0.0,0.0,0.0,0.0,0.0,0,0
FSMB,2024-01-22,0.0,0.0,0.0,0.0,0.0,0,0
FSMB,2024-01-23,0.0,0.0,0.0,0.0,0.0,0,0
FSMB,2024-01-24,0.0,0.0,0.0,0.0,0.0,0,0
FSMB,2024-01-25,0.0,0.0,0.0,0.0,0.0,0,0
FSMB,2024-01-26,0.0,0.0,0.0,0.0,0.0,0,0
FSMB,2024-01-29,0.0,0.0,0.0,0.0,0.0,0,0
FSMB,2024-01-30,0.0,0.0,0.0,0.0,0.0,0,0
FSMB,2024-01-31,0.0,0.0,0.0,0.0,0.0,0,0
FSMB,2024-02-01,0.0,0.0,0.0,0.0,0.0,0,0
FSMB,2024-02-02,0.0,0.0,0.0,0.0,0.0,0,0
FSMB,2024-02-05,0.0,0.0,0.0,0.0,0.0,0,0
FSMB,2024-02-06,0.0,0.0,0.0,0.0,0.0,0,0
FSMB,2024-02-07,0.0,0.0,0.0,0.0,0.0,0,0
FSMB,2024-02-08,0.0,0.0,0.0,0.0,0.0,0,0
FSMB,2024-02-09,0.0,0.0,0.0,0.0,0.0,0,0
FSMB,2024-02-12,0.0,0.0,0.0,0.0,0.0,0,0
FSMB,2024-02-13,0.0,0.0,0.0,0.0,0.0,0,0
FSMB,2024-02-14,0.0,0.0,0.0,0.0,0.0,0,0
FSMB,2024-02-15,0.0,0.0,0.0,0.0,0.0,0,0
FSMB,2024-02-16,0.0,0.0,0.0,0.0,0.0,0,0
FSMB,2024-02-20,0.0,0.0,0.0,0.0,0.0,0,0
FSMB,2024-02-21,0.0,0.0,0.0,0.0,0.0,0,0
FSMB,2024-02-22,0.0,0.0,0.0,0.0,0.0,0,0
FSMB,2024-02-23,0.0,0.0,0.0,0.0,0.0,0,0
FSMB,2024-02-26,0.0,0.0,0.0,0.0,0.0,0,0
FSMB,2024-02-27,0.0,0.0,0.0,0.0,0.0,0,0
FSMB,2024-02-28,0.0,0.0,0.0,0.0,0.0,0,0
FSMB,2024-02-29,0.0,0.0,0.0,0.0,0.0,0,0
FSMB,2024-03-01,0.0,0.0,0.0,0.0,0.0,0,0
FSMB,2024-03-04,0.0,0.0,0.0,0.0,0.0,0,0
FSMB,2024-03-05,0.0,0.0,0.0,0.0,0.0,0,0
FSMB,2024-03-06,0.0,0.0,0.0,0.0,0.0,0,0
FSMB,2024-03-07,0.0,0.0,0.0,0.0,0.0,0,0
FSMB,2024-03-08,0.0,0.0,0.0,0.0,0.0,0,0
FSMB,2024-03-11,0.0,0.0,0.0,0.0,0.0,0,0
FSMB,2024-03-12,0.0,0.0,0.0,0.0,0.0,0,0
FSMB,2024-03-13,0.0,0.0,0.0,0.0,0.0,0,0
FSMB,2024-03-14,0.0,0.0,0.0,0.0,0.0,0,0
FSMB,2024-03-15,0.0,0.0,0.0,0.0,0.0,0,0
FSMB,2024-03-18,0.0,0.0,0.0,0.0,0.0,0,0
FSMB,2024-03-19,0.0,0.0,0.0,0.0,0.0,0,0
FSMB,2024-03-20,0.0,0.0,0.0,0.0,0.0,0,0
FSMB,2024-03-21,0.0,0.0,0.0,0.0,0.0,0,0
FSMB,2024-03-22,0.0,0.0,0.0,0.0,0.0,0,0
FSMB,2024-03-25,0.0,0.0,0.0,0.0,0.0,0,0
FSMB,2024-03-26,0.0,0.0,0.0,0.0,0.0,0,0
FSMB,2024-03-27,0.0,0.0,0.0,0.0,0.0,0,0
FSMB,2024-03-28,0.0,0.0,0.0,0.0,0.0,0,0
FSMB,2024-04-01,0.0,0.0,0.0,0.0,0.0,0,0
FSMB,2024-04-02,0.0,0.0,0.0,0.0,0.0,0,0
FSMB,2024-04-03,0.0,0.0,0.0,0.0,0.0,0,0
FSMB,2024-04-04,0.0,0.0,0.0,0.0,0.0,0,0
FSMB,2024-04-05,0.0,0.0,0.0,0.0,0.0,0,0
FSMB,2024-04-08,0.0,0.0,0.0,0.0,0.0,0,0
FSMB,2024-04-09,0.0,0.0,0.0,0.0,0.0,0,0
FSMB,2024-04-10,0.0,0.0,0.0,0.0,0.0,0,0
FSMB,2024-04-11,0.0,0.0,0.0,0.0,0.0,0,0
FSMB,2024-04-12,0.0,0.0,0.0,0.0,0.0,0,0
FSMB,2024-04-15,0.0,0.0,0.0,0.0,0.0,0,0
FSMB,2024-04-16,0.0,0.0,0.0,0.0,0.0,0,0
FSMB,2024-04-17,0.0,0.0,0.0,0.0,0.0,0,0
FSMB,2024-04-18,0.0,0.0,0.0,0.0,0.0,0,0
FSMB,2024-04-19,0.0,0.0,0.0,0.0,0.0,0,0
FSMB,2024-04-22,0.0,0.0,0.0,0.0,0.0,0,0
FSMB,2024-04-23,0.0,0.0,0.0,0.0,0.0,0,0
FSMB,2024-04-24,0.0,0.0,0.0,0.0,0.0,0,0
FSMB,2024-04-25,0.0,0.0,0.0,0.0,0.0,0,0
FSMB,2024-04-26,0.0,0.0,0.0,0.0,0.0,0,0
FSMB,2024-04-29,0.0,0.0,0.0,0.0,0.0,0,0
FSMB,2024-04-30,0.0,0.0,0.0,0.0,0.0,0,0
FSMB,2024-05-01,0.0,0.0,0.0,0.0,0.0,0,0
FSMB,2024-05-02,0.0,0.0,0.0,0.0,0.0,0,0
FSMB,2024-05-03,0.0,0.0,0.0,0.0,0.0,0,0
FSMB,2024-05-06,0.0,0.0,0.0,0.0,0.0,0,0
FSMB,2024-05-07,0.0,0.0,0.0,0.0,0.0,0,0
FSMB,2024-05-08,0.0,0.0,0.0,0.0,0.0,0,0
FSMB,2024-05-09,0.0,0.0,0.0,0.0,0.0,0,0
FSMB,2024-05-10,0.0,0.0,0.0,0.0,0.0,0,0
FSMB,2024-05-13,0.0,0.0,0.0,0.0,0.0,0,0
FSMB,2024-05-14,0.0,0.0,0.0,0.0,0.0,0,0
FSMB,2024-05-15,0.0,0.0,0.0,0.0,0.0,0,0
FSMB,2024-05-16,0.0,0.0,0.0,0.0,0.0,0,0
FSMB,2024-05-17,0.0,0.0,0.0,0.0,0.0,0,0
FSMB,2024-05-20,0.0,0.0,0.0,0.0,0.0,0,0
FSMB,2024-05-21,0.0,0.0,0.0,0.0,0.0,0,0
FSMB,2024-05-22,0.0,0.0,0.0,0.0,0.0,0,0
FSMB,2024-05-23,0.0,0.0,0.0,0.0,0.0,0,0
FSMB,2024-05-24,0.0,0.0,0.0,0.0,0.0,0,0
FSMB,2024-05-28,0.0,0.0,0.0,0.0,0.0,0,0
FSMB,2024-05-29,0.0,0.0,0.0,0.0,0.0,0,0
FSMB,2024-05-30,0.0,0.0,0.0,0.0,0.0,0,0
FSMB,2024-05-31,0.0,0.0,0.0,0.0,0.0,0,0
FSMB,2024-06-03,0.0,0.0,0.0,0.0,0.0,0,0
FSMB,2024-06-04,0.0,0.0,0.0,0.0,0.0,0,0
FSMB,2024-06-05,0.0,0.0,0.0,0.0,0.0,0,0
FSMB,2024-06-06,0.0,0.0,0.0,0.0,0.0,0,0
FSMB,2024-06-07,0.0,0.0,0.0,0.0,0.0,0,0
FSMB,2024-06-10,0.0,0.0,0.0,0.0,0.0,0,0
FSMB,2024-06-11,0.0,0.0,0.0,0.0,0.0,0,0
FSMB,2024-06-12,0.0,0.0,0.0,0.0,0.0,0,0
FSMB,2024-06-13,0.0,0.0,0.0,0.0,0.0,0,0
FSMB,2024-06-14,0.0,0.0,0.0,0.0,0.0,0,0
FSMB,2024-06-17,0.0,0.0,0.0,0.0,0.0,0,0
FSMB,2024-06-18,0.0,0.0,0.0,0.0,0.0,0,0
FSMB,2024-06-20,0.0,0.0,0.0,0.0,0.0,0,0
FSMB,2024-06-21,0.0,0.0,0.0,0.0,0.0,0,0
FSMB,2024-06-24,0.0,0.0,0.0,0.0,0.0,0,0
FSMB,2024-06-25,0.0,0.0,0.0,0.0,0.0,0,0
FSMB,2024-06-26,0.0,0.0,0.0,0.0,0.0,0,0
FSMB,2024-06-27,0.0,0.0,0.0,0.0,0.0,0,0
FSMB,2024-06-28,0.0,0.0,0.0,0.0,0.0,0,0
FSMB,2024-07-01,0.0,0.0,0.0,0.0,0.0,0,0
FSMB,2024-07-02,0.0,0.0,0.0,0.0,0.0,0,0
FSMB,2024-07-03,0.0,0.0,0.0,0.0,0.0,0,0
FSMB,2024-07-05,0.0,0.0,0.0,0.0,0.0,0,0
FSMB,2024-07-08,0.0,0.0,0.0,0.0,0.0,0,0
FSMB,2024-07-09,0.0,0.0,0.0,0.0,0.0,0,0
FSMB,2024-07-10,0.0,0.0,0.0,0.0,0.0,0,0
FSMB,2024-07-11,0.0,0.0,0.0,0.0,0.0,0,0
FSMB,2024-07-12,0.0,0.0,0.0,0.0,0.0,0,0
FSMB,2024-07-15,0.0,0.0,0.0,0.0,0.0,0,0
FSMB,2024-07-16,0.0,0.0,0.0,0.0,0.0,0,0
FSMB,2024-07-17,0.0,0.0,0.0,0.0,0.0,0,0
FSMB,2024-07-18,0.0,0.0,0.0,0.0,0.0,0,0
FSMB,2024-07-19,0.0,0.0,0.0,0.0,0.0,0,0
GILD,2019-07-15,0.5782310586036846,0.027048881579915814,0.39472004664108296,0.18351101196260167,0.18351101196260167,5,1
GILD,2019-07-16,0.7780859124240551,0.21146928120399158,0.010444795418001302,0.7676411170060539,0.7676411170060539,5,1
GILD,2019-07-17,0.1595132206013267,0.4126709305053698,0.4278158102568058,0.26830258965547915,-0.26830258965547915,5,1
GILD,2019-07-18,0.00995645485818386,0.035619668662548065,0.9544238448143005,0.9444673899561167,-0.9444673899561167,1,1
GILD,2019-07-19,0.263229448460471,0.1878734708458194,0.5488970509423045,0.2856676024818334,-0.2856676024818334,5,1
GILD,2019-07-22,0.8746936650983103,0.10996131749585028,0.015345003322881237,0.859348661775429,0.859348661775429,5,1
GILD,2019-07-23,0.4686401904900814,0.2182944250302065,0.31306540160343094,0.15557478888665044,0.15557478888665044,5,1
GILD,2019-07-24,0.7831090950385287,0.1930423476424628,0.023848547460482837,0.7592605475780458,0.7592605475780458,5,1
GILD,2019-07-25,0.07125567290940799,0.4575311591884586,0.47121320348114515,0.39995753057173716,-0.39995753057173716,5,1
GILD,2019-07-26,0.7004639921310839,0.2842259551548929,0.015310037396966417,0.6851539547341174,0.6851539547341174,5,1
GILD,2019-07-29,0.9303019401951794,0.04041664863904964,0.029281442311671544,0.9010204978835079,0.9010204978835079,5,1
GILD,2019-07-30,0.9286028640735113,0.04609001184607042,0.025307138125084793,0.9032957259484266,0.9032957259484266,5,1
GILD,2019-07-31,0.6187749890682891,0.13788205339730164,0.2433429560989792,0.3754320329693099,0.3754320329693099,5,1
GILD,2019-08-01,0.8932356285144769,0.0940625323130093,0.012701916789628209,0.8805337117248487,0.8805337117248487,2,1
GILD,2019-08-02,0.07734435937996392,0.8828078540952912,0.03984779153500192,0.037496567844962005,0.037496567844962005,5,1
GILD,2019-08-05,0.42061866412977694,0.2070717868373638,0.3723095485303995,0.04830911559937745,0.04830911559937745,4,1
GILD,2019-08-06,0.6909791234668601,0.254279902590637,0.05474100406435946,0.6362381194025006,0.6362381194025006,5,1
GILD,2019-08-07,0.11680577383103187,0.33133989132474423,0.5518543680109032,0.4350485941798713,-0.4350485941798713,5,1
GILD,2019-08-08,0.5717202574851084,0.16033755230234983,0.2679422321614631,0.30377802532364523,0.30377802532364523,5,1
GILD,2019-08-09,0.21071394615238415,0.334032396453483,0.45525366796708394,0.2445397218146998,-0.2445397218146998,5,1
GILD,2019-08-12,0.45216822520891325,0.07043466384299552,0.47739712107257976,0.0252288958636665,-0.0252288958636665,5,1
GILD,2019-08-13,0.7499103686208575,0.2198608873685303,0.030228742612817425,0.7196816260080401,0.7196816260080401,5,1
GILD,2019-08-14,0.5148864496790626,0.46239941531976003,0.02271414440322582,0.4921723052758368,0.4921723052758368,3,1
GILD,2019-08-15,0.7086504202969165,0.28188423129298074,0.009465374219870948,0.6991850460770456,0.6991850460770456,5,1
GILD,2019-08-16,0.41158042876071593,0.1703805980743421,0.4180389964622069,0.006458567701490947,-0.006458567701490947,5,1
GILD,2019-08-19,0.8790372014045714,0.11399865895509718,0.006964101456105709,0.8720730999484657,0.8720730999484657,1,1
GILD,2019-08-20,0.0,0.0,0.0,0.0,0.0,0,0
GILD,2019-08-21,0.5340808481728723,0.4008093135089503,0.06510985427914215,0.4689709938937301,0.4689709938937301,5,1
GILD,2019-08-22,0.6710577774508519,0.3188909439887298,0.010051236128987676,0.6610065413218642,0.6610065413218642,4,1
GILD,2019-08-23,0.32020222173171,0.6689415085302817,0.010856278094998228,0.30934594363671175,0.30934594363671175,4,1
GILD,2019-08-26,0.4093923650576717,0.17137234841047058,0.41923525550867635,0.009842890451004671,-0.009842890451004671,4,1
GILD,2019-08-27,0.0,0.0,0.0,0.0,0.0,0,0
GILD,2019-08-28,0.17009814897196215,0.416635658083546,0.4132661852933765,0.24316803632141434,-0.24316803632141434,3,1
GILD,2019-08-29,0.008756740950047972,0.021490048617124557,0.9697532653808594,0.9609965244308114,-0.9609965244308114,1,1
GILD,2019-08-30,0.10555322766893231,0.19134767321501048,0.7030991094930495,0.5975458818241173,-0.5975458818241173,5,1
GILD,2019-09-03,0.0,0.0,0.0,0.0,0.0,0,0
GILD,2019-09-04,0.09930774767458264,0.8733545989740471,0.02733765367924992,0.07197009399533272,0.07197009399533272,2,1
GILD,2019-09-05,0.17857626080513,0.7998204231262207,0.021603310480713844,0.15697295032441616,0.15697295032441616,1,1
GILD,2019-09-06,0.5185970412543871,0.33267071061101955,0.14873225166393872,0.3698647895904484,0.3698647895904484,5,1
GILD,2019-09-09,0.6778265569588837,0.24400668827454244,0.07816676048233079,0.5996597964765529,0.5996597964765529,5,1
GILD,2019-09-10,0.030060927647378905,0.8983860662242735,0.07155291669371412,0.04149198904633522,-0.04149198904633522,2,1
GILD,2019-09-11,0.2395816806818315,0.7444674482410877,0.01595083944145814,0.22363084124037336,0.22363084124037336,3,1
GILD,2019-09-12,0.2301769991164823,0.7354583987091553,0.03436458088332683,0.19581241823315546,0.19581241823315546,3,1
GILD,2019-09-13,0.16992172571714265,0.8158247360436379,0.014253471994431362,0.1556682537227113,0.1556682537227113,3,1
GILD,2019-09-16,0.0,0.0,0.0,0.0,0.0,0,0
GILD,2019-09-17,0.09908761745390014,0.18851834985914462,0.7123940412907647,0.6133064238368645,-0.6133064238368645,3,1
GILD,2019-09-18,0.016059993836194345,0.09262610818821286,0.8913138809445653,0.8752538871083709,-0.8752538871083709,3,1
GILD,2019-09-19,0.0,0.0,0.0,0.0,0.0,0,0
GILD,2019-09-20,0.5962778440818567,0.11187711982083412,0.2918450357736798,0.30443280830817687,0.30443280830817687,5,1
GILD,2019-09-23,0.8969445871400727,0.09240494748159374,0.01065050442228472,0.886294082717788,0.886294082717788,3,1
GILD,2019-09-24,0.4394157215014061,0.31810249137204594,0.24248177282739036,0.19693394867401576,0.19693394867401576,2,1
GILD,2019-09-25,0.4145732276537247,0.5120840046868506,0.07334274392805767,0.341230483725667,0.341230483725667,2,1
GILD,2019-09-26,0.01853596758932555,0.12235097430251408,0.8591130322656473,0.8405770646763218,-0.8405770646763218,3,1
GILD,2019-09-27,0.8553247554328406,0.13247089861216033,0.012204396252851085,0.8431203591799895,0.8431203591799895,4,1
GILD,2019-09-30,0.02915768139064312,0.9477207660675049,0.02312152273952961,0.00603615865111351,0.00603615865111351,1,1
GILD,2019-10-01,0.03572902828454971,0.9444688558578491,0.019802125170826912,0.0159269031137228,0.0159269031137228,1,1
GILD,2019-10-02,0.24343131102169632,0.15731484033876772,0.5992538825749862,0.3558225715532899,-0.3558225715532899,2,1
GILD,2019-10-03,0.9153341517754512,0.04925503130439808,0.03541085389302682,0.8799232978824244,0.8799232978824244,2,1
GILD,2019-10-04,0.7922775450646364,0.17426466523227188,0.033457758548460524,0.7588197865161759,0.7588197865161759,5,1
GILD,2019-10-07,0.4609053268319985,0.48015420644399787,0.058940477244501785,0.4019648495874967,0.4019648495874967,4,1
GILD,2019-10-08,0.4074758426326255,0.23000304423239057,0.36252112931822017,0.044954713314405315,0.044954713314405315,5,1
GILD,2019-10-09,0.30604404440952004,0.6819122765807769,0.012043713254934026,0.294000331154586,0.294000331154586,4,1
GILD,2019-10-10,0.2680338436004787,0.7098318281905468,0.022134310616065907,0.2458995329844128,0.2458995329844128,5,1
GILD,2019-10-11,0.8860027178620776,0.0955570839000467,0.01844023581631159,0.867562482045766,0.867562482045766,5,1
GILD,2019-10-14,0.8595417560099128,0.1098566167176766,0.0306016104140286,0.8289401455958841,0.8289401455958841,5,1
GILD,2019-10-15,0.2948279606465555,0.6733866692029071,0.0317853385306786,0.26304262211587687,0.26304262211587687,5,1
GILD,2019-10-16,0.7468904689066126,0.19899941983074973,0.054110100722766,0.6927803681838466,0.6927803681838466,5,1
GILD,2019-10-17,0.7924382753797294,0.19426053317169947,0.01330117614477694,0.7791370992349524,0.7791370992349524,4,1
GILD,2019-10-18,0.6093810501180497,0.380028881844755,0.010590050376711006,0.5987909997413386,0.5987909997413386,5,1
GILD,2019-10-21,0.1373018584599829,0.8351849471130133,0.02751313912230529,0.10978871933767761,0.10978871933767761,4,1
GILD,2019-10-22,0.6887243980038825,0.286359201971037,0.02491639476161655,0.663808003242266,0.663808003242266,3,1
GILD,2019-10-23,0.6206404443188753,0.3627015311678831,0.01665799822534444,0.6039824460935309,0.6039824460935309,3,1
GILD,2019-10-24,0.3122925248836125,0.11940043182301571,0.5683070204313815,0.256014495547769,-0.256014495547769,5,1
GILD,2019-10-25,0.011503464895632679,0.021839157208929587,0.9666574020065295,0.9551539371108968,-0.9551539371108968,5,1
GILD,2019-10-28,0.5175364225361887,0.2963311328017207,0.18613242559559356,0.33140399694059514,0.33140399694059514,5,1
GILD,2019-10-29,0.6224464617251066,0.3639292565117133,0.013624311642930664,0.608822150082176,0.608822150082176,4,1
GILD,2019-10-30,0.29128414731787566,0.16617567630640248,0.542540172048438,0.2512560247305623,-0.2512560247305623,4,1
GILD,2019-10-31,0.02732795663177967,0.9476101398468018,0.025061823427677155,0.002266133204102516,0.002266133204102516,1,1
GILD,2019-11-01,0.8261626117985827,0.161981657583403,0.011855699383184475,0.8143069124153983,0.8143069124153983,4,1
GILD,2019-11-04,0.3059356909163629,0.28228278089503656,0.4117815437620844,0.10584585284572151,-0.10584585284572151,5,1
GILD,2019-11-05,0.9545552730560303,0.02170436456799507,0.023740394040942192,0.9308148790150881,0.9308148790150881,1,1
GILD,2019-11-06,0.8654595905525572,0.08717874110834309,0.04736168892844834,0.8180979016241088,0.8180979016241088,5,1
GILD,2019-11-07,0.24688727722320342,0.10935762342638586,0.6437551040662624,0.39686782684305894,-0.39686782684305894,5,1
GILD,2019-11-08,0.40201385516189675,0.21835812526162512,0.37962799756599847,0.022385857595898284,0.022385857595898284,5,1
GILD,2019-11-11,0.044682142051370756,0.2377463148022539,0.7175715541584039,0.6728894121070331,-0.6728894121070331,3,1
GILD,2019-11-12,0.5929742430897661,0.26015047587911966,0.1468752940842711,0.44609894900549496,0.44609894900549496,5,1
GILD,2019-11-13,0.09234374774825796,0.8953970357090036,0.012259211182236503,0.08008453656602146,0.08008453656602146,2,1
GILD,2019-11-14,0.37405342218830884,0.5665403404136788,0.059406274486873724,0.3146471477014351,0.3146471477014351,5,1
GILD,2019-11-15,0.0,0.0,0.0,0.0,0.0,0,0
GILD,2019-11-18,0.0,0.0,0.0,0.0,0.0,0,0
GILD,2019-11-19,0.10805214637262671,0.2611845380042774,0.6307633400882439,0.5227111937156171,-0.5227111937156171,4,1
GILD,2019-11-20,0.050652760387621024,0.14321601761255268,0.8061312065833041,0.755478446195683,-0.755478446195683,4,1
GILD,2019-11-21,0.8148364142132275,0.15750170059326665,0.027661875412119306,0.7871745388011082,0.7871745388011082,3,1
GILD,2019-11-22,0.26594854732039436,0.24992402700551783,0.48412743334404534,0.218178886023651,-0.218178886023651,4,1
GILD,2019-11-25,0.7158307595315799,0.24660473824369253,0.03756447961406561,0.6782662799175143,0.6782662799175143,3,1
GILD,2019-11-26,0.7142384156078481,0.2620968331469655,0.02366477202344635,0.6905736435844018,0.6905736435844018,4,1
GILD,2019-11-27,0.5059260538864493,0.10724032562603289,0.38683360806587935,0.11909244582056994,0.11909244582056994,2,1
GILD,2019-11-29,0.1121608882346338,0.8744100067233845,0.01342909757329408,0.09873179066133972,0.09873179066133972,2,1
GILD,2019-12-02,0.757540484173575,0.22058237022236993,0.02187705831820923,0.7356634258553658,0.7356634258553658,3,1
GILD,2019-12-03,0.05524029582738876,0.9190080165863037,0.025751560926437378,0.029488734900951385,0.029488734900951385,1,1
GILD,2019-12-04,0.09989328888093822,0.12369670895976793,0.7764100127000152,0.676516723819077,-0.676516723819077,2,1
GILD,2019-12-05,0.6167878564274334,0.057861441822914216,0.32535069304514647,0.2914371633822869,0.2914371633822869,4,1
GILD,2019-12-06,0.12688108287108843,0.8355411637443523,0.03757772810455314,0.08930335476653528,0.08930335476653528,5,1
GILD,2019-12-09,0.3117393189543108,0.2730113152918847,0.41524934949327297,0.10351003053896218,-0.10351003053896218,4,1
GILD,2019-12-10,0.3547158313023657,0.23645593928428216,0.40882826713354636,0.05411243583118064,-0.05411243583118064,4,1
GILD,2019-12-11,0.78437115175055,0.19893008192883865,0.016698766334897044,0.767672385415653,0.767672385415653,5,1
GILD,2019-12-12,0.3208022821879402,0.4995773836414382,0.17962030457405836,0.14118197761388185,0.14118197761388185,5,1
GILD,2019-12-13,0.4144777033224062,0.11307924190359642,0.4724430787517929,0.057965375429386734,-0.057965375429386734,5,1
GILD,2019-12-16,0.4862374414084402,0.17545626633882,0.3383062657893631,0.1479311756190771,0.1479311756190771,5,1
GILD,2019-12-17,0.21709663102620028,0.3002553378418771,0.4826480400050022,0.2655514089788019,-0.2655514089788019,3,1
GILD,2019-12-18,0.21595623866591912,0.7711780548840866,0.01286570938649844,0.20309052927942067,0.20309052927942067,2,1
GILD,2019-12-19,0.7392860673671101,0.1815422745374157,0.07917171592616834,0.6601143514409418,0.6601143514409418,4,1
GILD,2019-12-20,0.8094600804833759,0.17215415042321766,0.018385777099544066,0.7910743033838319,0.7910743033838319,5,1
GILD,2019-12-23,0.23244080378592571,0.21844689659524985,0.5491123206567036,0.3166715168707779,-0.3166715168707779,3,1
GILD,2019-12-24,0.7157144665613783,0.1767322689283562,0.10755320510157816,0.6081612614598001,0.6081612614598001,5,1
GILD,2019-12-26,0.5868083834648132,0.40521275997161865,0.007978830486536026,0.5788295529782772,0.5788295529782772,1,1
GILD,2019-12-27,0.14030910048259665,0.25592080714130055,0.6037700861983067,0.4634609857157101,-0.4634609857157101,4,1
GILD,2019-12-30,0.019489377737045288,0.1923137754201889,0.788196861743927,0.7687074840068817,-0.7687074840068817,1,1
GILD,2019-12-31,0.7718584289095327,0.1858316344234261,0.0423099821911114,0.7295484467184213,0.7295484467184213,4,1
GILD,2020-01-02,0.8516658544540405,0.12017868459224701,0.02815544418990612,0.8235104102641344,0.8235104102641344,1,1
GILD,2020-01-03,0.15770284031355508,0.17027686121974092,0.6720203116949419,0.5143174713813868,-0.5143174713813868,5,1
GILD,2020-01-06,0.9488428831100464,0.03610429540276528,0.015052777715027334,0.933790105395019,0.933790105395019,1,1
GILD,2020-01-07,0.02592737227678299,0.8915902376174927,0.08248240500688553,0.05655503273010254,-0.05655503273010254,1,1
GILD,2020-01-08,0.799857497215271,0.19211576879024506,0.008026713505387306,0.7918307837098837,0.7918307837098837,1,1
GILD,2020-01-09,0.6869352430841089,0.3034820136711323,0.009582724123411346,0.6773525189606976,0.6773525189606976,4,1
GILD,2020-01-10,0.14953137658840795,0.3489936196333912,0.5014749590990772,0.35194358251066926,-0.35194358251066926,4,1
GILD,2020-01-13,0.08195505876560659,0.581199242998865,0.3368457078973148,0.25489064913170817,-0.25489064913170817,5,1
GILD,2020-01-14,0.04828736558556557,0.9087361693382263,0.042976487427949905,0.005310878157615662,0.005310878157615662,1,1
GILD,2020-01-15,0.08622086761556082,0.9021757090147821,0.011603392583258315,0.0746174750323025,0.0746174750323025,4,1
GILD,2020-01-16,0.22346501052379608,0.037801217287778854,0.7387337684631348,0.5152687579393387,-0.5152687579393387,1,1
GILD,2020-01-17,0.3610607334262408,0.23088481122142784,0.4080544666674259,0.04699373324118511,-0.04699373324118511,5,1
GILD,2020-01-21,0.02516645954935437,0.24931938570042214,0.7255141149460607,0.7003476553967063,-0.7003476553967063,4,1
GILD,2020-01-22,0.1488236713115068,0.837010502912538,0.014165819067655313,0.1346578522438515,0.1346578522438515,3,1
GILD,2020-01-23,0.8101201186406576,0.14510938155649636,0.044770490164476685,0.7653496284761809,0.7653496284761809,5,1
GILD,2020-01-24,0.609510090004749,0.12806746126930496,0.2624224274849089,0.3470876625198401,0.3470876625198401,5,1
GILD,2020-01-27,0.6479353161795616,0.25226490060904144,0.09979978326269687,0.5481355329168647,0.5481355329168647,5,1
GILD,2020-01-28,0.4881490946287561,0.34770208947999737,0.16414881842710582,0.3240002762016503,0.3240002762016503,3,1
GILD,2020-01-29,0.3430657109671629,0.14899121750159244,0.5079430771827755,0.16487736621561266,-0.16487736621561266,5,1
GILD,2020-01-30,0.6193260205385571,0.37095764332357956,0.009716345331856797,0.6096096752067003,0.6096096752067003,3,1
GILD,2020-01-31,0.3975764501135563,0.25426533808768814,0.3481582167356535,0.0494182333779028,0.0494182333779028,5,1
GILD,2020-02-03,0.732925314917534,0.032691897946969015,0.23438275162800795,0.49854256328952606,0.49854256328952606,5,1
GILD,2020-02-04,0.6963569021733527,0.09969163923488632,0.20395144336822008,0.4924054588051326,0.4924054588051326,5,1
GILD,2020-02-05,0.6947509584425179,0.0650236083846252,0.24022545674785992,0.454525501694658,0.454525501694658,5,1
GILD,2020-02-06,0.5113176941672076,0.15159454067576295,0.33708776008452607,0.17422993408268156,0.17422993408268156,5,1
GILD,2020-02-07,0.6844160441106053,0.04979186171212723,0.26579209601032,0.4186239481002853,0.4186239481002853,5,1
GILD,2020-02-10,0.6240246859963247,0.2744214539187399,0.10155384460221722,0.5224708413941075,0.5224708413941075,5,1
GILD,2020-02-11,0.3091095083454499,0.06582087938693314,0.6250696526686137,0.31596014432316377,-0.31596014432316377,5,1
GILD,2020-02-12,0.30644254252186265,0.18645778019945,0.50709969342505,0.20065715090318736,-0.20065715090318736,5,1
GILD,2020-02-13,0.10593934022754344,0.7487812082251699,0.14527941161580044,0.039340071388257,-0.039340071388257,5,1
GILD,2020-02-14,0.7041655759663104,0.2624438958124813,0.03339051332744824,0.6707750626388621,0.6707750626388621,5,1
GILD,2020-02-18,0.20868611134644843,0.14563294783631064,0.6456809280902095,0.43699481674376106,-0.43699481674376106,5,1
GILD,2020-02-19,0.03271857351951117,0.06503995339192829,0.9022414847681509,0.8695229112486398,-0.8695229112486398,4,1
GILD,2020-02-20,0.01979654815509891,0.08604296534329701,0.8941605014027653,0.8743639532476664,-0.8743639532476664,2,1
GILD,2020-02-21,0.5483811511161433,0.09108351127018555,0.3605353468301788,0.18784580428596448,0.18784580428596448,5,1
GILD,2020-02-24,0.3819642156099764,0.032899972291377304,0.5851358205217655,0.2031716049117891,-0.2031716049117891,5,1
GILD,2020-02-25,0.32472906871308993,0.06401251394118739,0.6112584097416577,0.28652934102856775,-0.28652934102856775,5,1
GILD,2020-02-26,0.7552834819290256,0.07763662735525266,0.16707988800985904,0.5882035939191665,0.5882035939191665,5,1
GILD,2020-02-27,0.379383100488048,0.03077468209571116,0.5898422269140514,0.2104591264260034,-0.2104591264260034,5,1
GILD,2020-02-28,0.38206967507641637,0.026444523447248063,0.591485784038164,0.20941610896174762,-0.20941610896174762,5,1
GILD,2020-03-02,0.9437046390704594,0.03565489283271705,0.020640485232588414,0.923064153837871,0.923064153837871,5,1
GILD,2020-03-03,0.4129024095906101,0.4807491237268264,0.10634846595973498,0.3065539436308751,0.3065539436308751,5,1
GILD,2020-03-04,0.3791402978812724,0.16007896659152626,0.46078071679447313,0.08164041891320073,-0.08164041891320073,5,1
GILD,2020-03-05,0.6389966009876877,0.14039683318691343,0.22060657331926137,0.41839002766842637,0.41839002766842637,5,1
GILD,2020-03-06,0.45532986455835084,0.049772933533142154,0.4948971923764272,0.03956732781807637,-0.03956732781807637,5,1
GILD,2020-03-09,0.34294833078163406,0.07946420575875311,0.5775874695878925,0.23463913880625847,-0.23463913880625847,5,1
GILD,2020-03-10,0.5606430808875504,0.02760371921375587,0.41175318068648603,0.1488899002010644,0.1488899002010644,5,1
GILD,2020-03-11,0.3123614650141369,0.1083253660405412,0.5793131540548346,0.2669516890406977,-0.2669516890406977,5,1
GILD,2020-03-12,0.5171071433168457,0.11317918769103576,0.36971367992620513,0.14739346339064058,0.14739346339064058,5,1
GILD,2020-03-13,0.5457753504654823,0.06412936551948303,0.39009527214974987,0.15568007831573244,0.15568007831573244,5,1
GILD,2020-03-16,0.7610027285960848,0.12681636731899568,0.11218093078838763,0.6488217978076971,0.6488217978076971,5,1
GILD,2020-03-17,0.6414286202383847,0.34466816028138414,0.013903257333117744,0.627525362905267,0.627525362905267,5,1
GILD,2020-03-18,0.6867391365964463,0.12417705093854162,0.18908378309150847,0.4976553535049378,0.4976553535049378,5,1
GILD,2020-03-19,0.4902165468482763,0.11404075779345155,0.39574266468485814,0.09447388216341818,0.09447388216341818,5,1
GILD,2020-03-20,0.90346286455773,0.07857826704105732,0.017958855107208148,0.8855040094505218,0.8855040094505218,5,1
GILD,2020-03-23,0.4538434568518682,0.09598135471948613,0.450175154675936,0.0036683021759322254,0.0036683021759322254,5,1
GILD,2020-03-24,0.568224103255678,0.2066300592129488,0.22514585193092682,0.3430782513247511,0.3430782513247511,5,1
GILD,2020-03-25,0.508406603561074,0.07684776186417344,0.4147456235254867,0.09366098003558732,0.09366098003558732,5,1
GILD,2020-03-26,0.7009152240651962,0.0630210902374259,0.23606366328818812,0.4648515607770081,0.4648515607770081,5,1
GILD,2020-03-27,0.45046347722838365,0.13535478598940215,0.4141817379569191,0.03628173927146455,0.03628173927146455,5,1
GILD,2020-03-30,0.41154719737411877,0.1631428264769535,0.42530997091726624,0.013762773543147477,-0.013762773543147477,5,1
GILD,2020-03-31,0.737335043624196,0.2326569997442506,0.030007952882794155,0.7073270907414019,0.7073270907414019,5,1
GILD,2020-04-01,0.7729647928242019,0.2091177095133961,0.017917466947674092,0.7550473258765279,0.7550473258765279,5,1
GILD,2020-04-02,0.532099653155599,0.21715536177897218,0.25074498074716806,0.281354672408431,0.281354672408431,5,1
GILD,2020-04-03,0.749080315154799,0.0921028948058556,0.15881679478494054,0.5902635203698585,0.5902635203698585,5,1
GILD,2020-04-06,0.01960619171851698,0.03125117637532587,0.9491426413695037,0.9295364496509867,-0.9295364496509867,5,1
GILD,2020-04-07,0.5687415124286274,0.03613319149257356,0.395125279981162,0.17361623244746538,0.17361623244746538,5,1
GILD,2020-04-08,0.7414940609747943,0.14897260724879444,0.10953337255112104,0.6319606884236733,0.6319606884236733,5,1
GILD,2020-04-09,0.5684871971294525,0.05174443466746887,0.37976839053888906,0.18871880659056345,0.18871880659056345,5,1
GILD,2020-04-13,0.5754077210167862,0.0276685022424384,0.39692377088136377,0.1784839501354224,0.1784839501354224,5,1
GILD,2020-04-14,0.5520166896566286,0.07669200058193928,0.3712913002445958,0.18072538941203287,0.18072538941203287,5,1
GILD,2020-04-15,0.013905700988499733,0.03649245525928485,0.9496018484226292,0.9356961474341294,-0.9356961474341294,5,1
GILD,2020-04-16,0.7421863024762296,0.03996328800617535,0.21785037458255352,0.5243359278936761,0.5243359278936761,5,1
GILD,2020-04-17,0.38715652760600455,0.023541690510983565,0.5893017841961478,0.2021452565901432,-0.2021452565901432,5,1
GILD,2020-04-20,0.5590919662103672,0.04896470062427866,0.39194335631978594,0.16714860989058122,0.16714860989058122,5,1
GILD,2020-04-21,0.7906279799887901,0.19918780005534853,0.010184230154002093,0.780443749834788,0.780443749834788,5,1
GILD,2020-04-22,0.49351625407650124,0.13253039741391007,0.3739533690326381,0.11956288504386314,0.11956288504386314,5,1
GILD,2020-04-23,0.010623550723146932,0.019432662922677275,0.9699438081213462,0.9593202573981993,-0.9593202573981993,5,1
GILD,2020-04-24,0.009318225644837532,0.017579223560248186,0.9731025444295346,0.9637843187846971,-0.9637843187846971,5,1
GILD,2020-04-27,0.5432354915693879,0.07460046382792934,0.3821640098731711,0.16107148169621677,0.16107148169621677,5,1
GILD,2020-04-28,0.6230325238302316,0.248030134935454,0.1289373068463643,0.49409521698386727,0.49409521698386727,5,1
GILD,2020-04-29,0.011442337636457595,0.01794389713749661,0.9706137627346368,0.9591714250981792,-0.9591714250981792,5,1
GILD,2020-04-30,0.37787089203280494,0.02744687004496872,0.5946822628634643,0.21681137083065932,-0.21681137083065932,5,1
GILD,2020-05-01,0.014164620358024023,0.017682450989906576,0.9681529313294932,0.9539883109714692,-0.9539883109714692,5,1
GILD,2020-05-04,0.017067473465330996,0.028704092969812148,0.9542284109677149,0.9371609375023839,-0.9371609375023839,5,1
GILD,2020-05-05,0.9213536242034237,0.06397150994612635,0.01467486490310878,0.9066787593003149,0.9066787593003149,5,1
GILD,2020-05-06,0.7132694287881235,0.10548088358764844,0.18124969018606032,0.5320197386020632,0.5320197386020632,5,1
GILD,2020-05-07,0.7305030851865739,0.2461433640889085,0.02335356554079725,0.7071495196457767,0.7071495196457767,5,1
GILD,2020-05-08,0.7217424109218531,0.06903554719454782,0.20922204740660869,0.5125203635152444,0.5125203635152444,5,1
GILD,2020-05-11,0.370237660790933,0.03342086829850962,0.5963414602299058,0.22610379943897274,-0.22610379943897274,5,1
GILD,2020-05-12,0.6953283550955773,0.09775741703073368,0.20691425667828575,0.48841409841729155,0.48841409841729155,5,1
GILD,2020-05-13,0.5495930762633109,0.04161811089229922,0.40878880496957704,0.14080427129373385,0.14080427129373385,5,1
GILD,2020-05-14,0.811795815939796,0.14694806696208806,0.041256117997426206,0.7705396979423698,0.7705396979423698,5,1
GILD,2020-05-15,0.378537410804623,0.20684460485392425,0.4146179766407781,0.0360805658361551,-0.0360805658361551,5,1
GILD,2020-05-18,0.2541456738838784,0.09375795647497019,0.6520963784479528,0.3979507045640744,-0.3979507045640744,5,1
GILD,2020-05-19,0.548250324442877,0.3694244255032594,0.08232525436273765,0.4659250700801394,0.4659250700801394,4,1
GILD,2020-05-20,0.7695429126725752,0.05215268396006537,0.17830441751263493,0.5912384951599403,0.5912384951599403,5,1
GILD,2020-05-21,0.5464335315171489,0.17079162151623623,0.2827748743653482,0.2636586571518007,0.2636586571518007,5,1
GILD,2020-05-22,0.8801289405459272,0.0954554367994237,0.02441560799236002,0.8557133325535672,0.8557133325535672,5,1
GILD,2020-05-26,0.4627101836137083,0.1164087903420658,0.4208810157054597,0.04182916790824859,0.04182916790824859,5,1
GILD,2020-05-27,0.5437223863208165,0.09968982545899428,0.35658781401922746,0.18713457230158903,0.18713457230158903,5,1
GILD,2020-05-28,0.8017745803293929,0.18913895460052818,0.009086464141181192,0.7926881161882117,0.7926881161882117,5,1
GILD,2020-05-29,0.8945724473774882,0.08575195085884844,0.01967557268907415,0.874896874688414,0.874896874688414,5,1
GILD,2020-06-01,0.010408113637503229,0.016900797669985458,0.972691100705148,0.9622829870676447,-0.9622829870676447,5,1
GILD,2020-06-02,0.5372867056753524,0.0456056011901318,0.4171076955360825,0.1201790101392699,0.1201790101392699,5,1
GILD,2020-06-03,0.8491933936681647,0.10451610938715314,0.04629050224213016,0.8029028914260345,0.8029028914260345,5,1
GILD,2020-06-04,0.748611096084147,0.054957294525325134,0.19643159627273932,0.5521794998114077,0.5521794998114077,5,1
GILD,2020-06-05,0.4281516823383054,0.11311078840963565,0.45873753397958184,0.030585851641276418,-0.030585851641276418,3,1
GILD,2020-06-08,0.01183549936132849,0.016133840960398493,0.9720306442735315,0.960195144912203,-0.960195144912203,5,1
GILD,2020-06-09,0.7481309601638185,0.12783828172428113,0.12403075918020233,0.6241002009836162,0.6241002009836162,5,1
GILD,2020-06-10,0.4396150318089137,0.36768865695027914,0.19269633919054738,0.24691869261836633,0.24691869261836633,5,1
GILD,2020-06-11,0.15882779820473886,0.17801947521802036,0.6631527205428669,0.5043249223381281,-0.5043249223381281,2,1
GILD,2020-06-12,0.5528530309819074,0.0958385003465362,0.3513084957481833,0.20154453523372412,0.20154453523372412,5,1
GILD,2020-06-15,0.7764250267938724,0.1741065597801681,0.049468428927615535,0.7269565978662569,0.7269565978662569,2,1
GILD,2020-06-16,0.6826303878590689,0.30562918911940584,0.011740454534974649,0.6708899333240943,0.6708899333240943,3,1
GILD,2020-06-17,0.5585173971743126,0.20487464179865056,0.23660796218516475,0.3219094349891478,0.3219094349891478,5,1
GILD,2020-06-18,0.061824277011553096,0.3348174825879393,0.603358250079552,0.5415339730679989,-0.5415339730679989,2,1
GILD,2020-06-19,0.6233322892596093,0.14235114971591162,0.23431656791730307,0.3890157213423062,0.3890157213423062,5,1
GILD,2020-06-22,0.5584721172889386,0.36387922328072175,0.07764866729538397,0.48082344999355464,0.48082344999355464,4,1
GILD,2020-06-23,0.64575504466265,0.21126014022574302,0.14298481231144866,0.5027702323512013,0.5027702323512013,5,1
GILD,2020-06-24,0.31862382298651526,0.15338068483504946,0.5279954807319414,0.2093716577454261,-0.2093716577454261,3,1
GILD,2020-06-25,0.5804937755182135,0.18010020079016603,0.23940600918674348,0.34108776633147,0.34108776633147,5,1
GILD,2020-06-26,0.52437184246477,0.13076474124000287,0.3448634193261715,0.1795084231385985,0.1795084231385985,5,1
GILD,2020-06-29,0.4044606786302194,0.036655799407215035,0.5588835355321189,0.1544228569018995,-0.1544228569018995,5,1
GILD,2020-06-30,0.8408701055187596,0.1385507525775156,0.02057910329264496,0.8202910022261146,0.8202910022261146,4,1
GILD,2020-07-01,0.7354831850854164,0.16049485868793326,0.10402194942886903,0.6314612356565474,0.6314612356565474,3,1
GILD,2020-07-02,0.697567167202445,0.11158584135229875,0.19084700144795308,0.506720165754492,0.506720165754492,5,1
GILD,2020-07-06,0.6888464907728239,0.10618923193428975,0.2049642620585118,0.4838822287143121,0.4838822287143121,4,1
GILD,2020-07-07,0.798049826784632,0.184040218000424,0.017909968966772046,0.78013985781786,0.78013985781786,3,1
GILD,2020-07-08,0.4456865063838853,0.5152038022618105,0.03910969561457489,0.4065768107693104,0.4065768107693104,5,1
GILD,2020-07-09,0.8126895150506652,0.14672247541866149,0.040587986799834073,0.7721015282508311,0.7721015282508311,2,1
GILD,2020-07-10,0.5769139571078342,0.023861436317581804,0.39922457356250074,0.17768938354533348,0.17768938354533348,5,1
GILD,2020-07-13,0.7980779051772242,0.06261886145161681,0.1393032252285683,0.6587746799486559,0.6587746799486559,5,1
GILD,2020-07-14,0.7281430959701538,0.26032543182373047,0.011531463824212553,0.7166116321459413,0.7166116321459413,1,1
GOOG,2019-06-03,0.01079786998529466,0.019991958625914144,0.9692101804987086,0.9584123105134139,-0.9584123105134139,5,1
GOOG,2019-06-04,0.6200699470713789,0.12354155714219768,0.2563885270696397,0.36368142000173914,0.36368142000173914,5,1
GOOG,2019-06-05,0.26796413094251004,0.1684725533800156,0.5635633074229192,0.2955991764804091,-0.2955991764804091,5,1
GOOG,2019-06-06,0.1717014969240015,0.06992652703580661,0.7583719654946341,0.5866704685706327,-0.5866704685706327,5,1
GOOG,2019-06-07,0.013013696198902415,0.037589877502661274,0.9493964178605248,0.9363827216616223,-0.9363827216616223,5,1
GOOG,2019-06-10,0.44055118575578994,0.07963033611215328,0.4798185017403109,0.039267315984520934,-0.039267315984520934,5,1
GOOG,2019-06-11,0.3147756194246566,0.09569020196228084,0.5895341777798646,0.274758558355208,-0.274758558355208,5,1
GOOG,2019-06-12,0.6685695678220935,0.13162936370168596,0.19980106877804663,0.46876849904404694,0.46876849904404694,5,1
GOOG,2019-06-13,0.07556852380380037,0.340145423830417,0.5842861018737643,0.5087175780699639,-0.5087175780699639,5,1
GOOG,2019-06-14,0.31689240796780654,0.2431871889191444,0.43992039959676765,0.12302799162896111,-0.12302799162896111,5,1
GOOG,2019-06-17,0.17427342609179297,0.24644026178604658,0.5792863102484954,0.40501288415670245,-0.40501288415670245,5,1
GOOG,2019-06-18,0.3567436964903225,0.10888552768549359,0.5343707613709507,0.17762706488062824,-0.17762706488062824,5,1
GOOG,2019-06-19,0.5308215454729198,0.1924290613929652,0.2767493794322305,0.25407216604068933,0.25407216604068933,5,1
GOOG,2019-06-20,0.7102621343541609,0.15386646310551447,0.1358713719939742,0.5743907623601867,0.5743907623601867,5,1
GOOG,2019-06-21,0.3995985678328832,0.03753803061710891,0.5628633942132203,0.16326482638033707,-0.16326482638033707,5,1
GOOG,2019-06-24,0.21662031481009705,0.2112212523019536,0.5721584137665251,0.3555380989564281,-0.3555380989564281,5,1
GOOG,2019-06-25,0.14582111721235658,0.2508680785520558,0.6033108029417857,0.45748968572942916,-0.45748968572942916,5,1
GOOG,2019-06-26,0.5790899820597348,0.16175689724769948,0.25915313219205466,0.3199368498676802,0.3199368498676802,5,1
GOOG,2019-06-27,0.27321495692340536,0.1761996134428573,0.5505854298071059,0.27737047288370054,-0.27737047288370054,5,1
GOOG,2019-06-28,0.37458085249454703,0.5955403185849634,0.029878845902127867,0.3447020065924192,0.3447020065924192,3,1
GOOG,2019-07-01,0.5312361211212526,0.2468354741531721,0.22192839559574437,0.3093077255255082,0.3093077255255082,5,1
GOOG,2019-07-02,0.43745067641997804,0.1661655517886428,0.39638376806196396,0.041066908358014076,0.041066908358014076,5,1
GOOG,2019-07-03,0.1943436631457906,0.7952889140522432,0.01036745404829005,0.18397620909750056,0.18397620909750056,2,1
GOOG,2019-07-05,0.11139743038098375,0.26554439063249585,0.6230582099750294,0.5116607795940457,-0.5116607795940457,5,1
GOOG,2019-07-08,0.4016471191884168,0.25964254969184836,0.3387103431079888,0.06293677608042797,0.06293677608042797,5,1
GOOG,2019-07-09,0.6440931575168437,0.09737808603725119,0.25852873536854326,0.38556442214830045,0.38556442214830045,5,1
GOOG,2019-07-10,0.6627889050955653,0.2963036525752038,0.040907426261183405,0.6218814788343819,0.6218814788343819,4,1
GOOG,2019-07-11,0.33296777661036225,0.09025536504288745,0.5767768426257704,0.2438090660154082,-0.2438090660154082,5,1
GOOG,2019-07-12,0.6924526359502711,0.2520583655163749,0.055488989607554315,0.6369636463427167,0.6369636463427167,5,1
GOOG,2019-07-15,0.28033218645476715,0.19445029311528,0.5252175258315921,0.24488533937682494,-0.24488533937682494,5,1
GOOG,2019-07-16,0.07742095642026814,0.2316838403436846,0.6908952046880346,0.6134742482677664,-0.6134742482677664,5,1
GOOG,2019-07-17,0.4055938143194697,0.1058886756516657,0.48851750504630514,0.08292369072683542,-0.08292369072683542,5,1
GOOG,2019-07-18,0.2853978055212681,0.192122860007965,0.5224793258123515,0.23708152029108337,-0.23708152029108337,5,1
GOOG,2019-07-19,0.22696486527672272,0.07954854353001992,0.6934866150527086,0.46652174977598587,-0.46652174977598587,5,1
GOOG,2019-07-22,0.6172849422562221,0.12251172802557109,0.26020331133188385,0.35708163092433826,0.35708163092433826,5,1
GOOG,2019-07-23,0.05149178110057157,0.20621982797024552,0.742288425714724,0.6907966446141524,-0.6907966446141524,5,1
GOOG,2019-07-24,0.3712204979480909,0.12142986652477161,0.5073495958019061,0.13612909785381516,-0.13612909785381516,5,1
GOOG,2019-07-25,0.7675232685487815,0.026330672136292723,0.20614605641835015,0.5613772121304313,0.5613772121304313,5,1
GOOG,2019-07-26,0.7598420158657423,0.02400225963220894,0.21615572078622491,0.5436862950795174,0.5436862950795174,5,1
GOOG,2019-07-29,0.7454236869217473,0.2121894347255071,0.042386849414200206,0.7030368375075471,0.7030368375075471,5,1
GOOG,2019-07-30,0.7837957175734213,0.07846807141113112,0.13773620114049964,0.6460595164329216,0.6460595164329216,5,1
GOOG,2019-07-31,0.12728805552041972,0.8549422807963614,0.01776963402446183,0.10951842149595789,0.10951842149595789,5,1
GOOG,2019-08-01,0.010922125964991355,0.10503373459014445,0.8840441217301089,0.8731219957651176,-0.8731219957651176,2,1
GOOG,2019-08-02,0.14411345403633483,0.37974954396218324,0.47613697124987125,0.3320235172135364,-0.3320235172135364,5,1
GOOG,2019-08-05,0.18213394547686995,0.17995889687678845,0.6379072054320961,0.45577325995522616,-0.45577325995522616,5,1
GOOG,2019-08-06,0.25419787127061144,0.7082587001156287,0.03754339653425428,0.21665447473635716,0.21665447473635716,5,1
GOOG,2019-08-07,0.2041539098341509,0.2019900175468981,0.5938560979739811,0.38970218813983015,-0.38970218813983015,5,1
GOOG,2019-08-08,0.8810202888274756,0.09095783896420509,0.028021903702776966,0.8529983851246986,0.8529983851246986,5,1
GOOG,2019-08-09,0.8145604315814069,0.09399492970969194,0.09144464261932746,0.7231157889620794,0.7231157889620794,5,1
GOOG,2019-08-12,0.058604914895309716,0.0721023954475957,0.8692926962679041,0.8106877813725943,-0.8106877813725943,5,1
GOOG,2019-08-13,0.3052362577606393,0.1385179520069115,0.5562457989809313,0.251009541220292,-0.251009541220292,5,1
GOOG,2019-08-14,0.4603301047212212,0.1709729096153247,0.36869698270925433,0.09163312201196688,0.09163312201196688,5,1
GOOG,2019-08-15,0.38914993761707106,0.1837383007567631,0.4271117675771094,0.03796182996003833,-0.03796182996003833,5,1
GOOG,2019-08-16,0.9007320770374784,0.06889714319957221,0.03037074264007316,0.8703613343974053,0.8703613343974053,3,1
GOOG,2019-08-19,0.39607157929114944,0.14580134273677095,0.4581270312594636,0.062055451968314135,-0.062055451968314135,5,1
GOOG,2019-08-20,0.18870375403504694,0.1621868914070008,0.6491093386324239,0.460405584597377,-0.460405584597377,5,1
GOOG,2019-08-21,0.44780614456500234,0.13805291106908313,0.41414095592579325,0.03366518863920909,0.03366518863920909,4,1
GOOG,2019-08-22,0.014077822211198934,0.06727962161295412,0.9186425746216506,0.9045647524104516,-0.9045647524104516,5,1
GOOG,2019-08-23,0.07790176882745861,0.1161212779467402,0.8059769414375237,0.7280751726100652,-0.7280751726100652,5,1
GOOG,2019-08-26,0.5244767691866097,0.07101918497518886,0.4045040199903274,0.11997274919628226,0.11997274919628226,5,1
GOOG,2019-08-27,0.19725555910579035,0.402731796327263,0.40001265349682036,0.20275709439103,-0.20275709439103,5,1
GOOG,2019-08-28,0.018572768324985063,0.07790704378460027,0.9035201718704846,0.8849474035454995,-0.8849474035454995,5,1
GOOG,2019-08-29,0.8446741277648516,0.14755314071406592,0.007772740298343039,0.8369013874665086,0.8369013874665086,2,1
GOOG,2019-08-30,0.30101583350413724,0.3737179147570379,0.3252662854089173,0.024250451904780035,-0.024250451904780035,5,1
GOOG,2019-09-03,0.17827382146345827,0.23797461907783427,0.5837515747439996,0.40547775328054136,-0.40547775328054136,5,1
GOOG,2019-09-04,0.08732616659559017,0.11134043889716881,0.801333402377519,0.7140072357819289,-0.7140072357819289,5,1
GOOG,2019-09-05,0.5629371475628395,0.3343630670191644,0.10269979076726683,0.4602373567955727,0.4602373567955727,5,1
GOOG,2019-09-06,0.39451488231876597,0.11340171421555297,0.4920834107895912,0.09756852847082526,-0.09756852847082526,5,1
GOOG,2019-09-09,0.3757525407027945,0.05383608352165368,0.5704113654352166,0.19465882473242213,-0.19465882473242213,5,1
GOOG,2019-09-10,0.29694540181780144,0.299867065549215,0.4031875340887809,0.10624213227097945,-0.10624213227097945,5,1
GOOG,2019-09-11,0.1309431527908151,0.21646341340850692,0.6525934518417167,0.5216502990509015,-0.5216502990509015,4,1
GOOG,2019-09-12,0.1494257491544431,0.4464012310987658,0.40417301260594607,0.254747263451503,-0.254747263451503,5,1
GOOG,2019-09-13,0.5774407505641093,0.15788906260351906,0.26467020482297954,0.3127705457411297,0.3127705457411297,5,1
GOOG,2019-09-16,0.33018396552081003,0.30984437844812657,0.3599716581005707,0.02978769257976066,-0.02978769257976066,5,1
GOOG,2019-09-17,0.012793207147580024,0.04783028272370301,0.9393765705120626,0.9265833633644825,-0.9265833633644825,2,1
GOOG,2019-09-18,0.06958925660712142,0.18824576741192212,0.7421649986451636,0.6725757420380422,-0.6725757420380422,4,1
GOOG,2019-09-19,0.09048904149296723,0.4383077461505654,0.4712032365362804,0.38071419504331316,-0.38071419504331316,5,1
GOOG,2019-09-20,0.6817035578998626,0.09638056806114778,0.22191588665847392,0.45978767124138864,0.45978767124138864,5,1
GOOG,2019-09-23,0.5619148703375054,0.41417001797223346,0.023915090671364405,0.537999779666141,0.537999779666141,5,1
GOOG,2019-09-24,0.11096046993571135,0.44453313982605025,0.4445063742209109,0.33354590428519953,-0.33354590428519953,3,1
GOOG,2019-09-25,0.15791385132881935,0.8175579286453372,0.024528247373111208,0.13338560395570814,0.13338560395570814,2,1
GOOG,2019-09-26,0.029779184609651566,0.8560447096824646,0.11417607218027115,0.08439688757061958,-0.08439688757061958,1,1
GOOG,2019-09-27,0.3602002823213654,0.25529774247346076,0.3845019572896536,0.024301674968288167,-0.024301674968288167,5,1
GOOG,2019-09-30,0.1641057618219086,0.15596421889773537,0.6799300121302039,0.5158242503082953,-0.5158242503082953,5,1
GOOG,2019-10-01,0.1921512484550476,0.7946365475654602,0.013212218880653381,0.17893902957439423,0.17893902957439423,1,1
GOOG,2019-10-02,0.34977254411251396,0.10826428325825059,0.5419631607884252,0.19219061667591125,-0.19219061667591125,5,1
GOOG,2019-10-03,0.7146846134779866,0.26126050832587394,0.024054884769203828,0.6906297287087828,0.6906297287087828,5,1
GOOG,2019-10-04,0.5926149941325644,0.3653140228974533,0.042070983950484545,0.5505440101820798,0.5505440101820798,5,1
GOOG,2019-10-07,0.10960774967234219,0.305240885270254,0.5851513608341401,0.4755436111617979,-0.4755436111617979,5,1
GOOG,2019-10-08,0.02746046835333818,0.17974740165983893,0.7927920940573651,0.7653316257040269,-0.7653316257040269,4,1
GOOG,2019-10-09,0.3744194080479773,0.13001482319467833,0.4955657613109128,0.12114635326293549,-0.12114635326293549,5,1
GOOG,2019-10-10,0.1594002427183264,0.10794219541664696,0.7326575747380886,0.5732573320197621,-0.5732573320197621,5,1
GOOG,2019-10-11,0.8350171455520353,0.10848921440399244,0.05649362211885685,0.7785235234331784,0.7785235234331784,5,1
GOOG,2019-10-14,0.8469238472660733,0.11154048293779098,0.04153566261340317,0.8053881846526701,0.8053881846526701,5,1
GOOG,2019-10-15,0.6898311980554979,0.09149452290308374,0.21867426041190394,0.4711569376435939,0.4711569376435939,5,1
GOOG,2019-10-16,0.565016805701139,0.26342196889036246,0.17156121734980181,0.3934555883513372,0.3934555883513372,5,1
GOOG,2019-10-17,0.16626718049696754,0.3628838339725836,0.47084897500116324,0.3045817945041957,-0.3045817945041957,5,1
GOOG,2019-10-18,0.6604514803300885,0.21276637785698965,0.12678216510553963,0.5336693152245489,0.5336693152245489,5,1
GOOG,2019-10-21,0.08940032373321877,0.8904675528091932,0.020132089862308748,0.06926823387091002,0.06926823387091002,5,1
GOOG,2019-10-22,0.5975333247648149,0.14172494834667762,0.26074175955995615,0.33679156520485876,0.33679156520485876,5,1
GOOG,2019-10-23,0.6729718825249001,0.27439533155580914,0.05263277515789034,0.6203391073670098,0.6203391073670098,5,1
GOOG,2019-10-24,0.4532200682189822,0.24688330482942725,0.29989666958485106,0.15332339863413114,0.15332339863413114,5,1
GOOG,2019-10-25,0.5927794592123828,0.2039234191609807,0.20329712325759836,0.3894823359547845,0.3894823359547845,5,1
GOOG,2019-10-28,0.010724472729118507,0.026462064997767674,0.9628134582783898,0.9520889855492713,-0.9520889855492713,5,1
GOOG,2019-10-29,0.011879154862509888,0.02934127621304948,0.9587795861803619,0.946900431317852,-0.946900431317852,5,1
GOOG,2019-10-30,0.5692630305305327,0.06997647217526447,0.3607605268385366,0.20850250369199613,0.20850250369199613,5,1
GOOG,2019-10-31,0.24654108826640153,0.08252762812189249,0.6709313035334189,0.42439021526701737,-0.42439021526701737,5,1
GOOG,2019-11-01,0.8811818724793856,0.10834539801147625,0.01047275499058602,0.8707091174887996,0.8707091174887996,5,1
GOOG,2019-11-04,0.6691964589545377,0.10114306711302816,0.22966047461887443,0.4395359843356633,0.4395359843356633,5,1
GOOG,2019-11-05,0.7438885437335956,0.06472934156483479,0.19138211106853764,0.552506432665058,0.552506432665058,5,1
GOOG,2019-11-06,0.7813654768419133,0.03851208399281475,0.18012246112948402,0.6012430157124292,0.6012430157124292,5,1
GOOG,2019-11-07,0.5279537960593434,0.14775113594123396,0.32429504240470625,0.2036587536546372,0.2036587536546372,5,1
GOOG,2019-11-08,0.336341813310723,0.13901703570914017,0.5246411310465129,0.1882993177357899,-0.1882993177357899,5,1
GOOG,2019-11-11,0.3969240737772404,0.4266794908455436,0.1763964194650418,0.22052765431219862,0.22052765431219862,5,1
GOOG,2019-11-12,0.6408513478857069,0.34077582831814185,0.018372752127814185,0.6224785957578927,0.6224785957578927,5,1
GOOG,2019-11-13,0.5855629846475554,0.17340268904560924,0.24103432370524533,0.34452866094231005,0.34452866094231005,5,1
GOOG,2019-11-14,0.373996729802394,0.15630220519888738,0.4697010795750697,0.09570434977267567,-0.09570434977267567,5,1
GOOG,2019-11-15,0.7087472550952216,0.07686348971416154,0.21438923136011473,0.4943580237351069,0.4943580237351069,5,1
GOOG,2019-11-18,0.6004600500854412,0.24010508530688354,0.15943483192681712,0.4410252181586241,0.4410252181586241,5,1
GOOG,2019-11-19,0.3728587163740333,0.6129453351895322,0.014195895166995617,0.3586628212070377,0.3586628212070377,4,1
GOOG,2019-11-20,0.697647388788108,0.11365234145718058,0.1887002539305512,0.5089471348575567,0.5089471348575567,5,1
GOOG,2019-11-21,0.3584775173270083,0.14129416068527284,0.5002283062358106,0.14175078890880233,-0.14175078890880233,5,1
GOOG,2019-11-22,0.12693442178821415,0.09806543946461962,0.7750001474713344,0.6480657256831203,-0.6480657256831203,5,1
GOOG,2019-11-25,0.5439386595060257,0.22798283151132143,0.22807852044640783,0.31586013905961785,0.31586013905961785,5,1
GOOG,2019-11-26,0.4539729107152987,0.09828516029841751,0.447741961652133,0.006230949063165736,0.006230949063165736,5,1
GOOG,2019-11-27,0.5603086096739581,0.2176097460086892,0.22208163315678586,0.33822697651717226,0.33822697651717226,5,1
GOOG,2019-11-29,0.2428764570214913,0.09939831423227301,0.6577252146064363,0.414848757584945,-0.414848757584945,5,1
GOOG,2019-12-02,0.18785881026964638,0.6460296519858276,0.16611147017285108,0.021747340096795298,0.021747340096795298,5,1
GOOG,2019-12-03,0.7137885193133926,0.0800192305129345,0.20619224421684543,0.5075962750965471,0.5075962750965471,5,1
GOOG,2019-12-04,0.20095535914726786,0.03945501496697873,0.7595896299835455,0.5586342708362777,-0.5586342708362777,5,1
GOOG,2019-12-05,0.6023207235268123,0.2154830500005986,0.1821962054730099,0.4201245180538024,0.4201245180538024,5,1
GOOG,2019-12-06,0.6792357611993057,0.08214164523175992,0.23862259573037511,0.4406131654689306,0.4406131654689306,5,1
GOOG,2019-12-09,0.06991099124002279,0.22374690771875,0.7063420919780783,0.6364311007380555,-0.6364311007380555,5,1
GOOG,2019-12-10,0.3232106311360117,0.08254709413927129,0.5942423064118395,0.27103167527582783,-0.27103167527582783,5,1
GOOG,2019-12-11,0.22584693483605958,0.09399306393076029,0.6801599756097784,0.4543130407737188,-0.4543130407737188,5,1
GOOG,2019-12-12,0.5410263754192122,0.36713977146525245,0.09183386449059232,0.44919251092861984,0.44919251092861984,3,1
GOOG,2019-12-13,0.5875644725783162,0.1324884204708618,0.2799470811931814,0.30761739138513483,0.30761739138513483,5,1
GOOG,2019-12-16,0.6197541882829971,0.20179363300634218,0.17845218690666514,0.44130200137633196,0.44130200137633196,5,1
GOOG,2019-12-17,0.46558690804579145,0.18834221252090239,0.34607087570219924,0.1195160323435922,0.1195160323435922,5,1
GOOG,2019-12-18,0.48659853656212354,0.1437646494692524,0.36963681161605483,0.11696172494606871,0.11696172494606871,5,1
GOOG,2019-12-19,0.4195406936853225,0.2064259770423096,0.3740333758175859,0.045507317867736596,0.045507317867736596,5,1
GOOG,2019-12-20,0.3656990106441291,0.06859099615480407,0.5657099954153066,0.20001098477117757,-0.20001098477117757,5,1
GOOG,2019-12-23,0.6357639883973321,0.09674115138133184,0.2674948553783142,0.36826913301901787,0.36826913301901787,5,1
GOOG,2019-12-24,0.5087109969222647,0.3351566843201444,0.15613231705287967,0.35257867986938507,0.35257867986938507,4,1
GOOG,2019-12-26,0.6965993737309957,0.2887708890029673,0.014629744868782858,0.6819696288622128,0.6819696288622128,5,1
GOOG,2019-12-27,0.25625277577902517,0.3460062214611349,0.39774098077311965,0.14148820499409448,-0.14148820499409448,5,1
GOOG,2019-12-30,0.25099758355343205,0.19682045981237278,0.5521819814980544,0.3011843979446224,-0.3011843979446224,5,1
GOOG,2019-12-31,0.6032065081069653,0.3779781859246551,0.018815323329942554,0.5843911847770228,0.5843911847770228,5,1
GOOG,2020-01-02,0.5062807347264642,0.14898198351492853,0.34473728017511085,0.16154345455135333,0.16154345455135333,5,1
GOOG,2020-01-03,0.7397249838159634,0.08240253406499455,0.17787249787074044,0.561852485945223,0.561852485945223,5,1
GOOG,2020-01-06,0.35183004370730375,0.19015449130313497,0.4580154823388887,0.10618543863158497,-0.10618543863158497,5,1
GOOG,2020-01-07,0.44095433298439,0.26977277003475175,0.28927290056396393,0.1516814324204261,0.1516814324204261,4,1
GOOG,2020-01-08,0.4530740018503424,0.049748114724631316,0.49717787311383876,0.04410387126349635,-0.04410387126349635,5,1
GOOG,2020-01-09,0.8352710854274333,0.11820476985871525,0.04652417107726686,0.7887469143501664,0.7887469143501664,5,1
GOOG,2020-01-10,0.7362187928023582,0.17866401331144213,0.08511719408786704,0.6511015987144912,0.6511015987144912,5,1
GOOG,2020-01-13,0.8273518551323129,0.14398037840341446,0.028667751166212625,0.7986841039661002,0.7986841039661002,5,1
GOOG,2020-01-14,0.3419604043957967,0.05450225196773552,0.6035373393162293,0.2615769349204326,-0.2615769349204326,5,1
GOOG,2020-01-15,0.36404923127797306,0.13597622510779955,0.49997457058251416,0.1359253393045411,-0.1359253393045411,5,1
GOOG,2020-01-16,0.6789570908611907,0.11657450033963836,0.2044684444890755,0.4744886463721152,0.4744886463721152,5,1
GOOG,2020-01-17,0.746140580872422,0.03978578028044066,0.21407362702119687,0.532066953851225,0.532066953851225,5,1
GOOG,2020-01-21,0.6889145704990615,0.27485793511219136,0.03622756496282332,0.6526870055362382,0.6526870055362382,5,1
GOOG,2020-01-22,0.4223419824769212,0.3027105024353221,0.27494752477210066,0.14739445770482051,0.14739445770482051,5,1
GOOG,2020-01-23,0.29490691892172566,0.6822969110308352,0.02279615520378044,0.27211076371794524,0.27211076371794524,5,1
GOOG,2020-01-24,0.5660938402887785,0.374547824513313,0.05935830759809251,0.506735532690686,0.506735532690686,5,1
GOOG,2020-01-27,0.013971304421184962,0.14853502365972476,0.8374936912106288,0.8235223867894438,-0.8235223867894438,5,1
GOOG,2020-01-28,0.39585581608577547,0.5560227891417622,0.04812136264037785,0.3477344534453976,0.3477344534453976,5,1
GOOG,2020-01-29,0.2780941441087761,0.2064818663983322,0.5154240033513282,0.23732985924255212,-0.23732985924255212,5,1
GOOG,2020-01-30,0.2901085401578288,0.05246441150794919,0.6574270666807545,0.3673185265229257,-0.3673185265229257,5,1
GOOG,2020-01-31,0.5345220692262322,0.1363927736465281,0.3290851686534596,0.20543690057277264,0.20543690057277264,5,1
GOOG,2020-02-03,0.37827025311768464,0.02312896495281242,0.5986007860415073,0.2203305329238227,-0.2203305329238227,5,1
GOOG,2020-02-04,0.5485119642532227,0.035484851973352834,0.41600316957901323,0.13250879467420945,0.13250879467420945,5,1
GOOG,2020-02-05,0.2197998076633365,0.08545362885245689,0.6947465616678884,0.4749467540045519,-0.4749467540045519,5,1
GOOG,2020-02-06,0.5781457743398767,0.07153548524534142,0.35031872077264387,0.22782705356723282,0.22782705356723282,5,1
GOOG,2020-02-07,0.554778117293103,0.047092943527845536,0.39812891126810107,0.15664920602500193,0.15664920602500193,5,1
GOOG,2020-02-10,0.6944232801972925,0.08665032652905226,0.21892638960336192,0.4754968905939306,0.4754968905939306,5,1
GOOG,2020-02-11,0.5620318162354948,0.06589065016011021,0.3720775222897948,0.18995429394570001,0.18995429394570001,5,1
GOOG,2020-02-12,0.44373727624794507,0.5436695861531933,0.012593145726644862,0.4311441305213002,0.4311441305213002,5,1
GOOG,2020-02-13,0.28276121628066136,0.33485086486174537,0.3823879088017224,0.09962669252106104,-0.09962669252106104,5,1
GOOG,2020-02-14,0.5035976575544852,0.06224422568918187,0.4341581145694146,0.06943954298507055,0.06943954298507055,5,1
GOOG,2020-02-18,0.6900306662198188,0.08983378384216133,0.2201355446507063,0.4698951215691125,0.4698951215691125,5,1
GOOG,2020-02-19,0.2731154995351399,0.11050115224539422,0.6163833538119856,0.3432678542768457,-0.3432678542768457,5,1
GOOG,2020-02-20,0.42594082413428414,0.140548886996893,0.43351030460102385,0.00756948046673972,-0.00756948046673972,5,1
GOOG,2020-02-21,0.011538106561309732,0.03701788808344563,0.951443982779795,0.9399058762184853,-0.9399058762184853,5,1
GOOG,2020-02-24,0.3020309266519685,0.08590263504814216,0.61206647507368,0.31003554842171144,-0.31003554842171144,5,1
GOOG,2020-02-25,0.6211221512402283,0.09766636408275599,0.2812115165745694,0.3399106346656589,0.3399106346656589,5,1
GOOG,2020-02-26,0.4417301713844489,0.0821447973732147,0.47612500545323655,0.03439483406878763,-0.03439483406878763,5,1
GOOG,2020-02-27,0.199339306633424,0.02113899397637944,0.7795217478172081,0.580182441183784,-0.580182441183784,5,1
GOOG,2020-02-28,0.0724880486344876,0.21342569493203425,0.7140862439137393,0.6415981952792518,-0.6415981952792518,4,1
GOOG,2020-03-02,0.5647419781834522,0.3614049928086211,0.07385305861855163,0.49088891956490055,0.49088891956490055,5,1
GOOG,2020-03-03,0.19252863336086665,0.06910271837636749,0.7383686397281293,0.5458400063672626,-0.5458400063672626,5,1
GOOG,2020-03-04,0.464652388190457,0.05265230541295882,0.4826953144367014,0.018042926246244373,-0.018042926246244373,5,1
GOOG,2020-03-05,0.20611284996896895,0.1451354316185709,0.6487516881944728,0.4426388382255039,-0.4426388382255039,5,1
GOOG,2020-03-06,0.13582724660194573,0.0908428065979198,0.7733299656067352,0.6375027190047895,-0.6375027190047895,5,1
GOOG,2020-03-09,0.227509330532527,0.24812618947236778,0.5243644795941574,0.29685514906163046,-0.29685514906163046,5,1
GOOG,2020-03-10,0.052301588107784854,0.1599099103096208,0.7877885143793266,0.7354869262715418,-0.7354869262715418,5,1
GOOG,2020-03-11,0.5623481062885868,0.04042698844165994,0.3972249338790474,0.1651231724095394,0.1651231724095394,5,1
GOOG,2020-03-12,0.25738160642755725,0.2109995708982797,0.5316188007572397,0.2742371943296824,-0.2742371943296824,5,1
GOOG,2020-03-13,0.3770748899471972,0.029566370319441912,0.5933587417565912,0.21628385180939402,-0.21628385180939402,5,1
GOOG,2020-03-16,0.20166355756115692,0.02514765520919041,0.7731888083341993,0.5715252507730424,-0.5715252507730424,5,1
GOOG,2020-03-17,0.33296852348995387,0.08477290523712935,0.5822585680135792,0.24929004452362535,-0.24929004452362535,5,1
GOOG,2020-03-18,0.03650184984244032,0.09599515766397143,0.8675029847181972,0.8310011348757569,-0.8310011348757569,5,1
GOOG,2020-03-19,0.3155493907159909,0.16405017300019337,0.5204004302011094,0.20485103948511846,-0.20485103948511846,5,1
GOOG,2020-03-20,0.5583679990205715,0.08961766499591732,0.3520143057456052,0.20635369327496633,0.20635369327496633,5,1
GOOG,2020-03-23,0.33735055392889257,0.061764152815226944,0.6008852765151681,0.2635347225862755,-0.2635347225862755,5,1
GOOG,2020-03-24,0.39528373922959587,0.031319158162715355,0.5733971326740157,0.17811339344441984,-0.17811339344441984,5,1
GOOG,2020-03-25,0.20086154246142407,0.03443094572208361,0.7647075040923305,0.5638459616309064,-0.5638459616309064,5,1
GOOG,2020-03-26,0.4746411245308341,0.24945256057831416,0.2759062985131238,0.1987348260177103,0.1987348260177103,5,1
GOOG,2020-03-27,0.5126325100993234,0.11980731239891192,0.36756012446705977,0.14507238563226366,0.14507238563226366,5,1
GOOG,2020-03-30,0.5101624378867485,0.06876129193952972,0.4210762664727168,0.08908617141403175,0.08908617141403175,5,1
GOOG,2020-03-31,0.3028681440092997,0.2251990545411595,0.4719327805572802,0.16906463654798054,-0.16906463654798054,5,1
GOOG,2020-04-01,0.4987836226539413,0.15057540379383974,0.3506409526135019,0.1481426700404394,0.1481426700404394,5,1
GOOG,2020-04-02,0.238427302698906,0.14679537619256383,0.6147773209818108,0.3763500182829048,-0.3763500182829048,5,1
GOOG,2020-04-03,0.32080434289266985,0.16445755636668566,0.5147381564052794,0.19393381351260958,-0.19393381351260958,5,1
GOOG,2020-04-06,0.683239088525939,0.20143293557451458,0.1153279950562744,0.5679110934696645,0.5679110934696645,5,1
GOOG,2020-04-07,0.43843860693247916,0.3348190575454853,0.22674236313486232,0.21169624379761684,0.21169624379761684,5,1
GOOG,2020-04-08,0.5669645054588824,0.052455815263109405,0.3805796867271748,0.18638481873170765,0.18638481873170765,5,1
GOOG,2020-04-09,0.3848492269790655,0.0860589681093293,0.5290918097624313,0.14424258278336582,-0.14424258278336582,5,1
GOOG,2020-04-13,0.7669593691415492,0.189604017055018,0.04343660753303743,0.7235227616085117,0.7235227616085117,5,1
GOOG,2020-04-14,0.38470716664751214,0.0319951746391742,0.5832976742590177,0.19859050761150554,-0.19859050761150554,5,1
GOOG,2020-04-15,0.17267520056563646,0.08771171077178916,0.7396130892251793,0.5669378886595429,-0.5669378886595429,5,1
GOOG,2020-04-16,0.21337789633205698,0.1926795618129853,0.5939425704564405,0.38056467412438355,-0.38056467412438355,5,1
GOOG,2020-04-17,0.44967607790288733,0.09803218915890226,0.4522917649787745,0.002615687075887163,-0.002615687075887163,5,1
GOOG,2020-04-20,0.39784621628086725,0.34110591380148864,0.26104788915989335,0.1367983271209739,0.1367983271209739,5,1
GOOG,2020-04-21,0.04412595016745177,0.13312321329740853,0.8227508191291911,0.7786248689617393,-0.7786248689617393,5,1
GOOG,2020-04-22,0.5550481636273882,0.0552515667323158,0.38970024431829214,0.16534791930909604,0.16534791930909604,5,1
GOOG,2020-04-23,0.5425410606101142,0.1498512388149495,0.3076076834137672,0.234933377196347,0.234933377196347,5,1
GOOG,2020-04-24,0.35541461577648775,0.05603424867845191,0.5885511613100335,0.23313654553354574,-0.23313654553354574,5,1
GOOG,2020-04-27,0.36262463049839166,0.2253995721958467,0.4119758183139929,0.049351187815601216,-0.049351187815601216,5,1
GOOG,2020-04-28,0.7424595647249889,0.07992629115460669,0.1776141250913605,0.5648454396336284,0.5648454396336284,5,1
GOOG,2020-04-29,0.7617585734696936,0.022373769615649144,0.2158676576400763,0.5458909158296172,0.5458909158296172,5,1
GOOG,2020-04-30,0.22786706342911184,0.08829506533816651,0.6838378613370195,0.4559707979079077,-0.4559707979079077,5,1
GOOG,2020-05-01,0.5721087346493179,0.07780090896338122,0.3500903675102844,0.2220183671390335,0.2220183671390335,5,1
GOOG,2020-05-04,0.5080130270198543,0.12995441608781386,0.36203253469550145,0.14598049232435284,0.14598049232435284,5,1
GOOG,2020-05-05,0.5120136859157669,0.47347067349065963,0.014515649239317203,0.4974980366764497,0.4974980366764497,5,1
GOOG,2020-05-06,0.5443933454938665,0.13015584810060485,0.3254508160741843,0.21894252941968223,0.21894252941968223,5,1
GOOG,2020-05-07,0.7209800000710493,0.06567653588662248,0.2133434687099635,0.5076365313610858,0.5076365313610858,5,1
GOOG,2020-05-08,0.24372949090402418,0.27651661511699005,0.4797538879486514,0.23602439704462724,-0.23602439704462724,5,1
GOOG,2020-05-11,0.6227843269497826,0.27098012071347233,0.1062355616671467,0.5165487652826359,0.5165487652826359,5,1
GOOG,2020-05-12,0.28332048085699746,0.3138635645652503,0.40281591968033237,0.11949543882333491,-0.11949543882333491,5,1
GOOG,2020-05-13,0.609245422605222,0.20211055447899468,0.18864400538494044,0.42060141722028155,0.42060141722028155,5,1
GOOG,2020-05-14,0.4660498304393953,0.20981557757771235,0.32413459097897757,0.14191523946041773,0.14191523946041773,5,1
GOOG,2020-05-15,0.7199983133106423,0.06449310448646348,0.2155085950918239,0.5044897182188184,0.5044897182188184,5,1
GOOG,2020-05-18,0.029393985959078606,0.13258772976248465,0.838018269504378,0.8086242835452994,-0.8086242835452994,4,1
GOOG,2020-05-19,0.5170157396334039,0.18807378326986246,0.2949104914982389,0.22210524813516497,0.22210524813516497,5,1
GOOG,2020-05-20,0.5006003617447501,0.33631373857592656,0.16308588744336025,0.3375144743013898,0.3375144743013898,5,1
GOOG,2020-05-21,0.573722529136881,0.15151427487562688,0.27476320223116774,0.2989593269057133,0.2989593269057133,5,1
GOOG,2020-05-22,0.18872546099121876,0.6332832043780885,0.17799133195059194,0.010734129040626816,0.010734129040626816,5,1
GOOG,2020-05-26,0.5752418351818679,0.16610402976116417,0.258654126635224,0.31658770854664386,0.31658770854664386,5,1
GOOG,2020-05-27,0.1962818678093363,0.2796684634845799,0.5240496537305507,0.32776778592121436,-0.32776778592121436,5,1
GOOG,2020-05-28,0.3673129376262629,0.05663732977473064,0.5760497508932212,0.2087368132669583,-0.2087368132669583,5,1
GOOG,2020-05-29,0.5456691353190302,0.06076874846847913,0.39356212758952025,0.1521070077295099,0.1521070077295099,5,1
GOOG,2020-06-01,0.8252680888333005,0.12357636504631235,0.05115554767883721,0.7741125411544633,0.7741125411544633,5,1
GOOG,2020-06-02,0.6572510891161215,0.06788407216230602,0.27486480782584227,0.38238628129027924,0.38238628129027924,5,1
GS,2022-12-06,0.019070749566408182,0.015612628639929255,0.9653166401767831,0.9462458906103749,-0.9462458906103749,5,1
GS,2022-12-07,0.009327912546751322,0.017084897385754732,0.9735872301630346,0.9642593176162833,-0.9642593176162833,5,1
GS,2022-12-08,0.20701701752851945,0.05257129567234659,0.7404116839478716,0.5333946664193522,-0.5333946664193522,5,1
GS,2022-12-09,0.04521149589952676,0.04810029537418529,0.9066882270479173,0.8614767311483905,-0.8614767311483905,3,1
GS,2022-12-12,0.17993277850626946,0.037920324817900954,0.7821469042023486,0.6022141256960791,-0.6022141256960791,5,1
GS,2022-12-13,0.1998022974277399,0.3108402288668056,0.4893574514215806,0.2895551539938407,-0.2895551539938407,3,1
GS,2022-12-14,0.2812414814584599,0.10042705681019858,0.6183314604121919,0.337089978953732,-0.337089978953732,5,1
GS,2022-12-15,0.32480250551492956,0.04491883359859056,0.6302786227511833,0.30547611723625373,-0.30547611723625373,3,1
GS,2022-12-16,0.25337336514666303,0.10636376388720954,0.6402628794839872,0.38688951433732416,-0.38688951433732416,5,1
GS,2022-12-19,0.03403855741358778,0.049799584329493086,0.916161904723991,0.8821233473104032,-0.8821233473104032,4,1
GS,2022-12-20,0.145149827003479,0.36558884382247925,0.48926129937171936,0.34411147236824036,-0.34411147236824036,1,1
GS,2022-12-21,0.4555203530286553,0.12023598132326996,0.4242436462579062,0.03127670677074906,0.03127670677074906,4,1
GS,2022-12-22,0.03169983997941017,0.03966060280799866,0.9286395311355591,0.8969396911561489,-0.8969396911561489,1,1
GS,2022-12-23,0.8900312781333923,0.042351678013801575,0.0676170140504837,0.8224142640829086,0.8224142640829086,1,1
GS,2022-12-27,0.0898876783338512,0.08959772978415387,0.820514617331724,0.7306269389978728,-0.7306269389978728,2,1
GS,2022-12-28,0.0,0.0,0.0,0.0,0.0,0,0
GS,2022-12-29,0.2834078154696121,0.0762374077849263,0.6403548204684721,0.35694700499886006,-0.35694700499886006,4,1
GS,2022-12-30,0.01942055801392472,0.17268118947070485,0.8078982828157097,0.788477724801785,-0.788477724801785,3,1
GS,2023-01-03,0.01893121943775882,0.04442014041326252,0.9366486301313754,0.9177174106936167,-0.9177174106936167,3,1
GS,2023-01-04,0.3133832567504709,0.21688428578325883,0.4697324608288223,0.1563492040783514,-0.1563492040783514,5,1
GS,2023-01-05,0.058769608477793674,0.09115042059575154,0.8500799311445266,0.791310322666733,-0.791310322666733,3,1
GS,2023-01-06,0.019288166495816612,0.05459498702156926,0.9261168187449702,0.9068286522491535,-0.9068286522491535,5,1
GS,2023-01-09,0.10339147455970318,0.032657660619969296,0.863950903336486,0.7605594287767828,-0.7605594287767828,4,1
GS,2023-01-10,0.26382828630044725,0.1244659394274204,0.6117057557210879,0.34787746942064063,-0.34787746942064063,5,1
GS,2023-01-11,0.1773267853135619,0.023541284795483227,0.7991319560247165,0.6218051707111546,-0.6218051707111546,5,1
GS,2023-01-12,0.20399124417444703,0.021251619019565345,0.7747571642690857,0.5707659200946387,-0.5707659200946387,5,1
GS,2023-01-13,0.37760821090539365,0.022640323872667935,0.5997514787309478,0.22214326782555416,-0.22214326782555416,5,1
GS,2023-01-17,0.008206729285641014,0.016936800850649823,0.9748564761196725,0.9666497468340315,-0.9666497468340315,5,1
GS,2023-01-18,0.17922840576905616,0.04269406585488224,0.778077527686565,0.5988491219175088,-0.5988491219175088,5,1
GS,2023-01-19,0.26751103799868947,0.14262854762523045,0.5898603872322316,0.3223493492335421,-0.3223493492335421,5,1
GS,2023-01-20,0.38185420773394146,0.033421333598820026,0.5847244529876562,0.20287024525371472,-0.20287024525371472,5,1
GS,2023-01-23,0.23496336270217447,0.14433855030056703,0.6206981037907905,0.38573474108861605,-0.38573474108861605,5,1
GS,2023-01-24,0.8600290417671205,0.12815824151039124,0.011812706477940084,0.8482163352891804,0.8482163352891804,1,1
GS,2023-01-25,0.4336900298134451,0.15335055227139652,0.41295946087001584,0.020730568943429284,0.020730568943429284,5,1
GS,2023-01-26,0.3343657000656527,0.21896211906211324,0.4466721415634615,0.11230644149780883,-0.11230644149780883,5,1
GS,2023-01-27,0.4258718003480034,0.21591703539372584,0.3582111792486146,0.0676606210993888,0.0676606210993888,5,1
GS,2023-01-30,0.059504377641106325,0.2385760202150901,0.7019195781222036,0.6424152004810973,-0.6424152004810973,4,1
GS,2023-01-31,0.07942595031926059,0.3391137985548246,0.5814602336531256,0.502034283333865,-0.502034283333865,3,1
GS,2023-02-01,0.030833517102233202,0.12634350023133004,0.8428229567536033,0.81198943965137,-0.81198943965137,2,1
GS,2023-02-02,0.06967659819325453,0.019559888785504048,0.9107635133156713,0.8410869151224167,-0.8410869151224167,5,1
GS,2023-02-03,0.1049453364497363,0.1587125362802098,0.7363421665214255,0.6313968300716892,-0.6313968300716892,5,1
GS,2023-02-06,0.17129973668966425,0.0912558035481147,0.7374444705201654,0.5661447338305011,-0.5661447338305011,5,1
GS,2023-02-07,0.10554008836455736,0.03770527383361785,0.8567546488433236,0.7512145604787663,-0.7512145604787663,5,1
GS,2023-02-08,0.2312047888840306,0.03154076453439468,0.7372544452171308,0.5060496563331002,-0.5060496563331002,5,1
GS,2023-02-09,0.019146284660268447,0.07442680489275043,0.9064268598599104,0.887280575199642,-0.887280575199642,4,1
GS,2023-02-10,0.3880428720539635,0.424551726628631,0.18740543993241854,0.20063743212154495,0.20063743212154495,2,1
GS,2023-02-13,0.6143537648394788,0.23515098590974798,0.1504952116310681,0.4638585532084107,0.4638585532084107,2,1
GS,2023-02-14,0.9430747412648853,0.028955331597876516,0.027969927832610483,0.9151048134322749,0.9151048134322749,5,1
GS,2023-02-15,0.012139148592233745,0.030787195777221645,0.9570736537166663,0.9449345051244326,-0.9449345051244326,5,1
GS,2023-02-16,0.32501664130913654,0.16577445656734685,0.5092088915774584,0.18419225026832187,-0.18419225026832187,5,1
GS,2023-02-17,0.16947727888624411,0.018570631124258545,0.811952091377977,0.6424748124917329,-0.6424748124917329,5,1
GS,2023-02-21,0.10882614499851319,0.08428107666299609,0.8068927494932108,0.6980666044946976,-0.6980666044946976,2,1
GS,2023-02-22,0.29822901240302824,0.027010173547006182,0.6747607910866394,0.3765317786836112,-0.3765317786836112,5,1
GS,2023-02-23,0.026858479189701783,0.023146342565965216,0.9499951501558704,0.9231366709661687,-0.9231366709661687,3,1
GS,2023-02-24,0.1327090219718811,0.029894829879405598,0.837396154372011,0.7046871324001298,-0.7046871324001298,5,1
GS,2023-02-27,0.5595766756490252,0.08321682993947345,0.35720646856510474,0.2023702070839205,0.2023702070839205,5,1
GS,2023-02-28,0.021520591371697206,0.016758038924742077,0.9617213880749325,0.9402007967032353,-0.9402007967032353,5,1
GS,2023-03-01,0.13284618008088503,0.06595220735367037,0.8012016197062948,0.6683554396254098,-0.6683554396254098,5,1
GS,2023-03-02,0.34789573768366167,0.16172629878238426,0.4903779819385365,0.14248224425487482,-0.14248224425487482,4,1
GS,2023-03-03,0.6764112337650519,0.11507798370514352,0.2085107544104049,0.46790047935464696,0.46790047935464696,5,1
GS,2023-03-06,0.7749980120475958,0.20719317928104308,0.017808740123033125,0.7571892719245626,0.7571892719245626,4,1
GS,2023-03-07,0.1862496565031674,0.14786882207738974,0.6658815068054238,0.4796318503022564,-0.4796318503022564,4,1
GS,2023-03-08,0.010161373878003942,0.02623498355034172,0.9636036587520597,0.9534422848740557,-0.9534422848740557,2,1
GS,2023-03-09,0.0700247524323475,0.23196396553026116,0.6980112732034379,0.6279865207710904,-0.6279865207710904,5,1
GS,2023-03-10,0.4920380722859498,0.13151503897833877,0.376446898895005,0.11559117339094482,0.11559117339094482,5,1
GS,2023-03-13,0.20357604337534096,0.025332167267872702,0.7710917861471773,0.5675157427718364,-0.5675157427718364,5,1
GS,2023-03-14,0.3436399602126209,0.03567362058454855,0.6206864072109851,0.2770464469983642,-0.2770464469983642,5,1
GS,2023-03-15,0.03732425954514696,0.0917971691128324,0.870878580052705,0.8335543205075581,-0.8335543205075581,5,1
GS,2023-03-16,0.5865019308499823,0.07334373001717492,0.34015432553670755,0.2463476053132747,0.2463476053132747,5,1
GS,2023-03-17,0.19817713187185096,0.04761677799550524,0.754206131717361,0.55602899984551,-0.55602899984551,5,1
GS,2023-03-20,0.06601375129348085,0.03513759928155908,0.8988486577113496,0.8328349064178687,-0.8328349064178687,5,1
GS,2023-03-21,0.24999679825601612,0.08770351965080446,0.6622996951376154,0.4123028968815993,-0.4123028968815993,5,1
GS,2023-03-22,0.5288462368487818,0.14589084329060978,0.3252629002001377,0.20358333664864414,0.20358333664864414,4,1
GS,2023-03-23,0.39170261116746663,0.569390185587124,0.038907168358841546,0.35279544280862507,0.35279544280862507,2,1
GS,2023-03-24,0.2884916804163991,0.0517131528769329,0.6597951479660925,0.3713034675496934,-0.3713034675496934,5,1
GS,2023-03-27,0.03328784998543131,0.08722802836699467,0.8794841353425782,0.8461962853571469,-0.8461962853571469,5,1
GS,2023-03-28,0.3379926296776089,0.09324449533781416,0.568762893240659,0.23077026356305008,-0.23077026356305008,5,1
GS,2023-03-29,0.9126898682219503,0.05949065877633031,0.02781947769969463,0.8848703905222557,0.8848703905222557,5,1
GS,2023-03-30,0.028413345776605557,0.8858699330167419,0.0857166849875776,0.05730333921097205,-0.05730333921097205,2,1
GS,2023-03-31,0.539637454891544,0.17495584244739448,0.2854066957388028,0.25423075915274124,0.25423075915274124,5,1
GS,2023-04-03,0.11086688337292606,0.14129760625580107,0.7478355004742979,0.6369686171013719,-0.6369686171013719,5,1
GS,2023-04-04,0.7159417234441936,0.08617827086640639,0.19788002414458655,0.518061699299607,0.518061699299607,5,1
GS,2023-04-05,0.38543964821619675,0.03187411985093576,0.5826861986750628,0.19724655045886602,-0.19724655045886602,5,1
GS,2023-04-06,0.03469569455241491,0.132251993830592,0.8330523126348746,0.7983566180824596,-0.7983566180824596,5,1
GS,2023-04-10,0.4910430496392603,0.13902032084719698,0.369936627541228,0.1211064220980323,0.1211064220980323,5,1
GS,2023-04-11,0.6441112060907747,0.25522966579557493,0.10065912831261738,0.5434520777781573,0.5434520777781573,5,1
GS,2023-04-12,0.5692189014577244,0.058778952974165743,0.37200218165834426,0.1972167197993801,0.1972167197993801,5,1
GS,2023-04-13,0.7980468505216627,0.1435524793758231,0.058400622568798376,0.7396462279528643,0.7396462279528643,5,1
GS,2023-04-14,0.403423307717888,0.024949043818922434,0.5716276715279084,0.1682043638100204,-0.1682043638100204,5,1
GS,2023-04-17,0.01826100700976943,0.017567889699097703,0.9641711136194073,0.9459101066096379,-0.9459101066096379,5,1
GS,2023-04-18,0.011407282598393777,0.015089012364617812,0.973503728735806,0.9620964461374123,-0.9620964461374123,5,1
GS,2023-04-19,0.009971503122381816,0.015908450325548943,0.9741200463871489,0.9641485432647671,-0.9641485432647671,5,1
GS,2023-04-20,0.8177759366581235,0.10435495454202763,0.0778691319882381,0.7399068046698855,0.7399068046698855,5,1
GS,2023-04-21,0.061716873198747635,0.926174521446228,0.012108586728572845,0.04960828647017479,0.04960828647017479,1,1
GS,2023-04-24,0.7068810354900529,0.15029656542386188,0.14282242682632007,0.5640586086637328,0.5640586086637328,5,1
GS,2023-04-25,0.017488763639164503,0.04884740063212793,0.9336638739913518,0.9161751103521872,-0.9161751103521872,4,1
GS,2023-04-26,0.44647298170941313,0.08601700276941042,0.46750994226919446,0.021036960559781326,-0.021036960559781326,4,1
GS,2023-04-27,0.11998894207737065,0.19810709580107716,0.6819039912890807,0.5619150492117101,-0.5619150492117101,5,1
GS,2023-04-28,0.12879146023332497,0.09421161019709315,0.7769969255567025,0.6482054653233775,-0.6482054653233775,5,1
GS,2023-05-01,0.4345845075776308,0.20458284088889658,0.360832691555574,0.07375181602205677,0.07375181602205677,5,1
GS,2023-05-02,0.3397761178304457,0.15332093310895054,0.5069029762023078,0.16712685837186214,-0.16712685837186214,5,1
GS,2023-05-03,0.3210073487091256,0.1550729891485461,0.5239196686461459,0.2029123199370203,-0.2029123199370203,5,1
GS,2023-05-04,0.23605197407780174,0.21684022796559393,0.54710784072532,0.3110558666475183,-0.3110558666475183,5,1
GS,2023-05-05,0.3468053001456791,0.5680639970410938,0.0851306935641321,0.261674606581547,0.261674606581547,3,1
GS,2023-05-08,0.6467324596755841,0.1668540118929667,0.18641352438364991,0.46031893529193424,0.46031893529193424,3,1
GS,2023-05-09,0.2514573176929991,0.07588563940732548,0.6726570395054621,0.42119972181246296,-0.42119972181246296,5,1
GS,2023-05-10,0.04377944534642667,0.07495043420331947,0.8812701657073932,0.8374907203609666,-0.8374907203609666,5,1
GS,2023-05-11,0.5009902993702805,0.08931594202240808,0.4096937924141149,0.09129650695616559,0.09129650695616559,4,1
GS,2023-05-12,0.28635996930539687,0.0526725819956062,0.6609674544515715,0.3746074851461746,-0.3746074851461746,5,1
GS,2023-05-15,0.05211470754129809,0.05228543026921188,0.895599903220219,0.8434851956789209,-0.8434851956789209,5,1
GS,2023-05-16,0.05782572773956451,0.20253094745783223,0.7396433425846539,0.6818176148450894,-0.6818176148450894,3,1
GS,2023-05-17,0.05489163498432921,0.11551064514189784,0.8295977520879869,0.7747061171036577,-0.7747061171036577,5,1
GS,2023-05-18,0.6516154741263294,0.10849892248628293,0.2398856185940944,0.41172985553223496,0.41172985553223496,5,1
GS,2023-05-19,0.022947727799009554,0.08776435678392606,0.8892878833067999,0.8663401555077903,-0.8663401555077903,4,1
GS,2023-05-22,0.7550030604928631,0.2264976187200535,0.018499288942360387,0.7365037715505027,0.7365037715505027,5,1
GS,2023-05-23,0.9371873887749176,0.031113510949612393,0.031699076709594785,0.9054883120653228,0.9054883120653228,2,1
GS,2023-05-24,0.05887645468529317,0.13176103400266,0.809362517939313,0.7504860632540199,-0.7504860632540199,5,1
GS,2023-05-25,0.6303374576146289,0.3403180742274375,0.029344453780047658,0.6009930038345812,0.6009930038345812,4,1
GS,2023-05-26,0.08656435407552049,0.1290538194512615,0.7843817957245495,0.697817441649029,-0.697817441649029,4,1
GS,2023-05-30,0.19198584549862366,0.14557953436955473,0.6624346271419178,0.4704487816432942,-0.4704487816432942,5,1
GS,2023-05-31,0.012147881603711518,0.10216621411652856,0.8856858910256042,0.8735380094218927,-0.8735380094218927,3,1
GS,2023-06-01,0.18365625599110955,0.03843418331992463,0.7779095892508779,0.5942533332597684,-0.5942533332597684,5,1
GS,2023-06-02,0.3791072260160465,0.02158737600121719,0.5993053911550968,0.22019816513905033,-0.22019816513905033,5,1
GS,2023-06-05,0.29124450080372893,0.12901656212375823,0.5797389469505778,0.2884944461468489,-0.2884944461468489,5,1
GS,2023-06-06,0.02334409280555282,0.03566221610751383,0.9409936894815487,0.9176495966759959,-0.9176495966759959,5,1
GS,2023-06-07,0.7588215377878453,0.2171112363235538,0.024067230076202453,0.7347543077116429,0.7347543077116429,5,1
GS,2023-06-08,0.03584067978754567,0.15074848828948653,0.8134107888451849,0.7775701090576392,-0.7775701090576392,3,1
GS,2023-06-09,0.2342178787650891,0.0794966185903041,0.6862855114939006,0.4520676327288115,-0.4520676327288115,5,1
GS,2023-06-12,0.28775085084216223,0.07039171987802943,0.6418574184171866,0.35410656757502434,-0.35410656757502434,5,1
GS,2023-06-13,0.35745193069547604,0.03212352574054819,0.6104245212489372,0.25297259055346116,-0.25297259055346116,5,1
GS,2023-06-14,0.012448623387087998,0.03198372562182146,0.9555676512754772,0.9431190278883892,-0.9431190278883892,5,1
GS,2023-06-15,0.016475817317195735,0.1167392161539208,0.8667849669242185,0.8503091496070228,-0.8503091496070228,5,1
GS,2023-06-16,0.011708998413422505,0.020119256755191047,0.9681717605445577,0.9564627621311351,-0.9564627621311351,5,1
GS,2023-06-20,0.3680638408101611,0.09658797436534729,0.5353481962039903,0.16728435539382924,-0.16728435539382924,5,1
GS,2023-06-21,0.01824052804896381,0.02523874309836742,0.9565207427898711,0.9382802147409073,-0.9382802147409073,5,1
GS,2023-06-22,0.04311871216952412,0.040410613705071284,0.9164706585796076,0.8733519464100835,-0.8733519464100835,5,1
GS,2023-06-23,0.06761068216862982,0.07763809157349992,0.8547512191295173,0.7871405369608875,-0.7871405369608875,5,1
GS,2023-06-26,0.00992268744889873,0.02189357884875928,0.9681837149743217,0.958261027525423,-0.958261027525423,5,1
GS,2023-06-27,0.3759790205026482,0.33991198734441735,0.2841089854868163,0.09187003501583191,0.09187003501583191,5,1
GS,2023-06-28,0.2936796543306347,0.10102497002405747,0.6052953659197238,0.3116157115890891,-0.3116157115890891,5,1
GS,2023-06-29,0.9241882781920163,0.036268602582226285,0.039543143628180934,0.8846451345638354,0.8846451345638354,5,1
GS,2023-06-30,0.4405727300448999,0.08392344421583005,0.47550381368141303,0.03493108363651315,-0.03493108363651315,5,1
GS,2023-07-03,0.36276042546687526,0.05335521002065571,0.5838843803015599,0.2211239548346846,-0.2211239548346846,5,1
GS,2023-07-05,0.506954570128853,0.17203750548437335,0.3210079318598021,0.18594663826905095,0.18594663826905095,5,1
GS,2023-07-06,0.20535966955979912,0.03371872745846492,0.7609216002442919,0.5555619306844928,-0.5555619306844928,5,1
GS,2023-07-07,0.2379927075995471,0.07093771136454044,0.6910695768099225,0.45307686921037543,-0.45307686921037543,5,1
GS,2023-07-10,0.5812518563540799,0.1006176678836316,0.31813046044190413,0.2631213959121758,0.2631213959121758,5,1
GS,2023-07-11,0.5273336269264415,0.18879883625669805,0.2838675427228898,0.2434660842035517,0.2434660842035517,5,1
GS,2023-07-12,0.04608445093345993,0.08894335769927057,0.864972186876936,0.8188877359434761,-0.8188877359434761,5,1
GS,2023-07-13,0.6976811099478182,0.09283551272286017,0.20948337072080978,0.4881977392270084,0.4881977392270084,5,1
GS,2023-07-14,0.4229650095095787,0.0407495416271443,0.5362854510258092,0.11332044151623044,-0.11332044151623044,5,1
GS,2023-07-17,0.011108199790723432,0.02084493353882312,0.9680468526573823,0.9569386528666589,-0.9569386528666589,5,1
GS,2023-07-18,0.18252435558226127,0.023861146371845283,0.7936145087257825,0.6110901531435213,-0.6110901531435213,5,1
GS,2023-07-19,0.009981731579840456,0.015615187305806215,0.9744030597031452,0.9644213281233047,-0.9644213281233047,5,1
GS,2023-07-20,0.15227221328289703,0.05016266719260626,0.7975651079924244,0.6452928947095273,-0.6452928947095273,5,1
GS,2023-07-21,0.39890063400286513,0.03329361744690606,0.5678057704999688,0.1689051364971037,-0.1689051364971037,5,1
GS,2023-07-24,0.16358867319127757,0.21899045915269247,0.617420862611771,0.4538321894204934,-0.4538321894204934,3,1
GS,2023-07-25,0.8183042079767477,0.1610001697681178,0.02069556933003377,0.7976086386467139,0.7976086386467139,5,1
GS,2023-07-26,0.46329077061543567,0.15710034933354206,0.37960885800771443,0.08368191260772123,0.08368191260772123,5,1
GS,2023-07-27,0.5225062496190097,0.10604189199120324,0.37145185234371003,0.15105439727529968,0.15105439727529968,5,1
GS,2023-07-28,0.37788926642005183,0.16746970477225798,0.45464106093421913,0.0767517945141673,-0.0767517945141673,5,1
GS,2023-07-31,0.057614970129218464,0.05768860711800085,0.8846964395355092,0.8270814694062908,-0.8270814694062908,5,1
GS,2023-08-01,0.13196306176393421,0.08457777083584302,0.783459141684756,0.6514960799208218,-0.6514960799208218,5,1
GS,2023-08-02,0.2858084297891553,0.3592264249496832,0.3549651795636557,0.06915674977450037,-0.06915674977450037,4,1
GS,2023-08-03,0.19486051489784947,0.09809397089068976,0.70704554843944,0.5121850335415905,-0.5121850335415905,5,1
GS,2023-08-04,0.3223856396504219,0.5980248461468843,0.07958948070720885,0.24279615894321305,0.24279615894321305,5,1
GS,2023-08-07,0.24358125097284306,0.10065956350383909,0.6557592118831267,0.41217796091028364,-0.41217796091028364,5,1
GS,2023-08-08,0.011048215539853015,0.016085938410131284,0.9728658378180854,0.9618176222782324,-0.9618176222782324,5,1
GS,2023-08-09,0.12916932529108352,0.0419422464013952,0.828888435728028,0.6997191104369445,-0.6997191104369445,5,1
GS,2023-08-10,0.07065713082415062,0.13717380996888637,0.7921690655247672,0.7215119347006166,-0.7215119347006166,2,1
GS,2023-08-11,0.26999483069826463,0.14089593436531309,0.5891092627562614,0.3191144320579968,-0.3191144320579968,5,1
GS,2023-08-14,0.21420019215870795,0.04183317034620873,0.7439666527228184,0.5297664605641104,-0.5297664605641104,5,1
GS,2023-08-15,0.017231450333652507,0.029931113928819777,0.9528374326728737,0.9356059823392212,-0.9356059823392212,5,1
GS,2023-08-16,0.0743449634330504,0.08389438626074502,0.8417606513873842,0.7674156879543338,-0.7674156879543338,3,1
GS,2023-08-17,0.0865238213638935,0.12827133245948083,0.7852048732345999,0.6986810518707064,-0.6986810518707064,5,1
GS,2023-08-18,0.38358414369045224,0.09862188152013837,0.5177939554874118,0.13420981179695957,-0.13420981179695957,5,1
GS,2023-08-21,0.19956038378815022,0.02100553808275529,0.7794340678089055,0.5798736840207552,-0.5798736840207552,5,1
GS,2023-08-22,0.5861454082675966,0.19536708234280714,0.21848752782669,0.36765788044090664,0.36765788044090664,4,1
GS,2023-08-23,0.017266900685172285,0.018989181184606144,0.9637439381270007,0.9464770374418283,-0.9464770374418283,5,1
GS,2023-08-24,0.4805978825000786,0.17059600377968062,0.34880612707954584,0.13179175542053279,0.13179175542053279,4,1
GS,2023-08-25,0.037619000081309154,0.25878945296030126,0.7035914993696251,0.6659724992883159,-0.6659724992883159,5,1
GS,2023-08-28,0.9389816675996153,0.03708689119650926,0.023931409047802735,0.9150502585518125,0.9150502585518125,5,1
GS,2023-08-29,0.2938513134329877,0.17841888130638203,0.5277298425077486,0.23387852907476087,-0.23387852907476087,5,1
GS,2023-08-30,0.34278470732916033,0.12096510364458717,0.5362502212487622,0.19346551391960187,-0.19346551391960187,4,1
GS,2023-08-31,0.23233331777440272,0.048375407441434405,0.7192912668552005,0.4869579490807978,-0.4869579490807978,5,1
GS,2023-09-01,0.5832166195854966,0.140965021245495,0.27581838040364487,0.3073982391818518,0.3073982391818518,5,1
GS,2023-09-05,0.011838822509291691,0.017087022462713142,0.9710741572307713,0.9592353347214796,-0.9592353347214796,5,1
GS,2023-09-06,0.6026014418905691,0.11182564515840321,0.2855729327763983,0.3170285091141708,0.3170285091141708,5,1
GS,2023-09-07,0.22403479247494681,0.1557516783151088,0.6202135230323175,0.39617873055737063,-0.39617873055737063,5,1
GS,2023-09-08,0.009481077707860743,0.022373484838754072,0.968145396642776,0.9586643189349152,-0.9586643189349152,5,1
GS,2023-09-11,0.31605804970628887,0.09341201127970938,0.590529968277806,0.27447191857151715,-0.27447191857151715,5,1
GS,2023-09-12,0.5087673392950213,0.15255115437821082,0.3386815196452345,0.17008581964978675,0.17008581964978675,5,1
GS,2023-09-13,0.05627466408312004,0.15250615611151208,0.7912191723768186,0.7349445082936985,-0.7349445082936985,5,1
GS,2023-09-14,0.5079723187263184,0.15327280618843805,0.3387548894964982,0.16921742922982025,0.16921742922982025,5,1
GS,2023-09-15,0.9401450761942262,0.03562856228905445,0.02422637740307265,0.9159186987911535,0.9159186987911535,5,1
GS,2023-09-18,0.3630351033275441,0.07275028964635336,0.5642145974461537,0.20117949411860958,-0.20117949411860958,4,1
GS,2023-09-19,0.35448669046569314,0.033052162153646945,0.6124611737708645,0.25797448330517136,-0.25797448330517136,5,1
GS,2023-09-20,0.6147107436100148,0.18085998154024457,0.20442929292292317,0.4102814506870916,0.4102814506870916,5,1
GS,2023-09-21,0.33582027385046354,0.09274246571016119,0.5714372774177112,0.23561700356724768,-0.23561700356724768,5,1
GS,2023-09-22,0.026531850510961172,0.08082863854127179,0.8926395238752257,0.8661076733642645,-0.8661076733642645,5,1
GS,2023-09-25,0.2426141599827955,0.08243723806451919,0.6749485987013486,0.4323344387185531,-0.4323344387185531,5,1
GS,2023-09-26,0.2816870705797229,0.1796433838935292,0.5386695532840172,0.2569824827042943,-0.2569824827042943,5,1
GS,2023-09-27,0.060246027063895036,0.07547868368355307,0.864275312342935,0.8040292852790399,-0.8040292852790399,4,1
GS,2023-09-28,0.11816946175847132,0.3680853466134594,0.5137452093700711,0.39557574761159975,-0.39557574761159975,5,1
GS,2023-09-29,0.02507978173430221,0.12483961503954115,0.8500805899241908,0.8250008081898885,-0.8250008081898885,5,1
GS,2023-10-02,0.02004446120867295,0.033657806618533,0.9462977087725558,0.9262532475638828,-0.9262532475638828,5,1
GS,2023-10-03,0.04717959953625421,0.1445439911611348,0.8082763638896044,0.7610967643533503,-0.7610967643533503,5,1
GS,2023-10-04,0.32844063407652924,0.1712549600135716,0.5003044126787595,0.17186377860223023,-0.17186377860223023,5,1
GS,2023-10-05,0.5325876380155027,0.24737976726013294,0.22003262770775303,0.3125550103077497,0.3125550103077497,5,1
GS,2023-10-06,0.4186930354977725,0.04195316785258525,0.5393537752499469,0.1206607397521744,-0.1206607397521744,5,1
GS,2023-10-09,0.2996289957306745,0.09213696566294213,0.6082340293236295,0.308605033592955,-0.308605033592955,4,1
GS,2023-10-10,0.6899921581807041,0.24274677183881915,0.06726105993452396,0.6227310982461802,0.6227310982461802,5,1
GS,2023-10-11,0.353155868564087,0.04039228304081392,0.6064518286703052,0.25329596010621824,-0.25329596010621824,5,1
GS,2023-10-12,0.1916024372335283,0.020424978940209223,0.7879726002665629,0.5963701630330346,-0.5963701630330346,5,1
GS,2023-10-13,0.34441097025487216,0.05540725392175675,0.6001817918522456,0.25577082159737347,-0.25577082159737347,5,1
GS,2023-10-16,0.19711032661688271,0.019408360857856632,0.7834813153494656,0.586370988732583,-0.586370988732583,5,1
GS,2023-10-17,0.010296156925994837,0.015825994915027154,0.9738778725232491,0.9635817155972543,-0.9635817155972543,5,1
GS,2023-10-18,0.20697466340873857,0.03254113240572902,0.7604841750574953,0.5535095116487567,-0.5535095116487567,5,1
GS,2023-10-19,0.6346860178851624,0.30848164914477455,0.056832312624986094,0.5778537052601763,0.5778537052601763,3,1
GS,2023-10-20,0.5048856707997009,0.12394755341894308,0.3711667633185033,0.13371890748119764,0.13371890748119764,5,1
GS,2023-10-23,0.8287267251948388,0.09087730627720608,0.08039602445555012,0.7483307007392886,0.7483307007392886,3,1
GS,2023-10-24,0.2560838136703683,0.14134368360912403,0.6025725268152066,0.34648871314483826,-0.34648871314483826,5,1
GS,2023-10-25,0.5354423004163467,0.09095676861733938,0.37360092599435507,0.1618413744219916,0.1618413744219916,3,1
GS,2023-10-26,0.6534822314081795,0.2542999584354079,0.09221778064448397,0.5612644507636956,0.5612644507636956,5,1
GS,2023-10-27,0.22032963222940072,0.246633882473085,0.5330365207123863,0.31270688848298556,-0.31270688848298556,4,1
GS,2023-10-30,0.4014980923826615,0.13219925042492064,0.4663026837661464,0.06480459138348493,-0.06480459138348493,5,1
GS,2023-10-31,0.06524289942991787,0.8994429198625848,0.03531418190223751,0.029928717527680365,0.029928717527680365,4,1
GS,2023-11-01,0.4362970881592635,0.16817958071226866,0.39552332018131053,0.04077376797795296,0.04077376797795296,2,1
GS,2023-11-02,0.4735819508136108,0.1131048712310664,0.4133131570497329,0.06026879376387789,0.06026879376387789,5,1
GS,2023-11-03,0.018507665257237748,0.1327955615493684,0.8486967622222618,0.830189096965024,-0.830189096965024,3,1
GS,2023-11-06,0.058917322792793055,0.049911260049400316,0.8911714457573309,0.8322541229645378,-0.8322541229645378,4,1
GS,2023-11-07,0.2788404856996924,0.11308181061144781,0.608077740388284,0.3292372546885916,-0.3292372546885916,4,1
GS,2023-11-08,0.4109919697392184,0.0736733884065642,0.5153346481350188,0.10434267839580041,-0.10434267839580041,5,1
GS,2023-11-09,0.6588784713886584,0.10507013630356267,0.23605142300560453,0.42282704838305385,0.42282704838305385,4,1
GS,2023-11-10,0.48400486348391064,0.4235915904565017,0.09240352431429207,0.3916013391696186,0.3916013391696186,5,1
GS,2023-11-13,0.6598380181881756,0.11446739140328303,0.2256945919940461,0.4341434261941295,0.4341434261941295,5,1
GS,2023-11-14,0.18790361547542028,0.25697932992680506,0.5551171141007922,0.36721349862537195,-0.36721349862537195,4,1
GS,2023-11-15,0.7679726121383673,0.21349630790889232,0.018531051631897603,0.7494415605064697,0.7494415605064697,3,1
GS,2023-11-16,0.04809671364888969,0.0715601819184527,0.8803431109374547,0.832246397288565,-0.832246397288565,4,1
GS,2023-11-17,0.08967660180276607,0.202952862045439,0.7073705449237133,0.6176939431209473,-0.6176939431209473,5,1
GS,2023-11-20,0.6366052332418883,0.17010684423163486,0.19328790998452042,0.44331732325736795,0.44331732325736795,3,1
GS,2023-11-21,0.9032864500488202,0.06414904056872488,0.0325644970591227,0.8707219529896976,0.8707219529896976,2,1
GS,2023-11-22,0.8868323704990192,0.09001268939532646,0.023154937226178396,0.8636774332728407,0.8636774332728407,5,1
GS,2023-11-24,0.21061243854501716,0.10811546089102579,0.6812721329724513,0.4706596944274341,-0.4706596944274341,4,1
GS,2023-11-27,0.21131055657403347,0.254085356295249,0.5346040630785894,0.32329350650455596,-0.32329350650455596,5,1
GS,2023-11-28,0.055116015800596024,0.0886243859718138,0.8562595894920279,0.8011435736914319,-0.8011435736914319,4,1
GS,2023-11-29,0.7269491712959085,0.045154139459311474,0.22789667131750524,0.4990524999784033,0.4990524999784033,5,1
GS,2023-11-30,0.08420631605105056,0.8811314053400181,0.03466227182970916,0.0495440442213414,0.0495440442213414,3,1
GS,2023-12-01,0.16983093656846732,0.08045492969854189,0.7497141373754452,0.5798832008069779,-0.5798832008069779,5,1
GS,2023-12-04,0.41552875341410744,0.06742837603836672,0.5170428809216311,0.10151412750752364,-0.10151412750752364,5,1
GS,2023-12-05,0.6808373995550462,0.09773713832674266,0.22142548753672164,0.45941191201832454,0.45941191201832454,5,1
GS,2023-12-06,0.37426872726253274,0.31423005765285594,0.31150118927056997,0.06276753799196277,0.06276753799196277,3,1
INTC,2018-10-26,0.009650497106650347,0.01921702969060544,0.9711324814368786,0.9614819843302282,-0.9614819843302282,5,1
INTC,2018-10-29,0.3644517562018109,0.05094733934277903,0.5846009027307764,0.22014914652896544,-0.22014914652896544,5,1
INTC,2018-10-30,0.38123166234370276,0.046176474294439745,0.572591864605599,0.1913602022618962,-0.1913602022618962,5,1
INTC,2018-10-31,0.7271449128442994,0.0712642475070375,0.20159082347020613,0.5255540893740933,0.5255540893740933,5,1
INTC,2018-11-01,0.5662342655533265,0.01966648712969234,0.4140992361287059,0.15213502942462054,0.15213502942462054,5,1
INTC,2018-11-02,0.3841530921337939,0.028025061809155313,0.5878218209475222,0.20366872881372833,-0.20366872881372833,5,1
INTC,2018-11-05,0.39235832990142483,0.03332568606652617,0.574315972679459,0.18195764277803417,-0.18195764277803417,5,1
INTC,2018-11-06,0.5695099166017593,0.0403610126373065,0.39012906754446947,0.17938084905728985,0.17938084905728985,5,1
INTC,2018-11-07,0.8695499295374506,0.09689107729068772,0.033559017572545737,0.8359909119649048,0.8359909119649048,5,1
INTC,2018-11-08,0.33864050873330226,0.030386189862756107,0.6309732957613982,0.2923327870280959,-0.2923327870280959,5,1
INTC,2018-11-09,0.1963831907279118,0.021985598090121055,0.7816311996589674,0.5852480089310557,-0.5852480089310557,5,1
INTC,2018-11-12,0.29233926715096575,0.12421754438384262,0.5834431752966327,0.29110390814566695,-0.29110390814566695,5,1
INTC,2018-11-13,0.38598818897488313,0.030429046373464094,0.5835827530714505,0.19759456409656734,-0.19759456409656734,5,1
INTC,2018-11-14,0.7633896811464449,0.2192196165660756,0.01739068670628006,0.7459989944401648,0.7459989944401648,5,1
INTC,2018-11-15,0.2716194249725748,0.1796024969759451,0.5487780629619916,0.2771586379894168,-0.2771586379894168,5,1
INTC,2018-11-16,0.5616206851979086,0.22609249302735315,0.21228682763371814,0.3493338575641905,0.3493338575641905,5,1
INTC,2018-11-19,0.357306113404694,0.03366924024587847,0.6090246439685042,0.2517185305638102,-0.2517185305638102,5,1
INTC,2018-11-20,0.37977537875320916,0.03744530281358079,0.5827793009722574,0.20300392221904823,-0.20300392221904823,5,1
INTC,2018-11-21,0.4697992473290491,0.14443543271961223,0.3857653715255968,0.08403387580345228,0.08403387580345228,5,1
INTC,2018-11-23,0.838587766162113,0.12216309091462071,0.039249157081599956,0.799338609080513,0.799338609080513,5,1
INTC,2018-11-26,0.7142896552390156,0.2687129906978595,0.016997335849528613,0.697292319389487,0.697292319389487,5,1
INTC,2018-11-27,0.37456990925857375,0.03889965319074352,0.5865304071905373,0.21196049793196353,-0.21196049793196353,5,1
INTC,2018-11-28,0.8013575839030712,0.08682355830241241,0.11181886707200417,0.689538716831067,0.689538716831067,5,1
INTC,2018-11-29,0.36898650481193407,0.054715043778611895,0.5762984792609613,0.20731197444902727,-0.20731197444902727,5,1
INTC,2018-11-30,0.837296976379302,0.08927925667250687,0.07342373924168781,0.7638732371376142,0.7638732371376142,5,1
INTC,2018-12-03,0.746265546648894,0.23356561715136157,0.02016884822684137,0.7260966984220526,0.7260966984220526,5,1
INTC,2018-12-04,0.572822820816966,0.03191741341635701,0.39525974098821154,0.17756307982875447,0.17756307982875447,5,1
INTC,2018-12-06,0.7509137546679565,0.03656915383556411,0.21251705538579393,0.5383966992821626,0.5383966992821626,5,1
INTC,2018-12-07,0.20327895454512152,0.033696571994229645,0.7630244864573611,0.5597455319122395,-0.5597455319122395,5,1
INTC,2018-12-10,0.41226225656532306,0.07213889479509589,0.5155988402388691,0.10333658367354609,-0.10333658367354609,5,1
INTC,2018-12-11,0.3690475644564214,0.08449895622691021,0.546453489211411,0.17740592475498962,-0.17740592475498962,5,1
INTC,2018-12-12,0.6497003290129374,0.08780050991725832,0.26249916907029375,0.38720115994264365,0.38720115994264365,5,1
INTC,2018-12-13,0.5531593561121747,0.09419386942893494,0.35264679348028144,0.20051256263189327,0.20051256263189327,5,1
INTC,2018-12-14,0.3304194479872159,0.0748238207302154,0.5947567526584007,0.26433730467118477,-0.26433730467118477,5,1
INTC,2018-12-17,0.37353022166809946,0.23948394886860996,0.3869858130000751,0.013455591331975658,-0.013455591331975658,5,1
INTC,2018-12-18,0.6858567618979184,0.1269884908729273,0.1871547375062453,0.4987020243916731,0.4987020243916731,5,1
INTC,2018-12-19,0.19936543128353093,0.035569230736964746,0.7650653156720415,0.5656998843885106,-0.5656998843885106,5,1
INTC,2018-12-20,0.21269432539849614,0.18951483859899554,0.597790832044053,0.3850965066455569,-0.3850965066455569,5,1
INTC,2018-12-21,0.3115275426836327,0.0937312460516453,0.5947412317733861,0.2832136890897534,-0.2832136890897534,5,1
INTC,2018-12-24,0.7159240129466391,0.0684846921107985,0.21559133028715446,0.5003326826594846,0.5003326826594846,5,1
INTC,2018-12-26,0.919882149582141,0.06741350908606276,0.012704329487790373,0.9071778200943507,0.9071778200943507,5,1
INTC,2018-12-27,0.3695368067295195,0.04975870196961135,0.5807044823534341,0.21116767562391459,-0.21116767562391459,5,1
INTC,2018-12-28,0.47230676931922605,0.023809858676983573,0.5038834042300699,0.03157663491084389,-0.03157663491084389,4,1
INTC,2018-12-31,0.5317010622903777,0.06529438560946153,0.40300454355882503,0.1286965187315527,0.1286965187315527,5,1
INTC,2019-01-02,0.29307845450783837,0.19287468114794348,0.5140468586290531,0.2209684041212147,-0.2209684041212147,5,1
INTC,2019-01-03,0.022953033849239503,0.0268685579190416,0.9501784097584318,0.9272253759091923,-0.9272253759091923,5,1
INTC,2019-01-04,0.7504711506692695,0.05731331630922181,0.19221551607632129,0.5582556345929482,0.5582556345929482,5,1
INTC,2019-01-07,0.6806335617955808,0.10553354843390945,0.21383290417672696,0.4668006576188538,0.4668006576188538,5,1
INTC,2019-01-08,0.1868447793779982,0.3413483110281102,0.47180688606307297,0.28496210668507477,-0.28496210668507477,5,1
INTC,2019-01-09,0.6631823251614507,0.14082276371670432,0.19599490839666087,0.4671874167647898,0.4671874167647898,5,1
INTC,2019-01-10,0.7189195202833628,0.0755180360252868,0.20556245934164138,0.5133570609417214,0.5133570609417214,5,1
INTC,2019-01-11,0.35734021083650924,0.052806384164012385,0.5898534242470279,0.23251321341051867,-0.23251321341051867,5,1
INTC,2019-01-14,0.3554859600574172,0.1438176004810611,0.5006964292806376,0.1452104692232204,-0.1452104692232204,5,1
INTC,2019-01-15,0.21979376173866536,0.12132595560582704,0.6588802782315776,0.4390865164929122,-0.4390865164929122,5,1
INTC,2019-01-16,0.17452524669944763,0.12410668058068959,0.7013680221408338,0.5268427754413862,-0.5268427754413862,5,1
INTC,2019-01-17,0.35299385111693804,0.11239546099128177,0.534610647623386,0.1816167965064479,-0.1816167965064479,5,1
INTC,2019-01-18,0.5144276526302645,0.07999204263675648,0.40558032417770395,0.10884732845256051,0.10884732845256051,5,1
INTC,2019-01-22,0.46125785103188344,0.1102056580604564,0.428536494126989,0.032721356904894416,0.032721356904894416,5,1
INTC,2019-01-23,0.3842189827245494,0.10852382204936054,0.5072571787376489,0.12303819601309945,-0.12303819601309945,5,1
INTC,2019-01-24,0.01087626559547936,0.025196535561511576,0.9639272095234614,0.9530509439279821,-0.9530509439279821,5,1
INTC,2019-01-25,0.1961105659094998,0.026487222974317496,0.7774022021791633,0.5812916362696635,-0.5812916362696635,5,1
INTC,2019-01-28,0.19541860316840548,0.02894949356683441,0.7756319319531998,0.5802133287847944,-0.5802133287847944,5,1
INTC,2019-01-29,0.1937038530246183,0.028566559070571124,0.7777296161697955,0.5840257631451773,-0.5840257631451773,5,1
INTC,2019-01-30,0.1972909594118068,0.028149406707139574,0.7745596549347129,0.577268695522906,-0.577268695522906,5,1
INTC,2019-01-31,0.19807082238133786,0.051838642851106516,0.750090519206937,0.5520196968255991,-0.5520196968255991,5,1
INTC,2019-02-01,0.4700027451829993,0.1487202093547802,0.3812770541226913,0.08872569106030798,0.08872569106030798,5,1
INTC,2019-02-04,0.4655073092324363,0.3999231995467642,0.13456946477288523,0.33093784445955104,0.33093784445955104,5,1
INTC,2019-02-05,0.7727128750607543,0.1979930021649772,0.029294078063539775,0.7434187969972145,0.7434187969972145,5,1
INTC,2019-02-06,0.48737445882203817,0.12921654856978385,0.3834089634454367,0.10396549537660149,0.10396549537660149,5,1
INTC,2019-02-07,0.4486416624989516,0.1824970463105776,0.36886131499523583,0.07978034750371577,0.07978034750371577,5,1
INTC,2019-02-08,0.45440671294860296,0.19297182897062753,0.3526214558718454,0.10178525707675756,0.10178525707675756,5,1
INTC,2019-02-11,0.4623321855034996,0.4872417230056338,0.05042609888487594,0.41190608661862366,0.41190608661862366,5,1
INTC,2019-02-12,0.5217353549557416,0.19175075276089024,0.2865138864878316,0.23522146846791003,0.23522146846791003,5,1
INTC,2019-02-13,0.9116081041217982,0.052769593178891266,0.03562232387004018,0.875985780251758,0.875985780251758,3,1
INTC,2019-02-14,0.708194340952952,0.030715246268460745,0.2610904405405327,0.44710390041241926,0.44710390041241926,5,1
INTC,2019-02-15,0.4069858893086454,0.2305168653311015,0.3624972425702999,0.04448864673834546,0.04448864673834546,5,1
INTC,2019-02-19,0.5949744275610565,0.15130669003148525,0.2537188687647492,0.34125555879630726,0.34125555879630726,5,1
INTC,2019-02-20,0.07379031032687701,0.2422033571350284,0.684006375843048,0.610216065516171,-0.610216065516171,4,1
INTC,2019-02-21,0.5765180530691391,0.14591253409589314,0.27756936863420967,0.2989486844349294,0.2989486844349294,5,1
INTC,2019-02-22,0.5260880702835207,0.05853108332765485,0.4153808292863283,0.11070724099719237,0.11070724099719237,5,1
INTC,2019-02-25,0.5498703752410452,0.08163502069176544,0.3684946231860677,0.18137575205497752,0.18137575205497752,5,1
INTC,2019-02-26,0.6301542161930098,0.12013938736382809,0.24970640921153742,0.3804478069814724,0.3804478069814724,5,1
INTC,2019-02-27,0.772104821396472,0.17811644951782557,0.04977876977236419,0.7223260516241078,0.7223260516241078,5,1
INTC,2019-02-28,0.47052899263387715,0.13779276912900507,0.3916782414858429,0.07885075114803425,0.07885075114803425,5,1
INTC,2019-03-01,0.024435928911239062,0.1693630070493031,0.8062011181216096,0.7817651892103705,-0.7817651892103705,5,1
INTC,2019-03-04,0.7520467546893137,0.23372956730954314,0.014223673802074904,0.7378230808872388,0.7378230808872388,5,1
INTC,2019-03-05,0.2751749327342621,0.17446457116497896,0.5503605008120424,0.2751855680777803,-0.2751855680777803,5,1
INTC,2019-03-06,0.4912305139116342,0.024287945450206096,0.4844815600774581,0.006748953834176119,0.006748953834176119,2,1
INTC,2019-03-07,0.6796037313552136,0.29188590848136114,0.02851039131155002,0.6510933400436636,0.6510933400436636,4,1
INTC,2019-03-08,0.6290171769968812,0.14084266204570006,0.23014017028833506,0.39887700670854614,0.39887700670854614,5,1
INTC,2019-03-11,0.7330106839547114,0.07598231401972258,0.1910070089867701,0.5420036749679413,0.5420036749679413,5,1
INTC,2019-03-12,0.4798605308472523,0.44106676627266284,0.0790726984980832,0.4007878323491691,0.4007878323491691,5,1
INTC,2019-03-13,0.6602761563893692,0.09345916555646101,0.24626468719885125,0.41401146919051796,0.41401146919051796,5,1
INTC,2019-03-14,0.19815499100973158,0.118108650177818,0.6837363548942674,0.4855813638845359,-0.4855813638845359,5,1
INTC,2019-03-15,0.6503809226371282,0.09394615489666602,0.2556728805021586,0.39470804213496963,0.39470804213496963,5,1
INTC,2019-03-18,0.5342134228488794,0.19544783976456062,0.27033880350206296,0.26387461934681644,0.26387461934681644,5,1
INTC,2019-03-19,0.8145696338003648,0.11781036460428426,0.06762001088367028,0.7469496229166945,0.7469496229166945,5,1
INTC,2019-03-20,0.3100010513727502,0.10872715071414654,0.5812717952311305,0.2712707438583803,-0.2712707438583803,5,1
INTC,2019-03-21,0.07601589346885347,0.21833063211435036,0.7056534615773825,0.629637568108529,-0.629637568108529,5,1
INTC,2019-03-22,0.20661446465981115,0.3320707830226038,0.46131473739823936,0.2547002727384282,-0.2547002727384282,5,1
INTC,2019-03-25,0.035319703733979614,0.0884445232702191,0.8762357466088924,0.8409160428749127,-0.8409160428749127,5,1
INTC,2019-03-26,0.7196977306093114,0.046758997398418774,0.2335433102362524,0.486154420373059,0.486154420373059,5,1
INTC,2019-03-27,0.4196915854278798,0.08625361606226194,0.49405484502649266,0.07436325959861284,-0.07436325959861284,2,1
INTC,2019-03-28,0.12571242451667786,0.8632855415344238,0.01100199855864048,0.11471042595803738,0.11471042595803738,1,1
INTC,2019-03-29,0.2635092892834404,0.13823573756655724,0.5982549639474236,0.3347456746639832,-0.3347456746639832,5,1
INTC,2019-04-01,0.20495977921014685,0.03068054838179562,0.7643596580461325,0.5593998788359856,-0.5593998788359856,5,1
INTC,2019-04-02,0.8243436802629244,0.1429638933182412,0.03269241199499445,0.79165126826793,0.79165126826793,5,1
INTC,2019-04-03,0.9239580283977773,0.05793080812017515,0.018111217052193637,0.9058468113455836,0.9058468113455836,5,1
INTC,2019-04-04,0.8717604739508047,0.09757593773662994,0.030663562946757747,0.8410969110040469,0.8410969110040469,5,1
INTC,2019-04-05,0.48089943141389263,0.0851072789271935,0.4339933140060704,0.046906117407822245,0.046906117407822245,5,1
INTC,2019-04-08,0.34854316038430716,0.06488630058504775,0.5865705560551893,0.2380273956708821,-0.2380273956708821,5,1
INTC,2019-04-09,0.5613593358444311,0.07900927889061568,0.35963135740013985,0.20172797844429124,0.20172797844429124,5,1
INTC,2019-04-10,0.3736592961911089,0.02970873397753803,0.5966319600082185,0.22297266381710962,-0.22297266381710962,5,1
INTC,2019-04-11,0.6844401906466375,0.2968875994746897,0.018672190880461764,0.6657679997661757,0.6657679997661757,5,1
INTC,2019-04-12,0.1955377722577983,0.46162043659593854,0.34284181672633335,0.14730404446853504,-0.14730404446853504,5,1
INTC,2019-04-15,0.6167911276215726,0.10421625481786073,0.2789925904977532,0.3377985371238194,0.3377985371238194,5,1
INTC,2019-04-16,0.6770768643135171,0.18498855575456835,0.13793458460980193,0.5391422797037152,0.5391422797037152,5,1
INTC,2019-04-17,0.35677081260094345,0.031117260798405284,0.6121119131395041,0.25534110053856063,-0.25534110053856063,5,1
INTC,2019-04-18,0.522169561014917,0.045193381962515794,0.4326370797437761,0.08953248127114088,0.08953248127114088,5,1
INTC,2019-04-22,0.6784465751745357,0.295822674259945,0.025730710904415324,0.6527158642701203,0.6527158642701203,5,1
INTC,2019-04-23,0.7130061928337602,0.06883090254428043,0.2181628938919299,0.4948432989418303,0.4948432989418303,5,1
INTC,2019-04-24,0.3974121756009498,0.18326389713912405,0.41932388849187135,0.02191171289092153,-0.02191171289092153,5,1
INTC,2019-04-25,0.009772052987328623,0.01873475230080544,0.971493207799769,0.9617211548124404,-0.9617211548124404,5,1
INTC,2019-04-26,0.009783921508273523,0.01765602395374019,0.9725600522008451,0.9627761306925715,-0.9627761306925715,5,1
INTC,2019-04-29,0.014651783145970002,0.047820594336057974,0.9375276008380216,0.9228758176920515,-0.9228758176920515,5,1
INTC,2019-04-30,0.043018590753250326,0.1188730418885555,0.8381083176511404,0.79508972689789,-0.79508972689789,5,1
INTC,2019-05-01,0.4360230032077768,0.09089319331919933,0.4730837882460458,0.037060785038268984,-0.037060785038268984,5,1
INTC,2019-05-02,0.03408348339881975,0.10875776380003419,0.8571587679228704,0.8230752845240507,-0.8230752845240507,5,1
INTC,2019-05-03,0.36865806476331986,0.14139468374699515,0.4899472750007484,0.12128921023742856,-0.12128921023742856,5,1
INTC,2019-05-06,0.4358889201937226,0.5519789782364695,0.012132036590910437,0.42375688360281216,0.42375688360281216,4,1
INTC,2019-05-07,0.5491356709642259,0.42896414399589955,0.021900165938195937,0.52723550502603,0.52723550502603,5,1
INTC,2019-05-08,0.18083801759956739,0.06502574787560077,0.7541362085447446,0.5732981909451772,-0.5732981909451772,5,1
INTC,2019-05-09,0.011019755633458814,0.022047583344603452,0.9669326485428328,0.955912892909374,-0.955912892909374,5,1
INTC,2019-05-10,0.011554579503941724,0.02123187936762296,0.9672135633869667,0.9556589838830251,-0.9556589838830251,5,1
INTC,2019-05-13,0.2509196399392418,0.03708750251914158,0.7119928772212899,0.4610732372820481,-0.4610732372820481,5,1
INTC,2019-05-14,0.2613003998111645,0.13521467043601385,0.6034849318712834,0.3421845320601189,-0.3421845320601189,5,1
INTC,2019-05-15,0.1669297200622781,0.15021133819853458,0.6828589571212219,0.5159292370589438,-0.5159292370589438,5,1
INTC,2019-05-16,0.2511479944389556,0.20179888784771352,0.5470530903151533,0.2959050958761977,-0.2959050958761977,4,1
INTC,2019-05-17,0.23259553277920217,0.08582557745236524,0.6815789051382397,0.4489833723590375,-0.4489833723590375,5,1
INTC,2019-05-20,0.19419651046597555,0.031938644398206276,0.7738648389587538,0.5796683284927783,-0.5796683284927783,5,1
INTC,2019-05-21,0.4837141262632739,0.1647412201037994,0.3515446526250398,0.13216947363823411,0.13216947363823411,5,1
INTC,2019-05-22,0.44159039945205125,0.3045417716156592,0.25386782648055806,0.1877225729714932,0.1877225729714932,5,1
INTC,2019-05-23,0.4168107643247061,0.15093196499912953,0.43225729453682804,0.015446530212121945,-0.015446530212121945,5,1
INTC,2019-05-24,0.17947478420420399,0.03751394439832921,0.783011266795404,0.6035364825912,-0.6035364825912,5,1
INTC,2019-05-28,0.5692985439073669,0.04274624573973038,0.38795521648691716,0.18134332742044973,0.18134332742044973,5,1
INTC,2019-05-29,0.31301271506505535,0.11238971408426796,0.5745975857544195,0.2615848706893642,-0.2615848706893642,5,1
INTC,2019-05-30,0.18073816540565996,0.13990352987345842,0.67935830227064,0.49862013686498,-0.49862013686498,5,1
INTC,2019-05-31,0.13152660612423173,0.4157808025928703,0.4526925887685754,0.32116598264434365,-0.32116598264434365,5,1
INTC,2019-06-03,0.6793565106032619,0.08851230785408921,0.23213116924765861,0.4472253413556032,0.4472253413556032,5,1
INTC,2019-06-04,0.6769090504748735,0.16727401338815856,0.15581694602807536,0.5210921044467981,0.5210921044467981,5,1
INTC,2019-06-05,0.4371634186843574,0.1603765150473334,0.4024600820242871,0.03470333666007025,0.03470333666007025,5,1
INTC,2019-06-06,0.8366160406101497,0.11119922233746489,0.0521847528854128,0.7844312877247369,0.7844312877247369,5,1
INTC,2019-06-07,0.4990116363857671,0.241171944561083,0.25981644707202967,0.23919518931373746,0.23919518931373746,5,1
INTC,2019-06-10,0.49981460202785377,0.08794015398267148,0.41224524552050934,0.08756935650734443,0.08756935650734443,5,1
INTC,2019-06-11,0.6469609080031608,0.12825262325526235,0.22478645266939887,0.42217445533376186,0.42217445533376186,5,1
INTC,2019-06-12,0.3510087181653824,0.10375316766020433,0.5452381574657669,0.19422943930038444,-0.19422943930038444,5,1
INTC,2019-06-13,0.02691080536260152,0.5051195301959568,0.46796971367970774,0.4410589083171062,-0.4410589083171062,4,1
INTC,2019-06-14,0.011540762448693119,0.03710928115431777,0.9513499319486007,0.9398091694999077,-0.9398091694999077,5,1
INTC,2019-06-17,0.4619600057324942,0.13433875128637063,0.40370124419822306,0.05825876153427112,0.05825876153427112,5,1
INTC,2019-06-18,0.29371649997930793,0.20356068731554652,0.502722829643016,0.20900632966370802,-0.20900632966370802,5,1
INTC,2019-06-19,0.37557746302898587,0.15040485211319604,0.47401766173227083,0.09844019870328496,-0.09844019870328496,5,1
INTC,2019-06-20,0.3287216387508405,0.1422812282350579,0.5289971419676753,0.20027550321683485,-0.20027550321683485,5,1
INTC,2019-06-21,0.26771921207442184,0.1266642727858354,0.6056165509996314,0.33789733892520957,-0.33789733892520957,5,1
INTC,2019-06-24,0.1230321528787362,0.14322923191804648,0.7337385932399142,0.6107064403611779,-0.6107064403611779,5,1
INTC,2019-06-25,0.42188905264096116,0.07629947102092277,0.5018114495860375,0.07992239694507636,-0.07992239694507636,5,1
INTC,2019-06-26,0.4151045621279337,0.06705439234984273,0.5178410524834938,0.1027364903555601,-0.1027364903555601,5,1
INTC,2019-06-27,0.3657198655756029,0.07780913188719489,0.556471026587005,0.1907511610114021,-0.1907511610114021,5,1
INTC,2019-06-28,0.13316360637925703,0.5777504413967548,0.2890859699731509,0.15592236359389386,-0.15592236359389386,5,1
INTC,2019-07-01,0.3747926923720583,0.08256884777300488,0.54263848078631,0.16784578841425174,-0.16784578841425174,5,1
INTC,2019-07-02,0.5811468013678149,0.10409958226894225,0.314753573753281,0.26639322761453393,0.26639322761453393,5,1
INTC,2019-07-03,0.18510138305710955,0.1962848369418628,0.6186138034799505,0.433512420422841,-0.433512420422841,5,1
INTC,2019-07-05,0.22624017655773065,0.14325551607574363,0.6305043443704013,0.4042641678126706,-0.4042641678126706,5,1
INTC,2019-07-08,0.3272481156388707,0.09524020957581998,0.5775116881337609,0.2502635724948902,-0.2502635724948902,5,1
INTC,2019-07-09,0.43383879310115353,0.13784687136105978,0.42831432258185165,0.005524470519301883,0.005524470519301883,5,1
INTC,2019-07-10,0.2619959028025118,0.31431630104440555,0.4236877842548452,0.16169188145233343,-0.16169188145233343,5,1
INTC,2019-07-11,0.5448914239750228,0.1449382050563064,0.31017039129751817,0.2347210326775046,0.2347210326775046,5,1
INTC,2019-07-12,0.8171062234363032,0.12033030649756424,0.06256345285578589,0.7545427705805173,0.7545427705805173,5,1
INTC,2019-07-15,0.6356861795118319,0.3324973336436849,0.031816463791328034,0.6038697157205039,0.6038697157205039,5,1
INTC,2019-07-16,0.5210219350549374,0.0572446249541405,0.4217334397555544,0.09928849529938305,0.09928849529938305,4,1
INTC,2019-07-17,0.2303073655427791,0.7446636282082041,0.02502898877585569,0.20527837676692343,0.20527837676692343,5,1
INTC,2019-07-18,0.3153318774017761,0.12032564268977776,0.564342495609703,0.24901061820792686,-0.24901061820792686,5,1
INTC,2019-07-19,0.5996682826868308,0.05349384555446612,0.3468378603082853,0.2528304223785455,0.2528304223785455,5,1
INTC,2019-07-22,0.6857428870751774,0.10089144493180476,0.21336564932585125,0.47237723774932616,0.47237723774932616,5,1
INTC,2019-07-23,0.5975798202237209,0.07017193657490416,0.33224826220951453,0.2653315580142064,0.2653315580142064,5,1
INTC,2019-07-24,0.5813055143015214,0.12570791036895115,0.2929865643966355,0.28831894990488593,0.28831894990488593,5,1
INTC,2019-07-25,0.3695591303857059,0.026482001173174455,0.6039588871537329,0.234399756768027,-0.234399756768027,5,1
INTC,2019-07-26,0.749899835575007,0.027951363329322236,0.22214880236415652,0.5277510332108504,0.5277510332108504,5,1
INTC,2019-07-29,0.46018260261519955,0.21204845517404525,0.327768906955868,0.13241369565933153,0.13241369565933153,5,1
INTC,2019-07-30,0.3484155758855796,0.15321646155014748,0.4983679527726511,0.14995237688707153,-0.14995237688707153,5,1
INTC,2019-07-31,0.05496770476833357,0.15473264166895911,0.7902996319581302,0.7353319271897967,-0.7353319271897967,5,1
INTC,2019-08-01,0.6991120941840884,0.17818526136399787,0.12270263826356669,0.5764094559205217,0.5764094559205217,4,1
INTC,2019-08-02,0.24104704458228343,0.09151699448761191,0.6674359874190408,0.4263889428367573,-0.4263889428367573,5,1
INTC,2019-08-05,0.4369929631051334,0.1430295140120795,0.41997749363477765,0.01701546947035576,0.01701546947035576,5,1
INTC,2019-08-06,0.11588680587008189,0.1055186503779317,0.7785945572547539,0.662707751384672,-0.662707751384672,5,1
INTC,2019-08-07,0.4016489876999997,0.16270233028138795,0.43564869049293015,0.033999702792930464,-0.033999702792930464,5,1
INTC,2019-08-08,0.12376586722062805,0.30667319091494516,0.5695608800034007,0.4457950127827726,-0.4457950127827726,5,1
INTC,2019-08-09,0.492080091843938,0.0742269863718532,0.4336929384054616,0.05838715343847639,0.05838715343847639,5,1
INTC,2019-08-12,0.27129668003389773,0.16856348231742027,0.5601398300239191,0.28884314999002136,-0.28884314999002136,5,1
INTC,2019-08-13,0.5584008372416839,0.14850525229975514,0.29309391955860936,0.2653069176830745,0.2653069176830745,5,1
INTC,2019-08-14,0.3500924321103997,0.17829196514933623,0.47161559343465537,0.12152316132425567,-0.12152316132425567,5,1
INTC,2019-08-15,0.06305167256746606,0.2138222983132568,0.7231260255719681,0.6600743530045021,-0.6600743530045021,3,1
INTC,2019-08-16,0.4861892561541103,0.09023712755230788,0.4235736218024024,0.06261563435170792,0.06261563435170792,5,1
INTC,2019-08-19,0.4226651571955746,0.34192167305806614,0.23541317603734407,0.18725198115823055,0.18725198115823055,5,1
INTC,2019-08-20,0.24877390019141093,0.7418001243996781,0.009426024824286568,0.23934787536712437,0.23934787536712437,2,1
INTC,2019-08-21,0.48664824221997643,0.22281729763912106,0.29053446711843856,0.19611377510153788,0.19611377510153788,5,1
INTC,2019-08-22,0.027255026759559403,0.11982589451183816,0.8529190823092091,0.8256640555496497,-0.8256640555496497,4,1
INTC,2019-08-23,0.1893617441401304,0.03616699097787296,0.7744712555233934,0.585109511383263,-0.585109511383263,5,1
INTC,2019-08-26,0.04618818996345652,0.1586206867086217,0.7951910960665528,0.7490029061030963,-0.7490029061030963,5,1
INTC,2019-08-27,0.03682837115839944,0.19992948474625516,0.763242163295243,0.7264137921368435,-0.7264137921368435,4,1
INTC,2019-08-28,0.2005856625603536,0.23263063370556109,0.566783724329588,0.3661980617692344,-0.3661980617692344,5,1
INTC,2019-08-29,0.46792138624875446,0.2351906685354695,0.2968879415966632,0.17103344465209125,0.17103344465209125,5,1
INTC,2019-08-30,0.16159957511018777,0.23217305695964485,0.6062273695929999,0.4446277944828122,-0.4446277944828122,5,1
INTC,2019-09-03,0.27361612455075457,0.07343431383641728,0.6529495409766396,0.37933341642588503,-0.37933341642588503,5,1
INTC,2019-09-04,0.7038749197030633,0.1790696371746886,0.11705542854380396,0.5868194911592592,0.5868194911592592,5,1
INTC,2019-09-05,0.7324029236175504,0.07260534374158073,0.19499172554917177,0.5374111980683787,0.5374111980683787,5,1
INTC,2019-09-06,0.5592834547891908,0.07768068447700255,0.3630358750952411,0.19624757969394974,0.19624757969394974,5,1
INTC,2019-09-09,0.7469732227460875,0.23658841402993783,0.01643837291424592,0.7305348498318416,0.7305348498318416,5,1
INTC,2019-09-10,0.6042596716892273,0.16004616213292824,0.2356942120539221,0.36856545963530524,0.36856545963530524,3,1
INTC,2019-09-11,0.6605007789966638,0.25619572953595304,0.0833034912497865,0.5771972877468773,0.5771972877468773,5,1
INTC,2019-09-12,0.7108406125237574,0.2592270998703563,0.02993223532313442,0.680908377200623,0.680908377200623,4,1
INTC,2019-09-13,0.3701260668841319,0.43022437739579633,0.1996495556077255,0.17047651127640642,0.17047651127640642,5,1
INTC,2019-09-16,0.4640479886384617,0.23008973084274204,0.3058623071959876,0.15818568144247408,0.15818568144247408,5,1
INTC,2019-09-17,0.3206983819927548,0.12987518168349685,0.5494264385034174,0.22872805651066264,-0.22872805651066264,5,1
INTC,2019-09-18,0.6106965794705754,0.2585724282087435,0.13073100579208538,0.47996557367849,0.47996557367849,5,1
INTC,2019-09-19,0.6591905147526292,0.2739917999159909,0.06681767537356213,0.5923728393790672,0.5923728393790672,4,1
INTC,2019-09-20,0.18731756413416353,0.16452893048566494,0.648153500317726,0.46083593618356244,-0.46083593618356244,5,1
INTC,2019-09-23,0.8489335366372521,0.13332512639614513,0.01774136796496702,0.8311921686722851,0.8311921686722851,4,1
INTC,2019-09-24,0.28730630423738734,0.14939562032890125,0.5632980647224003,0.27599176048501295,-0.27599176048501295,5,1
INTC,2019-09-25,0.6615277208131242,0.16962625917213475,0.16884604561036043,0.49268167520276374,0.49268167520276374,5,1
INTC,2019-09-26,0.029457206857513504,0.11992799317753247,0.8506148085539894,0.8211576016964759,-0.8211576016964759,5,1
INTC,2019-09-27,0.40705186942840205,0.10774716888626015,0.48520095767355725,0.07814908824515521,-0.07814908824515521,5,1
INTC,2019-09-30,0.21455903660415335,0.38939359827912357,0.396047386935219,0.18148835033106567,-0.18148835033106567,4,1
INTC,2019-10-01,0.6304976544399048,0.32084779200583374,0.04865455439480117,0.5818431000451036,0.5818431000451036,5,1
INTC,2019-10-02,0.3455362579816761,0.18355260558196562,0.4709111546297904,0.1253748966481143,-0.1253748966481143,5,1
INTC,2019-10-03,0.24258009526418317,0.2426706071999143,0.5147493118634515,0.27216921659926835,-0.27216921659926835,5,1
INTC,2019-10-04,0.39413692270796785,0.13079407883094774,0.4750689890823054,0.08093206637433753,-0.08093206637433753,5,1
INTC,2019-10-07,0.6684069737430373,0.19468219332649825,0.13691083480378094,0.5314961389392563,0.5314961389392563,5,1
INTC,2019-10-08,0.28563459732802005,0.09454137907933849,0.6198240246691229,0.33418942734110285,-0.33418942734110285,5,1
INTC,2019-10-09,0.45984410013181976,0.20065767993139272,0.33949821894108445,0.1203458811907353,0.1203458811907353,5,1
INTC,2019-10-10,0.5796178836078679,0.16360147623777907,0.25678063845491605,0.32283724515295187,0.32283724515295187,5,1
INTC,2019-10-11,0.7781612656838962,0.20312978970755502,0.018708921654408406,0.7594523440294878,0.7594523440294878,5,1
INTC,2019-10-14,0.5432587673943803,0.0446223912824924,0.41211883194771176,0.13113993544666852,0.13113993544666852,5,1
INTC,2019-10-15,0.7206087756377743,0.22187887693398212,0.05751234237025116,0.6630964332675231,0.6630964332675231,5,1
INTC,2019-10-16,0.7102268565600496,0.1406868762335227,0.14908626207430073,0.5611405944857488,0.5611405944857488,5,1
INTC,2019-10-17,0.3979044670308271,0.24660455081225005,0.3554910029792379,0.04241346405158919,0.04241346405158919,5,1
INTC,2019-10-18,0.7454207372249739,0.22624235208101412,0.02833689688006949,0.7170838403449045,0.7170838403449045,5,1
INTC,2019-10-21,0.7433048736405378,0.2070489739884676,0.04964614072480903,0.6936587329157288,0.6936587329157288,5,1
INTC,2019-10-22,0.23645328943393837,0.0855915275155993,0.6779552263659047,0.44150193693196627,-0.44150193693196627,5,1
INTC,2019-10-23,0.28458154401878155,0.3356511380875824,0.3797673176436721,0.09518577362489056,-0.09518577362489056,5,1
INTC,2019-10-24,0.1948681903128498,0.023394656630866113,0.781737140107564,0.5868689497947142,-0.5868689497947142,5,1
INTC,2019-10-25,0.37997870088338365,0.021937358868061137,0.59808392715399,0.2181052262706063,-0.2181052262706063,5,1
MSFT,2022-12-19,0.010008137171097206,0.021658154080879233,0.9683337013971233,0.9583255642260261,-0.9583255642260261,5,1
MSFT,2022-12-20,0.19127159607046176,0.04793728813915394,0.7607911182590926,0.5695195221886309,-0.5695195221886309,5,1
MSFT,2022-12-21,0.09641773491140629,0.23740126950201484,0.6661810266069786,0.5697632916955724,-0.5697632916955724,5,1
MSFT,2022-12-22,0.013442760066156148,0.032760762463099974,0.9537964685228354,0.9403537084566792,-0.9403537084566792,5,1
MSFT,2022-12-23,0.20224645053712967,0.028747036327525812,0.769006506399468,0.5667600558623384,-0.5667600558623384,5,1
MSFT,2022-12-27,0.18937571861838082,0.09296107484466877,0.7176631993118215,0.5282874806934408,-0.5282874806934408,5,1
MSFT,2022-12-28,0.2139876364780024,0.09206392101738142,0.693948448146003,0.4799608116680006,-0.4799608116680006,5,1
MSFT,2022-12-29,0.2069123933355384,0.02936460693172141,0.7637229616317261,0.5568105682961877,-0.5568105682961877,5,1
MSFT,2022-12-30,0.014713469647423235,0.0165071777932825,0.9687793607515505,0.9540658911041272,-0.9540658911041272,5,1
MSFT,2023-01-03,0.16077206826886264,0.05140458352121884,0.7878233458105857,0.627051277541723,-0.627051277541723,5,1
MSFT,2023-01-04,0.008899405863447018,0.01883523337684918,0.9722653596626425,0.9633659537991954,-0.9633659537991954,5,1
MSFT,2023-01-05,0.013610047679206984,0.0189409866161781,0.9674489963600087,0.9538389486808017,-0.9538389486808017,5,1
MSFT,2023-01-06,0.18612452531475598,0.03998120083313285,0.7738942806843847,0.5877697553696287,-0.5877697553696287,5,1
MSFT,2023-01-09,0.40437115766951487,0.051563406307667724,0.544065441009821,0.13969428334030615,-0.13969428334030615,5,1
MSFT,2023-01-10,0.7060542723613663,0.05950700858850394,0.23443871807828023,0.4716155542830861,0.4716155542830861,5,1
MSFT,2023-01-11,0.39112477048824146,0.032847906823629654,0.5760273082744525,0.18490253778621102,-0.18490253778621102,5,1
MSFT,2023-01-12,0.19657386512480146,0.05002564661949621,0.7534004760075851,0.5568266108827836,-0.5568266108827836,5,1
MSFT,2023-01-13,0.33641445723645264,0.06185984576826619,0.6017257209032716,0.26531126366681895,-0.26531126366681895,5,1
MSFT,2023-01-17,0.010987332018714095,0.04050124784365304,0.9485114166070586,0.9375240845883446,-0.9375240845883446,5,1
MSFT,2023-01-18,0.00822425424908285,0.019752250248233263,0.9720235046364398,0.963799250387357,-0.963799250387357,5,1
MSFT,2023-01-19,0.009757651234334008,0.01700064623397761,0.9732417235809081,0.9634840723465741,-0.9634840723465741,5,1
MSFT,2023-01-20,0.0107662874385529,0.023090825030733064,0.9661428611975358,0.9553765737589829,-0.9553765737589829,5,1
MSFT,2023-01-23,0.012715324371883847,0.01967974886313925,0.9676049407461754,0.9548896163742916,-0.9548896163742916,5,1
MSFT,2023-01-24,0.010771210906900605,0.01679479802778686,0.9724340061356722,0.9616627952287716,-0.9616627952287716,5,1
MSFT,2023-01-25,0.007809777105195554,0.01783244448468586,0.9743577928194427,0.9665480157142471,-0.9665480157142471,5,1
MSFT,2023-01-26,0.19019907101843037,0.021715828248308384,0.7880851220214792,0.5978860510030488,-0.5978860510030488,5,1
MSFT,2023-01-27,0.18664868215610553,0.030832882470620132,0.7825184396908257,0.5958697575347202,-0.5958697575347202,5,1
MSFT,2023-01-30,0.01856488119977637,0.05572960451679188,0.9257055040625042,0.9071406228627278,-0.9071406228627278,5,1
MSFT,2023-01-31,0.15192474863738217,0.07481660755319132,0.7732586596128009,0.6213339109754188,-0.6213339109754188,5,1
MSFT,2023-02-01,0.38070498163131944,0.025196196595268335,0.5940988140433324,0.21339383241201298,-0.21339383241201298,5,1
MSFT,2023-02-02,0.014854857219813928,0.023537614857623783,0.961607523219835,0.9467526660000211,-0.9467526660000211,5,1
MSFT,2023-02-03,0.19511117938245237,0.0199401004111111,0.7849487197626398,0.5898375403801874,-0.5898375403801874,5,1
MSFT,2023-02-06,0.5407072124420558,0.034578294397123656,0.42471450630099133,0.11599270614106444,0.11599270614106444,5,1
MSFT,2023-02-07,0.20102673970359464,0.025500845946597274,0.7734724316253447,0.5724456919217501,-0.5724456919217501,5,1
MSFT,2023-02-08,0.015126225783064917,0.019124801901532255,0.9657489713402364,0.9506227455571715,-0.9506227455571715,5,1
MSFT,2023-02-09,0.19252070473150046,0.027322419412128256,0.7801568969144378,0.5876361921829374,-0.5876361921829374,5,1
MSFT,2023-02-10,0.008047208651374678,0.01880488122844746,0.9731479274438826,0.9651007187925079,-0.9651007187925079,5,1
MSFT,2023-02-13,0.1930256346793757,0.026390060408776752,0.7805843223537124,0.5875586876743367,-0.5875586876743367,5,1
MSFT,2023-02-14,0.3800876068935008,0.03038849659623884,0.5895238908631641,0.20943628396966335,-0.20943628396966335,5,1
MSFT,2023-02-15,0.33718889655378453,0.0909391574234909,0.571871927807959,0.2346830312541745,-0.2346830312541745,5,1
MSFT,2023-02-16,0.18770336929058803,0.03938795225170945,0.7729086909447279,0.5852053216541399,-0.5852053216541399,5,1
MSFT,2023-02-17,0.013428851624527088,0.02790442098315035,0.9586667351187179,0.9452378834941908,-0.9452378834941908,5,1
MSFT,2023-02-21,0.011754978843717167,0.01567574206127156,0.9725692954878831,0.9608143166441659,-0.9608143166441659,5,1
MSFT,2023-02-22,0.013271247448251797,0.019621945413275315,0.9671068312182067,0.9538355837699549,-0.9538355837699549,5,1
MSFT,2023-02-23,0.38287972004111837,0.02300622007756934,0.5941140667715848,0.21123434673046648,-0.21123434673046648,5,1
MSFT,2023-02-24,0.8446976244299438,0.14671577643712427,0.008586603397932551,0.8361110210320112,0.8361110210320112,5,1
MSFT,2023-02-27,0.18700058970600675,0.07028644377469197,0.7427129812192864,0.5557123915132797,-0.5557123915132797,5,1
MSFT,2023-02-28,0.4937738852970386,0.13685076771251717,0.3693753258416467,0.12439855945539191,0.12439855945539191,5,1
MSFT,2023-03-01,0.320275644679149,0.07415885735695914,0.6055655035894618,0.28528985891031283,-0.28528985891031283,5,1
MSFT,2023-03-02,0.5252232517355474,0.06336841314838343,0.411408339703087,0.11381491203246041,0.11381491203246041,5,1
MSFT,2023-03-03,0.934786314185224,0.04735693977137148,0.017856742965500074,0.9169295712197238,0.9169295712197238,5,1
MSFT,2023-03-06,0.18736201706357306,0.03843783797528408,0.774200133201597,0.586838116138024,-0.586838116138024,5,1
MSFT,2023-03-07,0.6030653488724247,0.046094011656402235,0.3508406571650252,0.2522246917073995,0.2522246917073995,5,1
MSFT,2023-03-08,0.7686868452781996,0.2078887770552714,0.02342440143344391,0.7452624438447557,0.7452624438447557,5,1
MSFT,2023-03-09,0.18369036172109396,0.034343348098876604,0.7819662908006954,0.5982759290796014,-0.5982759290796014,5,1
MSFT,2023-03-10,0.4126589001352369,0.15515299943327404,0.43218809933564245,0.019529199200405578,-0.019529199200405578,5,1
MSFT,2023-03-13,0.21861744266545752,0.049114641345663124,0.7322678980964689,0.5136504554310113,-0.5136504554310113,5,1
MSFT,2023-03-14,0.5469912131229626,0.045218817520221465,0.4077900096584104,0.13920120346455223,0.13920120346455223,5,1
MSFT,2023-03-15,0.5296346092164286,0.05613588987823926,0.41422946852402037,0.1154051406924082,0.1154051406924082,5,1
MSFT,2023-03-16,0.7758734265563456,0.050556995652354435,0.17356960600047563,0.60230382055587,0.60230382055587,5,1
MSFT,2023-03-17,0.38777179312961124,0.021536272053294597,0.5906919117166232,0.20292011858701192,-0.20292011858701192,5,1
MSFT,2023-03-20,0.49728626922073144,0.13001626940553618,0.37269749354414705,0.12458877567658438,0.12458877567658438,5,1
MSFT,2023-03-21,0.3706764091226653,0.055995190361186546,0.5733283756364751,0.2026519665138098,-0.2026519665138098,5,1
MSFT,2023-03-22,0.7923259915442582,0.06712489134754067,0.14054913802249663,0.6517768535217616,0.6517768535217616,5,1
MSFT,2023-03-23,0.33339517599754565,0.07912140924393245,0.5874834267892179,0.2540882507916723,-0.2540882507916723,5,1
MSFT,2023-03-24,0.1973843805416261,0.028631212828560047,0.7739843929419192,0.5766000124002931,-0.5766000124002931,5,1
MSFT,2023-03-27,0.3414914654870865,0.08773652581673336,0.5707720099526858,0.22928054446559937,-0.22928054446559937,5,1
MSFT,2023-03-28,0.015683551591914178,0.019750978341845152,0.9645654861130731,0.948881934521159,-0.948881934521159,5,1
MSFT,2023-03-29,0.5575817730071458,0.043820397068604515,0.39859780907860987,0.15898396392853598,0.15898396392853598,5,1
MSFT,2023-03-30,0.014479742273875487,0.04658262175588351,0.9389376220719524,0.9244578797980769,-0.9244578797980769,5,1
MSFT,2023-03-31,0.012527884214843885,0.04029308376011511,0.9471790035710629,0.934651119356219,-0.934651119356219,5,1
MSFT,2023-04-03,0.013601897864296653,0.016961784676560992,0.9694363087338354,0.9558344108695387,-0.9558344108695387,5,1
MSFT,2023-04-04,0.39098068534574437,0.03970325249830528,0.5693160925147742,0.17833540716902985,-0.17833540716902985,5,1
MSFT,2023-04-05,0.1973220601358876,0.02422047899106358,0.7784574665384114,0.5811354064025238,-0.5811354064025238,5,1
MSFT,2023-04-06,0.5595420241310218,0.02411320997934495,0.41634477097721945,0.14319725315380238,0.14319725315380238,5,1
MSFT,2023-04-10,0.01428318296358859,0.017308389644647343,0.9684084221712781,0.9541252392076895,-0.9541252392076895,5,1
MSFT,2023-04-11,0.20572674467930227,0.039515314306315955,0.7547579811290537,0.5490312364497514,-0.5490312364497514,5,1
MSFT,2023-04-12,0.3736792332615403,0.05931261563191175,0.5670081668341841,0.1933289335726438,-0.1933289335726438,5,1
MSFT,2023-04-13,0.7418286217784575,0.06033630262173379,0.197835063262702,0.5439935585157556,0.5439935585157556,5,1
MSFT,2023-04-14,0.9381242758610351,0.04227557401328671,0.019600162349201287,0.9185241135118338,0.9185241135118338,5,1
MSFT,2023-04-17,0.010858144395654272,0.016742427458875248,0.972399420529855,0.9615412761342007,-0.9615412761342007,5,1
MSFT,2023-04-18,0.42721612844824186,0.036484614376029685,0.5362992718672677,0.10908314341902581,-0.10908314341902581,5,1
MSFT,2023-04-19,0.19697420798777363,0.019774046364958463,0.7832517248508978,0.5862775168631241,-0.5862775168631241,5,1
MSFT,2023-04-20,0.19991084373347315,0.038170192716253895,0.7619189652121638,0.5620081214786907,-0.5620081214786907,5,1
MSFT,2023-04-21,0.19861083339860308,0.022527902755344546,0.7788612528400115,0.5802504194414084,-0.5802504194414084,5,1
MSFT,2023-04-24,0.013908438062688641,0.01717738199878593,0.9689141862691273,0.9550057482064387,-0.9550057482064387,5,1
MSFT,2023-04-25,0.010000397903294801,0.016485571368387245,0.9735140540402405,0.9635136561369457,-0.9635136561369457,5,1
MSFT,2023-04-26,0.010863219383087964,0.015449242837210364,0.9736875416203148,0.9628243222372268,-0.9628243222372268,5,1
MSFT,2023-04-27,0.7563090068256435,0.030138254107688358,0.21355272614870208,0.5427562806769415,0.5427562806769415,5,1
MSFT,2023-04-28,0.013550753474672775,0.020508032275361774,0.9659412263596494,0.9523904728849766,-0.9523904728849766,5,1
MSFT,2023-05-01,0.3426823148017023,0.07531417716948473,0.5820035158587735,0.23932120105707122,-0.23932120105707122,5,1
MSFT,2023-05-02,0.7308898056821039,0.05594171721219328,0.2131684836929154,0.5177213219891885,0.5177213219891885,5,1
MSFT,2023-05-03,0.39868082632665847,0.061515920332784496,0.5398032545773795,0.14112242825072108,-0.14112242825072108,5,1
MSFT,2023-05-04,0.18026299106763372,0.03864734398774033,0.7810896766259497,0.600826685558316,-0.600826685558316,5,1
MSFT,2023-05-05,0.9438326611971894,0.031849519868292084,0.02431780863952471,0.9195148525576647,0.9195148525576647,5,1
MSFT,2023-05-08,0.371203744554131,0.032882742680557756,0.5959134659676992,0.2247097214135682,-0.2247097214135682,5,1
MSFT,2023-05-09,0.19363850985276052,0.018893857795332734,0.7874675938322804,0.5938290839795198,-0.5938290839795198,5,1
MSFT,2023-05-10,0.19847343554434646,0.022743887997632706,0.7787826431323994,0.5803092075880529,-0.5803092075880529,5,1
MSFT,2023-05-11,0.19453479014702665,0.022065129139092657,0.7834000837496552,0.5888652936026285,-0.5888652936026285,5,1
MSFT,2023-05-12,0.8809235700646586,0.1083470325768565,0.010729404357824168,0.8701941657068344,0.8701941657068344,5,1
MSFT,2023-05-15,0.750286563758536,0.03320608715366884,0.2165073214602587,0.5337792422982772,0.5337792422982772,5,1
MSFT,2023-05-16,0.3590067764915242,0.05883013048716536,0.5821631119805643,0.22315633548904007,-0.22315633548904007,5,1
MSFT,2023-05-17,0.5395307105123974,0.18956886252863833,0.2709004286285899,0.26863028188380755,0.26863028188380755,5,1
MSFT,2023-05-18,0.34031958486427016,0.27990676973209483,0.37977363020579546,0.0394540453415253,-0.0394540453415253,5,1
MSFT,2023-05-19,0.027783010173854567,0.027121348764859464,0.9450956410171354,0.9173126308432809,-0.9173126308432809,5,1
MSFT,2023-05-22,0.7288457916971741,0.03360056973103767,0.23755365075604043,0.4912921409411337,0.4912921409411337,5,1
MSFT,2023-05-23,0.30574389779917444,0.06432138958523197,0.6299347180098688,0.32419082021069434,-0.32419082021069434,5,1
MSFT,2023-05-24,0.37230335137737586,0.040650853967195914,0.5870458046873236,0.21474245330994773,-0.21474245330994773,5,1
MSFT,2023-05-25,0.388825958088408,0.022627492558584105,0.5885465528403033,0.19972059475189535,-0.19972059475189535,5,1
MSFT,2023-05-26,0.5756251754124486,0.03394669591408772,0.39042811837601177,0.18519705703643685,0.18519705703643685,5,1
MSFT,2023-05-30,0.5700330100500532,0.03489147482060929,0.39507549460246305,0.1749575154475902,0.1749575154475902,5,1
MSFT,2023-05-31,0.9389897802398235,0.038593569833043476,0.022416645469273317,0.9165731347705501,0.9165731347705501,5,1
MSFT,2023-06-01,0.6780759638770288,0.10606416997419113,0.215859854737718,0.4622161091393109,0.4622161091393109,5,1
MSFT,2023-06-02,0.735386555787163,0.03983718680538596,0.22477623194538213,0.510610323841781,0.510610323841781,5,1
MSFT,2023-06-05,0.5702611808590553,0.045011154758952086,0.3847276425498229,0.18553353830923242,0.18553353830923242,5,1
MSFT,2023-06-06,0.9435360277950522,0.03502919967112939,0.02143471805886802,0.9221013097361842,0.9221013097361842,5,1
MSFT,2023-06-07,0.8836655677818,0.09915866046830533,0.017175761427384133,0.866489806354416,0.866489806354416,5,1
MSFT,2023-06-08,0.4103208770747812,0.029763212294636708,0.5599159358655461,0.1495950587907649,-0.1495950587907649,5,1
MSFT,2023-06-09,0.7437899716153157,0.04065447185004332,0.21555554002954344,0.5282344315857722,0.5282344315857722,5,1
MSFT,2023-06-12,0.7414519514907687,0.07436620284042542,0.18418185711357368,0.557270094377195,0.557270094377195,5,1
MSFT,2023-06-13,0.6072467045512102,0.11309992080242912,0.2796533623396861,0.32759334221152414,0.32759334221152414,5,1
MSFT,2023-06-14,0.582696777906366,0.044720160833845606,0.3725830586350889,0.2101137192712771,0.2101137192712771,5,1
MSFT,2023-06-15,0.916266020586944,0.05565653816006837,0.02807745229084726,0.8881885682960967,0.8881885682960967,5,1
MSFT,2023-06-16,0.38311977380036144,0.02884859801769226,0.5880316532694903,0.2049118794691288,-0.2049118794691288,5,1
MSFT,2023-06-20,0.19272618299086333,0.0352308462265375,0.7720429800612516,0.5793167970703883,-0.5793167970703883,5,1
MSFT,2023-06-21,0.5353610877106887,0.05648172557622537,0.4081571805037356,0.12720390720695307,0.12720390720695307,5,1
MSFT,2023-06-22,0.3682647728636126,0.03356102227732248,0.5981742267224148,0.22990945385880224,-0.22990945385880224,5,1
MSFT,2023-06-23,0.19163534539417165,0.02731700541548053,0.7810476191369703,0.5894122737427987,-0.5894122737427987,5,1
MSFT,2023-06-26,0.3844495355817291,0.06394760699223963,0.5516028406819584,0.1671533051002293,-0.1671533051002293,5,1
MSFT,2023-06-27,0.5614128356684734,0.03336092384240437,0.40522627421279983,0.1561865614556736,0.1561865614556736,5,1
MSFT,2023-06-28,0.5692991020093403,0.03602431341468854,0.39467657762807107,0.17462252438126924,0.17462252438126924,5,1
MSFT,2023-06-29,0.3887142865016564,0.054916569557351996,0.5563691276555383,0.16765484115388185,-0.16765484115388185,5,1
MSFT,2023-06-30,0.9423962560650372,0.03617610658764479,0.021427644812024433,0.9209686112530128,0.9209686112530128,5,1
MSFT,2023-07-03,0.5298008370655849,0.05810057526977964,0.41209860944027715,0.11770222762530774,0.11770222762530774,5,1
MSFT,2023-07-05,0.344633262384352,0.043577155004283205,0.6117895825046761,0.2671563201203241,-0.2671563201203241,5,1
MSFT,2023-07-06,0.7433797779388962,0.03947094068447299,0.21714929834801702,0.5262304795908792,0.5262304795908792,5,1
MSFT,2023-07-07,0.686444709024506,0.13492516888406347,0.17863011919329935,0.5078145898312068,0.5078145898312068,5,1
MSFT,2023-07-10,0.4016395815172061,0.06425642078382382,0.5341040095933511,0.13246442807614506,-0.13246442807614506,5,1
MSFT,2023-07-11,0.38011105117428,0.026050680858382306,0.5938382702187518,0.21372721904447178,-0.21372721904447178,5,1
MSFT,2023-07-12,0.7555692930651768,0.038186194848496564,0.20624452688544329,0.5493247661797336,0.5493247661797336,5,1
MSFT,2023-07-13,0.5736952226973334,0.03839866702970783,0.38790612104959266,0.18578910164774076,0.18578910164774076,5,1
MSFT,2023-07-14,0.5686515535563935,0.034065607444429366,0.39728286768481924,0.17136868587157428,0.17136868587157428,5,1
MSFT,2023-07-17,0.3727376125402239,0.026134202437034,0.6011281923450718,0.22839057980484784,-0.22839057980484784,5,1
MSFT,2023-07-18,0.7550570156130602,0.04524501383867257,0.19969796638448167,0.5553590492285785,0.5553590492285785,5,1
MSFT,2023-07-19,0.5667817652530075,0.02580059745080915,0.4074176373625334,0.1593641278904741,0.1593641278904741,5,1
MSFT,2023-07-20,0.753758616449611,0.04336189976865033,0.20287949292746615,0.5508791235221449,0.5508791235221449,5,1
MSFT,2023-07-21,0.38667538396899126,0.04828533130318829,0.5650393198597812,0.17836393589078992,-0.17836393589078992,5,1
MSFT,2023-07-24,0.01457106290012032,0.023315413410813713,0.962113522073024,0.9475424591729037,-0.9475424591729037,5,1
MSFT,2023-07-25,0.9401359404167414,0.038830719491021015,0.02103336636098568,0.9191025740557558,0.9191025740557558,5,1
MSFT,2023-07-26,0.009332112557041345,0.017150691284647135,0.9735172065261647,0.9641850939691233,-0.9641850939691233,5,1
MSFT,2023-07-27,0.37282600594048754,0.04086277254565785,0.5863112299377882,0.21348522399730063,-0.21348522399730063,5,1
MSFT,2023-07-28,0.94169077732235,0.03936035747960439,0.018948869722812497,0.9227419075995374,0.9227419075995374,5,1
MSFT,2023-07-31,0.38000450042242556,0.025176267840616242,0.5948192090090374,0.21481470858661184,-0.21481470858661184,5,1
MSFT,2023-08-01,0.20078627701158708,0.02020445843406286,0.7790093082674795,0.5782230312558925,-0.5782230312558925,5,1
MSFT,2023-08-02,0.3805263714601636,0.024106933789408057,0.5953667034946614,0.21484033203449776,-0.21484033203449776,5,1
MSFT,2023-08-03,0.19836951496811173,0.024291517902849124,0.7773389629491225,0.5789694479810108,-0.5789694479810108,5,1
MSFT,2023-08-04,0.37813985338359957,0.025915712233342623,0.5959444225819535,0.2178045691983539,-0.2178045691983539,5,1
MSFT,2023-08-07,0.7401859115677156,0.03587928771735141,0.22393480763537793,0.5162511039323376,0.5162511039323376,5,1
MSFT,2023-08-08,0.76229349389663,0.13448998392533767,0.10321651267020822,0.6590769812264218,0.6590769812264218,5,1
MSFT,2023-08-09,0.3663189043404141,0.04520357613461637,0.5884775358505591,0.22215863151014498,-0.22215863151014498,5,1
MSFT,2023-08-10,0.7422326464025105,0.042287476264792484,0.2154798617296769,0.5267527846728336,0.5267527846728336,5,1
MSFT,2023-08-11,0.010299790288007746,0.01705380055729737,0.9726464134939179,0.9623466232059101,-0.9623466232059101,5,1
MSFT,2023-08-14,0.3809799738099943,0.038822243099417474,0.5801977778862888,0.19921780407629447,-0.19921780407629447,5,1
MSFT,2023-08-15,0.4697864640207192,0.12217437027285359,0.4080391756778672,0.061747288342852036,0.061747288342852036,5,1
MSFT,2023-08-16,0.7285989901539214,0.06254663165755543,0.20885435537527122,0.5197446347786502,0.5197446347786502,5,1
MSFT,2023-08-17,0.1833927767130086,0.10254345925219478,0.7140637632681326,0.530670986555124,-0.530670986555124,5,1
MSFT,2023-08-18,0.18331008214043273,0.034910029323133356,0.7817798983006271,0.5984698161601943,-0.5984698161601943,5,1
MSFT,2023-08-21,0.5470215368221804,0.19341006093112953,0.2595684025198696,0.28745313430231073,0.28745313430231073,5,1
MSFT,2023-08-22,0.3863178581297143,0.027335650830794474,0.586346492488508,0.2000286343587937,-0.2000286343587937,5,1
MSFT,2023-08-23,0.9407911851673841,0.04411852821670868,0.01509031914013238,0.9257008660272518,0.9257008660272518,5,1
MSFT,2023-08-24,0.19659078568511526,0.020808101479463624,0.7826010854199326,0.5860102997348173,-0.5860102997348173,5,1
MSFT,2023-08-25,0.6970061337932454,0.12018187068585862,0.18281201109673015,0.5141941226965152,0.5141941226965152,5,1
MSFT,2023-08-28,0.7678489376049197,0.21949704594919414,0.012654008594221638,0.7551949290106981,0.7551949290106981,5,1
MSFT,2023-08-29,0.5757033929997931,0.06180063302592086,0.36249596108188253,0.21320743191791058,0.21320743191791058,5,1
MSFT,2023-08-30,0.877588527171623,0.09723256251915025,0.0251789148165341,0.8524096123550888,0.8524096123550888,5,1
MSFT,2023-08-31,0.5639211491046673,0.03928223377479215,0.39679663330236276,0.16712451580230453,0.16712451580230453,5,1
MSFT,2023-09-01,0.8589358528329443,0.13143074556221362,0.009633412346915253,0.849302440486029,0.849302440486029,5,1
MSFT,2023-09-05,0.8092203957204337,0.1535151504169897,0.0372644886539866,0.7719559070664471,0.7719559070664471,5,1
MSFT,2023-09-06,0.5772026641718089,0.04299820737133511,0.37979910276448897,0.1974035614073199,0.1974035614073199,5,1
MSFT,2023-09-07,0.5326398573327475,0.09938935109170408,0.3679707848230331,0.16466907250971446,0.16466907250971446,5,1
MSFT,2023-09-08,0.5715737900003741,0.03492022229068264,0.39350596820254863,0.1780678217978255,0.1780678217978255,5,1
MSFT,2023-09-11,0.7599067511076286,0.04166572125948553,0.19842755493540992,0.5614791961722188,0.5614791961722188,5,1
MSFT,2023-09-12,0.01157864530606552,0.014336157860513938,0.9740852481220215,0.9625066028159559,-0.9625066028159559,5,1
MSFT,2023-09-13,0.5733978062058037,0.028079944363197176,0.3985222496365963,0.1748755565692074,0.1748755565692074,5,1
MSFT,2023-09-14,0.7269502219908379,0.08327981127855215,0.1897699700287468,0.5371802519620912,0.5371802519620912,5,1
MSFT,2023-09-15,0.19519652857026543,0.018875368099942755,0.785928069514632,0.5907315409443665,-0.5907315409443665,5,1
MSFT,2023-09-18,0.1901733773794011,0.01954838237729174,0.7902782490193789,0.6001048716399778,-0.6001048716399778,5,1
MSFT,2023-09-19,0.011693597617283159,0.03757125739840255,0.9507351549227843,0.9390415573055011,-0.9390415573055011,5,1
MSFT,2023-09-20,0.6490778791263897,0.11205780692807539,0.2388643448977776,0.41021353422861206,0.41021353422861206,5,1
MSFT,2023-09-21,0.7140446984917022,0.049060654099489925,0.23689465211720925,0.4771500463744929,0.4771500463744929,5,1
MSFT,2023-09-22,0.5731175252254733,0.0311732291123992,0.39570923855189627,0.17740828667357705,0.17740828667357705,5,1
MSFT,2023-09-25,0.380854143331371,0.02522674384884279,0.5939191304579693,0.21306498712659827,-0.21306498712659827,5,1
MSFT,2023-09-26,0.010873544438137924,0.016388488949077264,0.9727379860931831,0.9618644416550451,-0.9618644416550451,5,1
MSFT,2023-09-27,0.20575451406464018,0.031518801468564256,0.7627266806318719,0.5569721665672317,-0.5569721665672317,5,1
MSFT,2023-09-28,0.20910641203404604,0.017194318324978773,0.7736992796596444,0.5645928676255983,-0.5645928676255983,5,1
MSFT,2023-09-29,0.5633121523151179,0.03143315765880239,0.4052547052794974,0.15805744703562047,0.15805744703562047,5,1
MSFT,2023-10-02,0.382539901988691,0.023883314922809477,0.5935767974490653,0.21103689546037435,-0.21103689546037435,5,1
MSFT,2023-10-03,0.010917660962303129,0.01573514938890829,0.9733472280910432,0.9624295671287401,-0.9624295671287401,5,1
MSFT,2023-10-04,0.009523186145155405,0.017931239489489312,0.9725455663440794,0.9630223801989239,-0.9630223801989239,5,1
MSFT,2023-10-05,0.18277320952807968,0.03219886078927583,0.7850279142483397,0.60225470472026,-0.60225470472026,5,1
MSFT,2023-10-06,0.5763657425875061,0.03579820558321291,0.38783601967843373,0.18852972290907233,0.18852972290907233,5,1
MSFT,2023-10-09,0.1832304712270127,0.03097728275410937,0.7857922409512184,0.6025617697242056,-0.6025617697242056,5,1
MSFT,2023-10-10,0.3327023787451778,0.22427012580411473,0.44302751576827204,0.11032513702309427,-0.11032513702309427,5,1
MSFT,2023-10-11,0.9451693896802987,0.036409283689340315,0.018421300994638602,0.9267480886856602,0.9267480886856602,5,1
MSFT,2023-10-12,0.9073949485390106,0.06603965116751032,0.026565404938393437,0.8808295436006172,0.8808295436006172,5,1
MSFT,2023-10-13,0.5490449772987351,0.05840258398649577,0.39255243405065604,0.1564925432480791,0.1564925432480791,5,1
MSFT,2023-10-16,0.19378662707133942,0.02088221285733282,0.7853311502823459,0.5915445232110065,-0.5915445232110065,5,1
MSFT,2023-10-17,0.5755417651025804,0.04434350580140332,0.3801146882486984,0.195427076853882,0.195427076853882,5,1
MSFT,2023-10-18,0.5626196776967619,0.030651166528775912,0.40672918984413553,0.15589048785262638,0.15589048785262638,5,1
MSFT,2023-10-19,0.7611963914056203,0.03962834479213935,0.19917524673533918,0.5620211446702812,0.5620211446702812,5,1
MSFT,2023-10-20,0.014616216020935643,0.01788112221070784,0.9675026837017912,0.9528864676808555,-0.9528864676808555,5,1
MSFT,2023-10-23,0.012444233771479756,0.018159135496232267,0.9693966390459045,0.9569524052744247,-0.9569524052744247,5,1
MSFT,2023-10-24,0.3868784095583034,0.021791706239211995,0.5913298617632224,0.20445145220491906,-0.20445145220491906,5,1
MSFT,2023-10-25,0.010689334716289065,0.01652885621801888,0.9727818251192925,0.9620924904030034,-0.9620924904030034,5,1
MSFT,2023-10-26,0.008412009025928,0.01799860893133394,0.9735893859184582,0.9651773768925302,-0.9651773768925302,5,1
MSFT,2023-10-27,0.19988307230189126,0.019826012160249082,0.7802909146322751,0.5804078423303838,-0.5804078423303838,5,1
MSFT,2023-10-30,0.38197827395962997,0.04446129489422897,0.5735604464859644,0.19158217252633442,-0.19158217252633442,5,1
MSFT,2023-10-31,0.37278707952344126,0.03433405451640664,0.5928788537717434,0.22009177424830217,-0.22009177424830217,5,1
MSFT,2023-11-01,0.19519650416991044,0.0208704006516415,0.7839330723617763,0.5887365681918659,-0.5887365681918659,5,1
MSFT,2023-11-02,0.5698574517468049,0.034036814555013006,0.39610573832692414,0.17375171341988077,0.17375171341988077,5,1
MSFT,2023-11-03,0.9321196436567792,0.04524141825782162,0.02263893710797245,0.9094807065488067,0.9094807065488067,5,1
MSFT,2023-11-06,0.7425462931827402,0.24532537404674615,0.012128318107205605,0.7304179750755346,0.7304179750755346,5,1
MSFT,2023-11-07,0.9143640098305,0.046999709689588526,0.038636295896680876,0.8757277139338192,0.8757277139338192,5,1
MSFT,2023-11-08,0.38415925767350395,0.03447815588851585,0.5813625907716095,0.1972033330981055,-0.1972033330981055,5,1
MSFT,2023-11-09,0.38761559995790745,0.02204927557566985,0.5903351046279474,0.2027195046700399,-0.2027195046700399,5,1
MSFT,2023-11-10,0.7273457116751862,0.04405716634810594,0.22859712397342744,0.4987485877017588,0.4987485877017588,5,1
MSFT,2023-11-13,0.3839819383384496,0.025748413629482297,0.5902696340944412,0.2062876957559916,-0.2062876957559916,5,1
MSFT,2023-11-14,0.703813569774517,0.0889896270106246,0.2071967941132683,0.49661677566124873,0.49661677566124873,5,1
MSFT,2023-11-15,0.5695927188117026,0.033536150118002386,0.39687113398119817,0.17272158483050443,0.17272158483050443,5,1
MSFT,2023-11-16,0.333732071943502,0.10831968481131854,0.5579482483533599,0.22421617640985786,-0.22421617640985786,5,1
MSFT,2023-11-17,0.20188540341854444,0.017882208680269292,0.780232370002316,0.5783469665837716,-0.5783469665837716,5,1
MSFT,2023-11-20,0.38563404857304784,0.030354977833701446,0.5840109823029516,0.19837693372990373,-0.19837693372990373,5,1
MSFT,2023-11-21,0.19781317639024415,0.021636517417727333,0.7805502884463579,0.5827371120561138,-0.5827371120561138,5,1
MSFT,2023-11-22,0.7610772972674125,0.032102287895977355,0.20682038341548126,0.5542569138519312,0.5542569138519312,5,1
MSFT,2023-11-24,0.7418180442044552,0.042991846091792706,0.21519011383001735,0.5266279303744379,0.5266279303744379,5,1
MSFT,2023-11-27,0.7461707070181949,0.04742648982848533,0.20640282117114872,0.5397678858470462,0.5397678858470462,5,1
MSFT,2023-11-28,0.6987742227970896,0.10062927924282679,0.20059650537112844,0.4981777174259611,0.4981777174259611,5,1
MSFT,2023-11-29,0.38886109184534834,0.024911316034071502,0.5862275776238444,0.19736648577849603,-0.19736648577849603,5,1
MSFT,2023-11-30,0.21324884635902935,0.05806794374174184,0.728683216388083,0.5154343700290536,-0.5154343700290536,5,1
MSFT,2023-12-01,0.939408110728456,0.04251443382935324,0.018077470276145837,0.9213306404523102,0.9213306404523102,5,1
MSFT,2023-12-04,0.3633308925313546,0.04461171956088748,0.59205739989882,0.22872650736746541,-0.22872650736746541,5,1
MSFT,2023-12-05,0.5663418294306058,0.03758399661484331,0.3960741932536816,0.17026763617692425,0.17026763617692425,5,1
MSFT,2023-12-06,0.36543888672898844,0.033369045455164635,0.6011920610608396,0.2357531743318511,-0.2357531743318511,5,1
MSFT,2023-12-07,0.6721190712768274,0.1569052192780684,0.17097569240165159,0.5011433788751758,0.5011433788751758,5,1
MSFT,2023-12-08,0.7195133438851491,0.07573528105656703,0.20475135337878547,0.5147619905063636,0.5147619905063636,5,1
MSFT,2023-12-11,0.2043332491987697,0.04785649455498787,0.7478102601284973,0.5434770109297276,-0.5434770109297276,5,1
MSFT,2023-12-12,0.563787376193564,0.045401840958196896,0.39081076811926524,0.17297660807429877,0.17297660807429877,5,1
MSFT,2023-12-13,0.8880724749936598,0.09930119166089164,0.012626356670719057,0.8754461183229407,0.8754461183229407,5,1
MSFT,2023-12-14,0.6597174194005949,0.09511913157096015,0.24516347800543056,0.4145539413951643,0.4145539413951643,5,1
MSFT,2023-12-15,0.5738121441993367,0.03580769092709897,0.390380199811104,0.18343194438823268,0.18343194438823268,5,1
MU,2017-09-25,0.8026886005401352,0.15070059010756554,0.04661079188861437,0.7560778086515209,0.7560778086515209,5,1
MU,2017-09-26,0.7486498279320218,0.032448514439720286,0.21890165627529332,0.5297481716567285,0.5297481716567285,5,1
MU,2017-09-27,0.7611340540205216,0.029044781210920332,0.209821168564805,0.5513128854557166,0.5513128854557166,5,1
MU,2017-09-28,0.560169252613257,0.07757753961249575,0.3622532179660191,0.1979160346472379,0.1979160346472379,5,1
MU,2017-09-29,0.7222113244832631,0.2022146101358551,0.07557406708336163,0.6466372573999014,0.6466372573999014,5,1
MU,2017-10-02,0.7357248474100728,0.11466359291447584,0.14961157686904053,0.5861132705410323,0.5861132705410323,5,1
MU,2017-10-03,0.33868813688361576,0.44724213802086604,0.21406975218553737,0.1246183846980784,0.1246183846980784,5,1
MU,2017-10-04,0.017857239947503968,0.1424717716603598,0.839671018565842,0.821813778618338,-0.821813778618338,5,1
MU,2017-10-05,0.35436875853895433,0.6300242368560973,0.015606976936044473,0.3387617816029099,0.3387617816029099,5,1
MU,2017-10-06,0.3905465015920542,0.3114395036438219,0.29801397359748383,0.09253252799457035,0.09253252799457035,5,1
MU,2017-10-09,0.5161088275337175,0.23805616302096227,0.24583501436447153,0.2702738131692459,0.2702738131692459,5,1
MU,2017-10-10,0.4785491381517471,0.2191632729605443,0.30228763878975945,0.17626149936198765,0.17626149936198765,5,1
MU,2017-10-11,0.4946483672179674,0.08489672224246822,0.4204549041277819,0.07419346309018549,0.07419346309018549,5,1
MU,2017-10-12,0.4106089071845413,0.041013038313778186,0.5483780639262706,0.13776915674172935,-0.13776915674172935,5,1
MU,2017-10-13,0.8039204465052991,0.153865453791771,0.042214070703280454,0.7617063758020187,0.7617063758020187,5,1
MU,2017-10-16,0.7339133647994197,0.25425785580419574,0.011828754608139735,0.72208461019128,0.72208461019128,3,1
MU,2017-10-17,0.02407723856048473,0.22172809489566864,0.7541946991233146,0.7301174605628299,-0.7301174605628299,5,1
MU,2017-10-18,0.41345863816222,0.20049825961764464,0.3860431228551094,0.027415515307110616,0.027415515307110616,5,1
MU,2017-10-19,0.6441252117275289,0.30119075898537734,0.05468404862443917,0.5894411631030897,0.5894411631030897,5,1
MU,2017-10-20,0.018951720709485524,0.30130922535230376,0.679739019593245,0.6607872988837595,-0.6607872988837595,3,1
MU,2017-10-23,0.8415948797139133,0.11780936903241797,0.040595807275491134,0.8009990724384222,0.8009990724384222,5,1
MU,2017-10-24,0.23181662946386825,0.3856101408929479,0.38257322554235534,0.1507565960784871,-0.1507565960784871,5,1
MU,2017-10-25,0.3868703810412245,0.15458561474953358,0.45854398911372124,0.07167360807249673,-0.07167360807249673,5,1
MU,2017-10-26,0.7901815936370904,0.15534467286696418,0.054473743650871216,0.7357078499862192,0.7357078499862192,4,1
MU,2017-10-27,0.56072801018816,0.11460031841253349,0.32467165121001024,0.23605635897814975,0.23605635897814975,5,1
MU,2017-10-30,0.08052125297741676,0.8559506888934009,0.06352801697767817,0.016993235999738593,0.016993235999738593,3,1
MU,2017-10-31,0.6929674240665944,0.07814147760167948,0.22889107731788583,0.46407634674870857,0.46407634674870857,5,1
MU,2017-11-01,0.8046702691015583,0.17508613258355396,0.020243619989104084,0.7844266491124542,0.7844266491124542,5,1
MU,2017-11-02,0.8367467923094996,0.1432140829562127,0.02003915812317246,0.8167076341863271,0.8167076341863271,4,1
MU,2017-11-03,0.13078197975309805,0.21566318106240054,0.6535548187958109,0.5227728390427129,-0.5227728390427129,5,1
MU,2017-11-06,0.7848881948002129,0.16149933303836694,0.053612454367136325,0.7312757404330765,0.7312757404330765,5,1
MU,2017-11-07,0.04722443488582931,0.3242862931329082,0.6284892577330152,0.581264822847186,-0.581264822847186,5,1
MU,2017-11-08,0.8743185400962828,0.11672877520322798,0.008952622301876545,0.8653659177944063,0.8653659177944063,1,1
MU,2017-11-09,0.673146506521005,0.08985538507081496,0.23699813514730927,0.4361483713736958,0.4361483713736958,5,1
MU,2017-11-10,0.480505372558575,0.18626810469443872,0.33322655410863117,0.14727881844994384,0.14727881844994384,5,1
MU,2017-11-13,0.31956359411889046,0.24501559715597146,0.4354208211712795,0.11585722705238904,-0.11585722705238904,5,1
MU,2017-11-14,0.5929698103417713,0.1339596617129216,0.2730705649938649,0.3198992453479064,0.3198992453479064,5,1
MU,2017-11-15,0.5353695753199401,0.27671050328331837,0.18791992869178423,0.3474496466281559,0.3474496466281559,5,1
MU,2017-11-16,0.9152403929601196,0.04756085068170845,0.03719874186019936,0.8780416510999203,0.8780416510999203,2,1
MU,2017-11-17,0.6637587334586987,0.06543283611105777,0.27080842000077815,0.3929503134579206,0.3929503134579206,5,1
MU,2017-11-20,0.4343641792050262,0.23360989053499343,0.33202600470072025,0.10233817450430593,0.10233817450430593,5,1
MU,2017-11-21,0.6815997447031662,0.1796020952917319,0.13879815450454538,0.5428015901986208,0.5428015901986208,5,1
MU,2017-11-22,0.6275951429060966,0.09493299810945535,0.2774718819150222,0.35012326099107444,0.35012326099107444,5,1
MU,2017-11-24,0.6075373761921139,0.37752533262057875,0.014937247519176813,0.5926001286729371,0.5926001286729371,5,1
MU,2017-11-27,0.3760709160172014,0.05384752708881346,0.5700815649964518,0.1940106489792504,-0.1940106489792504,5,1
MU,2017-11-28,0.5467084627069874,0.05861352893291489,0.3946780078369599,0.15203045487002748,0.15203045487002748,5,1
MU,2017-11-29,0.012802701872468835,0.021520522171746024,0.9656767756301261,0.9528740737576573,-0.9528740737576573,5,1
MU,2017-11-30,0.2941260020523042,0.22983895908387203,0.4760350116056498,0.1819090095533456,-0.1819090095533456,5,1
MU,2017-12-01,0.41690467691811633,0.046953617144419126,0.536141697468113,0.11923702054999669,-0.11923702054999669,5,1
MU,2017-12-04,0.35430269336125114,0.06555277372462828,0.5801445534763999,0.22584186011514878,-0.22584186011514878,5,1
MU,2017-12-05,0.5603122982136085,0.05130263503370261,0.3883850430599886,0.1719272551536199,0.1719272551536199,5,1
MU,2017-12-06,0.013500370006411484,0.04881426830712743,0.9376853613279998,0.9241849913215884,-0.9241849913215884,3,1
MU,2017-12-07,0.11833627518673404,0.18218176652675944,0.6994819620016596,0.5811456868149255,-0.5811456868149255,5,1
MU,2017-12-08,0.05178929980254935,0.03457183381355563,0.9136388717948616,0.8618495719923123,-0.8618495719923123,5,1
MU,2017-12-11,0.8192594909482054,0.15618076170457948,0.024559714030509383,0.794699776917696,0.794699776917696,2,1
MU,2017-12-12,0.19422373175621033,0.03647329658269882,0.7693029642105103,0.5750792324542999,-0.5750792324542999,1,1
MU,2017-12-13,0.35562009311355297,0.07503526735247135,0.5693446248214072,0.21372453170785427,-0.21372453170785427,4,1
MU,2017-12-14,0.7746467789806638,0.20619818050283875,0.019155075932654073,0.7554917030480097,0.7554917030480097,4,1
MU,2017-12-15,0.5207973845330942,0.07094346852751612,0.40825915051222633,0.11253823402086788,0.11253823402086788,5,1
MU,2017-12-18,0.8654380325204409,0.07184800527740531,0.06271394740920701,0.8027240851112339,0.8027240851112339,5,1
MU,2017-12-19,0.7538131620951192,0.02993197346737419,0.21625489387953967,0.5375582682155795,0.5375582682155795,5,1
MU,2017-12-20,0.7527878618691555,0.027168789822522015,0.22004333304244228,0.5327445288267132,0.5327445288267132,5,1
MU,2017-12-21,0.45830799431786795,0.11674618366230574,0.4249458514500844,0.03336214286778355,0.03336214286778355,5,1
MU,2017-12-22,0.4668291172521872,0.18292843773216613,0.35024241226930475,0.11658670498288243,0.11658670498288243,5,1
MU,2017-12-26,0.19736924723097524,0.029419886112838717,0.7732108673684409,0.5758416201374656,-0.5758416201374656,5,1
MU,2017-12-27,0.46464018618253317,0.08370402522842353,0.45165576189327883,0.012984424289254337,0.012984424289254337,5,1
MU,2017-12-28,0.5277555126497595,0.45222906855164,0.02001540787389072,0.5077401047758688,0.5077401047758688,5,1
MU,2017-12-29,0.017149780843887966,0.025063269103784796,0.9577869694824626,0.9406371886385746,-0.9406371886385746,5,1
MU,2018-01-02,0.8509313369256761,0.12658821169781456,0.022480408192448887,0.8284509287332272,0.8284509287332272,4,1
MU,2018-01-03,0.31882607870711277,0.09278212502324577,0.5883918137324242,0.26956573502531145,-0.26956573502531145,5,1
MU,2018-01-04,0.19906592126568792,0.2361853636339895,0.5647486874957044,0.3656827662300165,-0.3656827662300165,5,1
MU,2018-01-05,0.47784562380845974,0.1477753499768848,0.37437902026057246,0.10346660354788728,0.10346660354788728,5,1
MU,2018-01-08,0.1890337744549463,0.2461509560238121,0.564815271844983,0.37578149739003675,-0.37578149739003675,5,1
MU,2018-01-09,0.5314858420109076,0.04320186640891919,0.4253123129944648,0.10617352901644284,0.10617352901644284,5,1
MU,2018-01-10,0.06367195768701227,0.2015415024843929,0.7347865171057981,0.6711145594187858,-0.6711145594187858,3,1
MU,2018-01-11,0.6683800845077077,0.27727645407779367,0.05434349189092496,0.6140365926167828,0.6140365926167828,5,1
MU,2018-01-12,0.33808412099854296,0.16734525467006564,0.49457063386876093,0.15648651287021798,-0.15648651287021798,5,1
MU,2018-01-16,0.02297576330602169,0.8820716142654419,0.09495266526937485,0.07197690196335316,-0.07197690196335316,1,1
MU,2018-01-17,0.6206025881220903,0.24055482415245014,0.13884259065319154,0.4817599974688988,0.4817599974688988,5,1
MU,2018-01-18,0.2166925744650302,0.7379637846692045,0.04534362105470874,0.17134895341032147,0.17134895341032147,3,1
MU,2018-01-19,0.7229717959048252,0.2643551227935217,0.01267308281145159,0.7102987130933736,0.7102987130933736,5,1
MU,2018-01-22,0.047521897665373784,0.6549974152575183,0.2974806918335827,0.24995879416820893,-0.24995879416820893,2,1
MU,2018-01-23,0.34465966560572403,0.0774618319592775,0.5778785404367699,0.23321887483104586,-0.23321887483104586,4,1
MU,2018-01-24,0.8893867098402078,0.09729909092423039,0.013314240633373295,0.8760724692068346,0.8760724692068346,3,1
MU,2018-01-25,0.4461757805636365,0.11805078262211267,0.43577344260425915,0.010402337959377339,0.010402337959377339,5,1
MU,2018-01-26,0.2993568758417791,0.34777360442255845,0.35286952929411053,0.053512653452331416,-0.053512653452331416,5,1
MU,2018-01-29,0.04780978709459305,0.9352313280105591,0.01695895567536354,0.030850831419229507,0.030850831419229507,1,1
MU,2018-01-30,0.3351456907561644,0.1254996488722011,0.5393546905879656,0.20420899983180119,-0.20420899983180119,5,1
MU,2018-01-31,0.7350985680864067,0.049659427747510386,0.2152419837920576,0.5198565842943491,0.5198565842943491,5,1
MU,2018-02-01,0.5231486509941562,0.19497042539262677,0.2818809084961477,0.24126774249800848,0.24126774249800848,5,1
MU,2018-02-02,0.2406382567766444,0.6688804340042415,0.0904813148698084,0.150156941906836,0.150156941906836,5,1
MU,2018-02-05,0.5683681642509323,0.22477429590603784,0.20685756275523304,0.36151060149569925,0.36151060149569925,5,1
MU,2018-02-06,0.20107430202783624,0.028309884425245704,0.7706158153361339,0.5695415133082976,-0.5695415133082976,5,1
MU,2018-02-07,0.5728438193645711,0.1571033226577211,0.2700528493092302,0.3027909700553409,0.3027909700553409,5,1
MU,2018-02-08,0.5827756372139357,0.3572154200849216,0.06000892905401775,0.5227667081599179,0.5227667081599179,5,1
MU,2018-02-09,0.6406285000938069,0.32084911698431945,0.0385223922828194,0.6021061078109875,0.6021061078109875,5,1
MU,2018-02-12,0.5502012474903996,0.05080922335707869,0.3989895585501708,0.15121168894022874,0.15121168894022874,5,1
MU,2018-02-13,0.7671774505543583,0.2106597342128565,0.02216279237615989,0.7450146581781983,0.7450146581781983,5,1
MU,2018-02-14,0.4574604706301746,0.21939949896320735,0.3231400154078947,0.13432045522227987,0.13432045522227987,5,1
MU,2018-02-15,0.6581679724106524,0.317526246392851,0.0243057971860332,0.6338621752246192,0.6338621752246192,5,1
MU,2018-02-16,0.7261614849129296,0.2543700282803455,0.019468443785635024,0.7066930411272946,0.7066930411272946,5,1
MU,2018-02-20,0.3010664367213874,0.0363913199832884,0.6625422564197876,0.3614758196984002,-0.3614758196984002,4,1
MU,2018-02-21,0.0,0.0,0.0,0.0,0.0,0,0
MU,2018-02-22,0.4856691795090714,0.032026106961830274,0.4823047361421909,0.0033644433668805207,0.0033644433668805207,3,1
MU,2018-02-23,0.5106744361232723,0.18189229335177187,0.3074333141599826,0.20324112196328975,0.20324112196328975,4,1
MU,2018-02-26,0.8518434003778079,0.11998545290119297,0.028171143845274572,0.8236722565325334,0.8236722565325334,3,1
MU,2018-02-27,0.7673673626530881,0.21916661639314658,0.013465977131049021,0.7539013855220391,0.7539013855220391,5,1
MU,2018-02-28,0.3032584668445044,0.10526454281121198,0.5914769781130009,0.2882185112684965,-0.2882185112684965,2,1
MU,2018-03-01,0.54450842166326,0.1996964887890592,0.255795098029974,0.28871332363328595,0.28871332363328595,4,1
MU,2018-03-02,0.8182453389709916,0.16055320759991265,0.021201429839182752,0.7970439091318089,0.7970439091318089,5,1
MU,2018-03-05,0.5654540326849183,0.12698293506699024,0.3075630177607498,0.25789101492416855,0.25789101492416855,5,1
MU,2018-03-06,0.5469137230923076,0.03846181016688392,0.4146244676134215,0.1322892554788861,0.1322892554788861,5,1
MU,2018-03-07,0.8445385177330825,0.12168246056860288,0.03377903184352398,0.8107594858895586,0.8107594858895586,4,1
MU,2018-03-08,0.7626923286482191,0.04277305653971053,0.1945346138845031,0.568157714763716,0.568157714763716,5,1
MU,2018-03-09,0.18586103349845684,0.7979719080396018,0.016167078465315,0.16969395503314183,0.16969395503314183,4,1
MU,2018-03-12,0.7693632708300839,0.030211405424365477,0.2004253475516754,0.5689379232784085,0.5689379232784085,5,1
MU,2018-03-13,0.7584374576694439,0.03150748482489694,0.2100550884925942,0.5483823691768497,0.5483823691768497,5,1
MU,2018-03-14,0.6910308708695186,0.27986020117353316,0.029108954403200726,0.6619219164663179,0.6619219164663179,5,1
MU,2018-03-15,0.41653848504290164,0.17288138986467624,0.4105801285713629,0.0059583564715387505,0.0059583564715387505,5,1
MU,2018-03-16,0.7968210642945492,0.03704319045904919,0.16613576570025218,0.630685298594297,0.630685298594297,5,1
MU,2018-03-19,0.6487979276560455,0.16768698887487135,0.18351507985192808,0.46528284780411744,0.46528284780411744,5,1
MU,2018-03-20,0.5461224283078088,0.11154529460671544,0.3423322505154529,0.20379017779235586,0.20379017779235586,5,1
MU,2018-03-21,0.28568322922728806,0.12464738798339077,0.5896694123083879,0.3039861830810998,-0.3039861830810998,5,1
MU,2018-03-22,0.19777277217897538,0.08826072174628286,0.7139665081629564,0.516193735983981,-0.516193735983981,5,1
MU,2018-03-23,0.009689959735842963,0.019873300580334183,0.9704367712778986,0.9607468115420557,-0.9607468115420557,5,1
MU,2018-03-26,0.8339562252411723,0.11344232743529688,0.05260143641574854,0.7813547888254238,0.7813547888254238,5,1
MU,2018-03-27,0.02630024737056393,0.10690129511243222,0.8667984591641654,0.8404982117936015,-0.8404982117936015,2,1
MU,2018-03-28,0.27586818139863756,0.24473460157395716,0.4793971966976922,0.20352901529905465,-0.20352901529905465,5,1
MU,2018-03-29,0.369728549504999,0.1981418970568392,0.43212953083992944,0.06240098133493044,-0.06240098133493044,5,1
MU,2018-04-02,0.47211505030529255,0.1838336424276764,0.34405126034761424,0.1280637899576783,0.1280637899576783,5,1
MU,2018-04-03,0.8079262270627269,0.16471592793859138,0.02735790373218165,0.7805683233305453,0.7805683233305453,4,1
MU,2018-04-04,0.8361087870922026,0.14845460727708637,0.01543661749226581,0.8206721695999368,0.8206721695999368,5,1
MU,2018-04-05,0.011625515275832991,0.035421354780422284,0.952953128288727,0.941327613012894,-0.941327613012894,5,1
MU,2018-04-06,0.314259487232483,0.10887566504815381,0.5768648510262447,0.26260536379376176,-0.26260536379376176,5,1
MU,2018-04-09,0.41149531554182284,0.16946962727643344,0.41903504365725397,0.007539728115431132,-0.007539728115431132,5,1
MU,2018-04-10,0.4958181341368965,0.4904698732481965,0.013711983868119644,0.48210615026877685,0.48210615026877685,5,1
MU,2018-04-11,0.41390498899714345,0.25409627650144123,0.3319987215498985,0.08190626744724494,0.08190626744724494,5,1
MU,2018-04-12,0.7115475674013964,0.271794605192738,0.016657880403251443,0.6948896869981449,0.6948896869981449,5,1
MU,2018-04-13,0.1322147011366835,0.26882435351348166,0.5989609394357971,0.4667462382991136,-0.4667462382991136,4,1
MU,2018-04-16,0.7815387383094694,0.17574383253960482,0.04271741680419885,0.7388213215052706,0.7388213215052706,4,1
MU,2018-04-17,0.6907776151411965,0.2850632007737341,0.024159203427388955,0.6666184117138075,0.6666184117138075,2,1
MU,2018-04-18,0.12729056408422867,0.19582010789876322,0.6768893412135799,0.5495987771293512,-0.5495987771293512,5,1
MU,2018-04-19,0.19627410158687014,0.03706792538568216,0.7666579530432464,0.5703838514563762,-0.5703838514563762,5,1
MU,2018-04-20,0.710566308502357,0.25830091173783404,0.031132815343775568,0.6794334931585815,0.6794334931585815,5,1
MU,2018-04-23,0.014881049278581323,0.07651570487519282,0.9086032667401338,0.8937222174615524,-0.8937222174615524,4,1
MU,2018-04-24,0.28839089140781987,0.23251596937638525,0.4790931493063885,0.19070225789856865,-0.19070225789856865,5,1
MU,2018-04-25,0.23483972154634258,0.25652272200605986,0.5086375575518073,0.2737978360054647,-0.2737978360054647,5,1
MU,2018-04-26,0.6530681014694756,0.10113748060092455,0.24579440971967512,0.40727369174980044,0.40727369174980044,5,1
MU,2018-04-27,0.7857182017675631,0.19811592083996785,0.016165882291978583,0.7695523194755846,0.7695523194755846,5,1
MU,2018-04-30,0.46819483070424006,0.12116069414519565,0.41064448924593305,0.05755034145830701,0.05755034145830701,5,1
MU,2018-05-01,0.436390445361504,0.07858376656011644,0.48502574677432503,0.04863530141282102,-0.04863530141282102,5,1
MU,2018-05-02,0.7688753765606974,0.03323173406651167,0.19789289893033085,0.5709824776303665,0.5709824776303665,5,1
MU,2018-05-03,0.793434601897318,0.18847247140729775,0.01809293295556732,0.7753416689417506,0.7753416689417506,5,1
MU,2018-05-04,0.46821374586054554,0.0998057255310073,0.4319805275106644,0.036233218349881136,0.036233218349881136,5,1
MU,2018-05-07,0.6761667422108574,0.2568932636466903,0.0669399653555698,0.6092267768552876,0.6092267768552876,3,1
MU,2018-05-08,0.7177409765668179,0.26054980965453833,0.021709170391819372,0.6960318061749985,0.6960318061749985,2,1
MU,2018-05-09,0.5514669455930655,0.0780605613936421,0.3704725089812493,0.18099443661181625,0.18099443661181625,5,1
MU,2018-05-10,0.6169438756856448,0.2688196712542118,0.11423639646392755,0.5027074792217172,0.5027074792217172,5,1
MU,2018-05-11,0.32748616397029334,0.12002249851190547,0.5524913243256206,0.2250051603553273,-0.2250051603553273,5,1
MU,2018-05-14,0.0897602499066725,0.8401491300441114,0.07009056253124621,0.019669687375426292,0.019669687375426292,2,1
MU,2018-05-15,0.3325024083552571,0.1404096871694288,0.5270879068242308,0.19458549846897372,-0.19458549846897372,5,1
MU,2018-05-16,0.49848445628449023,0.194078277258499,0.30743727591202136,0.19104718037246887,0.19104718037246887,5,1
MU,2018-05-17,0.28176709588727283,0.14493653761894368,0.5732963606346869,0.2915292647474141,-0.2915292647474141,5,1
MU,2018-05-18,0.33548922681787857,0.05551034283063118,0.6090004102175752,0.27351118339969666,-0.27351118339969666,5,1
MU,2018-05-21,0.7433917634847131,0.04144653462467429,0.21516172429797056,0.5282300391867426,0.5282300391867426,5,1
MU,2018-05-22,0.5528470741069729,0.12610744174611685,0.32104548355268087,0.231801590554292,0.231801590554292,5,1
MU,2018-05-23,0.5590068456216337,0.2713627036357335,0.16963048704603417,0.38937635857559955,0.38937635857559955,5,1
MU,2018-05-24,0.442053010906229,0.2833823868245389,0.27456463314739576,0.16748837775883324,0.16748837775883324,5,1
MU,2018-05-25,0.47478331006569174,0.08436864809615159,0.44084803929804556,0.033935270767646186,0.033935270767646186,5,1
MU,2018-05-29,0.19938328421159757,0.25468181538534684,0.54593489102243,0.3465516068108324,-0.3465516068108324,5,1
MU,2018-05-30,0.2771057384916065,0.20228344638529575,0.5206107909347146,0.2435050524431081,-0.2435050524431081,5,1
MU,2018-05-31,0.015428237799650869,0.018602927432101613,0.9659688083803314,0.9505405705806805,-0.9505405705806805,5,1
MU,2018-06-01,0.35111254789105173,0.043446260130407616,0.6054412082335731,0.25432866034252133,-0.25432866034252133,5,1
MU,2018-06-04,0.4657320491933431,0.10457275679401211,0.42969518916865096,0.03603686002469214,0.03603686002469214,5,1
MU,2018-06-05,0.3447677948553087,0.3049730789650979,0.35025915509801947,0.005491360242710797,-0.005491360242710797,3,1
MU,2018-06-06,0.79473249447264,0.16496856548284888,0.04029896833618181,0.7544335261364582,0.7544335261364582,5,1
MU,2018-06-07,0.4859866253605011,0.17382834310144182,0.34018500606320284,0.14580161929729824,0.14580161929729824,5,1
MU,2018-06-08,0.3176121407037262,0.2938841721611095,0.3885037028388392,0.07089156213511305,-0.07089156213511305,5,1
MU,2018-06-11,0.24196019271384592,0.5971639695494928,0.16087588745161482,0.0810843052622311,0.0810843052622311,3,1
MU,2018-06-12,0.15534111863945874,0.7421145349511441,0.10254435498440584,0.0527967636550529,0.0527967636550529,3,1
MU,2018-06-13,0.7828036037448162,0.20331620904425438,0.013880189097075644,0.7689234146477405,0.7689234146477405,5,1
MU,2018-06-14,0.6074636650038474,0.33091799905375335,0.0616183366686033,0.5458453283352441,0.5458453283352441,5,1
MU,2018-06-15,0.36231177555655114,0.2099185527720408,0.4277696981347829,0.06545792257823174,-0.06545792257823174,5,1
MU,2018-06-18,0.11757541971548076,0.1548532851005349,0.7275712990881359,0.6099958793726551,-0.6099958793726551,5,1
MU,2018-06-19,0.6152249026834831,0.34346870723637724,0.04130637143278057,0.5739185312507025,0.5739185312507025,5,1
MU,2018-06-20,0.35799571698776034,0.04559925281741448,0.5964050157946762,0.23840929880691586,-0.23840929880691586,5,1
MU,2018-06-21,0.012674064989954338,0.02189240252620574,0.9654335190180606,0.9527594540281062,-0.9527594540281062,5,1
MU,2018-06-22,0.34553402977836173,0.10161595191363285,0.5528500175859677,0.20731598780760602,-0.20731598780760602,5,1
MU,2018-06-25,0.21970446802340782,0.11880013291705124,0.6614953649667646,0.4417908969433568,-0.4417908969433568,5,1
MU,2018-06-26,0.5892858180863609,0.04769187446034495,0.3630223317244669,0.22626348636189403,0.22626348636189403,5,1
MU,2018-06-27,0.6898177917648916,0.2992324355438314,0.010949798063319952,0.6788679937015716,0.6788679937015716,5,1
MU,2018-06-28,0.38180209423370814,0.25732588838466847,0.3608719960275697,0.020930098206138448,0.020930098206138448,5,1
MU,2018-06-29,0.7230531050158374,0.19437317957250597,0.08257376822506036,0.6404793367907771,0.6404793367907771,5,1
MU,2018-07-02,0.4503805602367483,0.519422837126491,0.030196612733615548,0.4201839475031327,0.4201839475031327,5,1
MU,2018-07-03,0.008795561413192857,0.026870709171022383,0.9643337365939936,0.9555381751808008,-0.9555381751808008,5,1
MU,2018-07-05,0.013751480285807104,0.01921331134917738,0.967035188930457,0.95328370864465,-0.95328370864465,5,1
MU,2018-07-06,0.5097582510254752,0.0989508577224973,0.39129087913532035,0.11846737189015488,0.11846737189015488,5,1
MU,2018-07-09,0.062499138220043146,0.26063023721753764,0.676870603132267,0.6143714649122238,-0.6143714649122238,5,1
MU,2018-07-10,0.7369583677754948,0.24864136330071082,0.014400251188088117,0.7225581165874068,0.7225581165874068,5,1
MU,2018-07-11,0.5780280841642205,0.40496048040808963,0.01701144870447154,0.5610166354597489,0.5610166354597489,5,1
MU,2018-07-12,0.09643642993406037,0.2318771135897768,0.6716864355154442,0.5752500055813838,-0.5752500055813838,5,1
MU,2018-07-13,0.3371484155216647,0.19381889529250815,0.4690327375621447,0.13188432204048,-0.13188432204048,5,1
MU,2018-07-16,0.5243854197213692,0.2515543494102501,0.22406022043726098,0.3003251992841082,0.3003251992841082,5,1
MU,2018-07-17,0.5527747418186449,0.16742925551921423,0.27979600347361605,0.2729787383450289,0.2729787383450289,5,1
MU,2018-07-18,0.14478314177386242,0.161044190634774,0.6941726990030896,0.5493895572292272,-0.5493895572292272,5,1
MU,2018-07-19,0.10213250102459298,0.15463198299920902,0.7432354994575382,0.6411029984329453,-0.6411029984329453,5,1
MU,2018-07-20,0.2140706088408395,0.1679454072145088,0.6179839773780685,0.40391336853722903,-0.40391336853722903,3,1
MU,2018-07-23,0.3887957869129109,0.3228680812869828,0.28833611965175143,0.10045966726115946,0.10045966726115946,5,1
MU,2018-07-24,0.33391981536089177,0.6510443553374538,0.015035819755046535,0.31888399560584524,0.31888399560584524,3,1
MU,2018-07-25,0.48002465115426146,0.2074204748943645,0.31255490210563747,0.167469749048624,0.167469749048624,5,1
MU,2018-07-26,0.39925310179145224,0.08343447610723817,0.5173123774338309,0.11805927564237861,-0.11805927564237861,4,1
MU,2018-07-27,0.16030028715777372,0.8209753192515349,0.018724422077425775,0.14157586508034795,0.14157586508034795,5,1
MU,2018-07-30,0.044493038538378125,0.2284475967771266,0.7270594210128092,0.682566382474431,-0.682566382474431,3,1
MU,2018-07-31,0.7760932060301631,0.14027680618186067,0.08363000248546515,0.6924632035446979,0.6924632035446979,5,1
MU,2018-08-01,0.5347021022711761,0.06103887246051887,0.40425903196794655,0.13044307030322955,0.13044307030322955,5,1
MU,2018-08-02,0.6607142766128907,0.19304982080697566,0.14623591936922334,0.5144783572436674,0.5144783572436674,4,1
MU,2018-08-03,0.5525278650452464,0.2766177429806635,0.1708543894637804,0.381673475581466,0.381673475581466,5,1
MU,2018-08-06,0.6653700137284946,0.30940328924199356,0.025226668906885328,0.6401433448216093,0.6401433448216093,3,1
MU,2018-08-07,0.6508253106792085,0.30368348526344807,0.04549117785085844,0.60533413282835,0.60533413282835,4,1
MU,2018-08-08,0.46164320733993314,0.09001146595396946,0.44834534566396683,0.013297861675966305,0.013297861675966305,4,1
MU,2018-08-09,0.6929743141391689,0.28349672274271687,0.023528986754279706,0.6694453273848892,0.6694453273848892,5,1
MU,2018-08-10,0.6770260948967385,0.30914626680671947,0.013827590939100685,0.6631985039576378,0.6631985039576378,5,1
MU,2018-08-13,0.31387913348826707,0.6753939934213266,0.010726883757716821,0.30315224973055027,0.30315224973055027,3,1
MU,2018-08-14,0.4774225452813318,0.2531770995272352,0.2694003635723429,0.2080221817089889,0.2080221817089889,5,1
MU,2018-08-15,0.20215031260772917,0.06693046764501995,0.7309192294931393,0.5287689168854101,-0.5287689168854101,5,1
MU,2018-08-16,0.2011502058961081,0.04759217377159678,0.7512576297138363,0.5501074238177281,-0.5501074238177281,4,1
MU,2018-08-17,0.2378279787096276,0.04485836446244821,0.7173136818529444,0.47948570314331684,-0.47948570314331684,5,1
MU,2018-08-20,0.6214644133576429,0.3594542278038946,0.019081377146109406,0.6023830362115336,0.6023830362115336,4,1
MU,2018-08-21,0.08978123127694858,0.28651363008208247,0.6237051224428027,0.5339238911658541,-0.5339238911658541,5,1
MU,2018-08-22,0.5387219069731776,0.14445232129084826,0.3168258094686707,0.22189609750450684,0.22189609750450684,4,1
MU,2018-08-23,0.021284399554133415,0.9291889071464539,0.0495266392827034,0.028242239728569984,-0.028242239728569984,1,1
MU,2018-08-24,0.0,0.0,0.0,0.0,0.0,0,0
MU,2018-08-27,0.894971489906311,0.030564673244953156,0.0744638592004776,0.8205076307058334,0.8205076307058334,1,1
MU,2018-08-28,0.0,0.0,0.0,0.0,0.0,0,0
MU,2018-08-29,0.5006354700702741,0.1078891136184749,0.3914754391278019,0.10916003094247217,0.10916003094247217,3,1
MU,2018-08-30,0.010203381357734674,0.09307510656637784,0.8967214528456946,0.8865180714879599,-0.8865180714879599,2,1
MU,2018-08-31,0.20165793862395368,0.7575743440842634,0.040767716160013616,0.16089022246394005,0.16089022246394005,5,1
MU,2018-09-04,0.5250844887960507,0.06046837857386741,0.41444710442817856,0.11063738436787218,0.11063738436787218,5,1
MU,2018-09-05,0.0199035126219678,0.32056622735007984,0.6595302438315054,0.6396267312095376,-0.6396267312095376,3,1
MU,2018-09-06,0.00889572931839632,0.02193627648919363,0.9691680266107866,0.9602722972923903,-0.9602722972923903,5,1
MU,2018-09-07,0.18973960434566023,0.01998105217755497,0.7902793676638404,0.6005397633181802,-0.6005397633181802,5,1
MU,2018-09-10,0.036861304954099935,0.5007372358083827,0.46240147730595077,0.4255401723518508,-0.4255401723518508,3,1
MU,2018-09-11,0.014401449306998888,0.025344469470986414,0.960254062484018,0.9458526131770191,-0.9458526131770191,5,1
MU,2018-09-12,0.011144900172647073,0.019861877099102067,0.9689932025968473,0.9578483024242003,-0.9578483024242003,5,1
MU,2018-09-13,0.6796231928724893,0.06063993355666533,0.25973689042462317,0.4198863024478661,0.4198863024478661,5,1
MU,2018-09-14,0.40143505251276596,0.08240619461666467,0.5161587421586621,0.11472368964589613,-0.11472368964589613,5,1
MU,2018-09-17,0.16142924098937447,0.03627483306262402,0.802295898452453,0.6408666574630785,-0.6408666574630785,5,1
MU,2018-09-18,0.30411487460057285,0.06407672783481488,0.631808379749554,0.3276935051489811,-0.3276935051489811,5,1
MU,2018-09-19,0.03270746558802722,0.09034520278437017,0.8769472935778423,0.8442398279898151,-0.8442398279898151,3,1
MU,2018-09-20,0.379297642748214,0.023732913146276933,0.5969694192843125,0.21767177653609848,-0.21767177653609848,5,1
MU,2018-09-21,0.19468908376696317,0.02172321502745722,0.783587702371722,0.5888986186047589,-0.5888986186047589,5,1
MU,2018-09-24,0.5540697576698342,0.01774896882795268,0.42818122689098886,0.12588853077884538,0.12588853077884538,5,1
MU,2018-09-25,0.0454256609082222,0.9397439956665039,0.014830352738499641,0.030595308169722557,0.030595308169722557,1,1
NVDA,2022-12-19,0.2377465208979,0.1171223310468007,0.6451311634854874,0.4073846425875874,-0.4073846425875874,5,1
NVDA,2022-12-20,0.3137556371619564,0.16067576652297566,0.5255686180345993,0.2118129808726429,-0.2118129808726429,4,1
NVDA,2022-12-21,0.7222173243690319,0.10703015173245378,0.1707524941592294,0.5514648302098024,0.5514648302098024,5,1
NVDA,2022-12-22,0.012407188070064771,0.07124937761685689,0.9163434688702509,0.9039362808001861,-0.9039362808001861,5,1
NVDA,2022-12-23,0.026984532273086424,0.024632453692803955,0.9483830103144285,0.9213984780413421,-0.9213984780413421,5,1
NVDA,2022-12-27,0.21563594074266063,0.06434679137167945,0.7200172662119184,0.5043813254692577,-0.5043813254692577,5,1
NVDA,2022-12-28,0.26744483375326017,0.08467880165378455,0.6478764144753453,0.3804315807220851,-0.3804315807220851,5,1
NVDA,2022-12-29,0.7368295353481475,0.22798501478055955,0.035185401445673156,0.7016441339024744,0.7016441339024744,3,1
NVDA,2022-12-30,0.014819013322143738,0.01899160003170155,0.9661894108792689,0.9513703975571252,-0.9513703975571252,5,1
NVDA,2023-01-03,0.744439281559014,0.23451579648640375,0.021044944772210503,0.7233943367868034,0.7233943367868034,5,1
NVDA,2023-01-04,0.022086501675162667,0.1350765667413731,0.8428369166617066,0.8207504149865439,-0.8207504149865439,5,1
NVDA,2023-01-05,0.35198590898442417,0.13774522675809558,0.5102688527476367,0.1582829437632125,-0.1582829437632125,5,1
NVDA,2023-01-06,0.3143205868987232,0.15515240763154708,0.5305270136719087,0.21620642677318547,-0.21620642677318547,5,1
NVDA,2023-01-09,0.08883528376818879,0.03878983920741244,0.8723748720736136,0.7835395883054248,-0.7835395883054248,5,1
NVDA,2023-01-10,0.43323310042270163,0.19310386539796706,0.37366303166155157,0.05957006876115006,0.05957006876115006,5,1
NVDA,2023-01-11,0.45871642685282177,0.07953955482668193,0.46174397894739105,0.0030275520945692858,-0.0030275520945692858,4,1
NVDA,2023-01-12,0.06059685026826291,0.18440458476126584,0.7549986189900714,0.6944017687218085,-0.6944017687218085,3,1
NVDA,2023-01-13,0.5354268497857407,0.05093959767180662,0.4136335279295656,0.12179332185617514,0.12179332185617514,5,1
NVDA,2023-01-17,0.5247927840174054,0.14029609367710474,0.3349110728582581,0.18988171115914726,0.18988171115914726,5,1
NVDA,2023-01-18,0.16234877142068754,0.2652618275451689,0.5723893784815658,0.41004060706087825,-0.41004060706087825,3,1
NVDA,2023-01-19,0.3171449357057253,0.1250872449940081,0.5577678312078886,0.24062289550216337,-0.24062289550216337,5,1
NVDA,2023-01-20,0.4412052985497977,0.15904860132970583,0.3997460919243757,0.04145920662542196,0.04145920662542196,5,1
NVDA,2023-01-23,0.511541341490469,0.18071769050329242,0.30774093840364475,0.2038004030868243,0.2038004030868243,5,1
NVDA,2023-01-24,0.22881155430773556,0.04397716751131005,0.7272112794493936,0.498399725141658,-0.498399725141658,5,1
NVDA,2023-01-25,0.7239079408447618,0.21247372760068234,0.06361833594473859,0.6602896049000233,0.6602896049000233,5,1
NVDA,2023-01-26,0.5141792525347821,0.42867856654810144,0.057142166750915345,0.4570370857838668,0.4570370857838668,5,1
NVDA,2023-01-27,0.4065062977073831,0.026617102867563188,0.566876604059686,0.16037030635230287,-0.16037030635230287,5,1
NVDA,2023-01-30,0.2189572094985503,0.2586185824677818,0.5224242173984716,0.30346700789992126,-0.30346700789992126,5,1
NVDA,2023-01-31,0.41640970467654737,0.07070431089524494,0.5128859962862391,0.09647629160969173,-0.09647629160969173,5,1
NVDA,2023-02-01,0.6749202330412787,0.057610164383189215,0.26746958806916554,0.40745064497211314,0.40745064497211314,5,1
NVDA,2023-02-02,0.7501427815312041,0.23241317091642394,0.017444044105010836,0.7326987374261932,0.7326987374261932,5,1
NVDA,2023-02-03,0.6987393820465004,0.1974610910704531,0.10379950048540955,0.5949398815610909,0.5949398815610909,5,1
NVDA,2023-02-06,0.5261637046212837,0.4606509389046412,0.01318532367047106,0.5129783809508126,0.5129783809508126,5,1
NVDA,2023-02-07,0.0789335832254484,0.0691112660218284,0.8519551340745285,0.7730215508490801,-0.7730215508490801,2,1
NVDA,2023-02-08,0.7734312278697401,0.2019771157743625,0.02459166801580245,0.7488395598539376,0.7488395598539376,5,1
NVDA,2023-02-09,0.19915252823384122,0.08898636154774636,0.7118611174085067,0.5127085891746654,-0.5127085891746654,5,1
NVDA,2023-02-10,0.3062719141553374,0.025787843781139384,0.6679402281366249,0.3616683139812875,-0.3616683139812875,5,1
NVDA,2023-02-13,0.7344732146882413,0.02254208609861778,0.2429847009280912,0.4914885137601501,0.4914885137601501,5,1
NVDA,2023-02-14,0.9132139604258598,0.04214906626104598,0.044637001064326484,0.8685769593615333,0.8685769593615333,5,1
NVDA,2023-02-15,0.6786221581454116,0.11609212383746434,0.2052857314381842,0.4733364267072274,0.4733364267072274,5,1
NVDA,2023-02-16,0.16550747092822013,0.2100416376611292,0.6244508666633649,0.45894339573514475,-0.45894339573514475,5,1
NVDA,2023-02-17,0.16561543184149843,0.041292132217277906,0.7930924217895078,0.6274769899480094,-0.6274769899480094,5,1
NVDA,2023-02-21,0.5634664975975864,0.050421840156544856,0.3861116647879752,0.17735483280961117,0.17735483280961117,5,1
NVDA,2023-02-22,0.3787454810194119,0.03603907787681125,0.5852154512987023,0.20646997027929043,-0.20646997027929043,5,1
NVDA,2023-02-23,0.37911936160735604,0.024610582155904847,0.5962700759229156,0.21715071431555955,-0.21715071431555955,5,1
NVDA,2023-02-24,0.014484603237960799,0.01886709791333044,0.9666482917126056,0.9521636884746448,-0.9521636884746448,5,1
NVDA,2023-02-27,0.3790117085009426,0.029316269996532467,0.591672014689044,0.21266030618810133,-0.21266030618810133,5,1
NVDA,2023-02-28,0.4979688616130621,0.0887937228056273,0.4132374488314049,0.08473141278165719,0.08473141278165719,5,1
NVDA,2023-03-01,0.5092473730870192,0.10744004203076779,0.38331258780557054,0.12593478528144864,0.12593478528144864,5,1
NVDA,2023-03-02,0.7515040929848102,0.04218473077384175,0.20631117009674618,0.5451929228880641,0.5451929228880641,5,1
NVDA,2023-03-03,0.7226790547555244,0.13960208970620022,0.13771882617140552,0.5849602285841189,0.5849602285841189,5,1
NVDA,2023-03-06,0.6105238588210493,0.17587613194799714,0.21359996105581733,0.39692389776523196,0.39692389776523196,5,1
NVDA,2023-03-07,0.2849433574207104,0.1337189491204535,0.5813376808838491,0.29639432346313865,-0.29639432346313865,5,1
NVDA,2023-03-08,0.6011464082739714,0.14177499977763786,0.2570785954089655,0.3440678128650059,0.3440678128650059,5,1
NVDA,2023-03-09,0.4384826683107937,0.11186285375537074,0.4496544682580728,0.011171799947279126,-0.011171799947279126,5,1
NVDA,2023-03-10,0.5396202640967523,0.17999211856343802,0.28038763536443667,0.2592326287323157,0.2592326287323157,5,1
NVDA,2023-03-13,0.523450760783569,0.14455398801486305,0.33199527636457987,0.19145548441898913,0.19145548441898913,5,1
NVDA,2023-03-14,0.6913131774986946,0.18851853661047982,0.12016832582123096,0.5711448516774636,0.5711448516774636,5,1
NVDA,2023-03-15,0.7875977132132714,0.19138619449412583,0.02101608804501454,0.7665816251682569,0.7665816251682569,5,1
NVDA,2023-03-16,0.7169303861238003,0.05520961826398662,0.22785997843232497,0.48907040769147536,0.48907040769147536,5,1
NVDA,2023-03-17,0.579670110861988,0.04367190001255963,0.376657996591791,0.20301211427019705,0.20301211427019705,5,1
NVDA,2023-03-20,0.1030705739089416,0.3313561753275466,0.5655732449244574,0.4625026710155158,-0.4625026710155158,5,1
NVDA,2023-03-21,0.9244569272846734,0.04735629635471373,0.028186741306865503,0.8962701859778079,0.8962701859778079,5,1
NVDA,2023-03-22,0.9464458863855263,0.037640616091816397,0.015913502230608022,0.9305323841549182,0.9305323841549182,5,1
NVDA,2023-03-23,0.7240642412531562,0.03472715164146413,0.24120859100396994,0.4828556502491862,0.4828556502491862,5,1
NVDA,2023-03-24,0.5367946232600065,0.04471327504209396,0.41849209931692,0.11830252394308649,0.11830252394308649,5,1
NVDA,2023-03-27,0.5965165691976176,0.3894941957440803,0.013989223360411019,0.5825273458372067,0.5825273458372067,5,1
NVDA,2023-03-28,0.48451606279493215,0.262534396913207,0.2529495230235504,0.23156653977138175,0.23156653977138175,5,1
NVDA,2023-03-29,0.7107231460276869,0.18113412043854057,0.1081427456000107,0.6025804004276762,0.6025804004276762,5,1
NVDA,2023-03-30,0.6986306395474068,0.0910439690538785,0.2103253791739608,0.488305260373446,0.488305260373446,5,1
NVDA,2023-03-31,0.5362718565777269,0.05214336776589546,0.4115848000525326,0.1246870565251943,0.1246870565251943,5,1
NVDA,2023-04-03,0.9291981716478103,0.049445612586853864,0.021356188218553736,0.9078419834292565,0.9078419834292565,5,1
NVDA,2023-04-04,0.6056068570309185,0.1261278796755696,0.268265280318611,0.3373415767123075,0.3373415767123075,5,1
NVDA,2023-04-05,0.011654490075404896,0.015178767760063995,0.9731667567558542,0.9615122666804493,-0.9615122666804493,5,1
NVDA,2023-04-06,0.1985308321926057,0.020693949020464605,0.7807752207740278,0.5822443885814221,-0.5822443885814221,5,1
NVDA,2023-04-10,0.6020521103674354,0.3261438639551615,0.07180404191116788,0.5302480684562676,0.5302480684562676,5,1
NVDA,2023-04-11,0.9141243448102859,0.0730023650735001,0.012873277971964305,0.9012510668383216,0.9012510668383216,5,1
NVDA,2023-04-12,0.7487794893893969,0.034369374748045654,0.21685114208193795,0.531928347307459,0.531928347307459,5,1
NVDA,2023-04-13,0.3706120710965644,0.043610322757828425,0.5857776077398045,0.21516553664324006,-0.21516553664324006,5,1
NVDA,2023-04-14,0.7379388981487501,0.06356615966622657,0.19849497952194098,0.5394439186268092,0.5394439186268092,5,1
NVDA,2023-04-17,0.5342566394794019,0.17645321078032544,0.2892901436046108,0.24496649587479113,0.24496649587479113,5,1
NVDA,2023-04-18,0.7428583034422507,0.03195494972718559,0.22518674757381055,0.5176715558684402,0.5176715558684402,5,1
NVDA,2023-04-19,0.33894776688559364,0.1519047404841692,0.5091474728910356,0.17019970600544193,-0.17019970600544193,5,1
NVDA,2023-04-20,0.3608465939022613,0.13309147186184667,0.5060619268967592,0.1452153329944979,-0.1452153329944979,5,1
NVDA,2023-04-21,0.5678979116888899,0.03433249936682231,0.39776956541241765,0.17012834627647228,0.17012834627647228,5,1
NVDA,2023-04-24,0.5702230398764285,0.17548359043718315,0.25429337027428855,0.31592966960214,0.31592966960214,5,1
NVDA,2023-04-25,0.010370563347055606,0.017981221465534162,0.9716482121135617,0.961277648766506,-0.961277648766506,5,1
NVDA,2023-04-26,0.5650031196046952,0.06228145430123955,0.3727154043627827,0.19228771524191246,0.19228771524191246,5,1
NVDA,2023-04-27,0.38457934218516426,0.02346168129659314,0.5919589849106457,0.20737964272548143,-0.20737964272548143,5,1
NVDA,2023-04-28,0.5580638681805744,0.03954376446514458,0.4023923744559753,0.1556714937245991,0.1556714937245991,5,1
NVDA,2023-05-01,0.6266374965602635,0.10211738360587895,0.271245108573269,0.35539238798699446,0.35539238798699446,5,1
NVDA,2023-05-02,0.22621124937711987,0.3560698403171203,0.41771890440045484,0.19150765502333497,-0.19150765502333497,5,1
NVDA,2023-05-03,0.5614247967006946,0.033822876855504336,0.40475233458086035,0.1566724621198342,0.1566724621198342,5,1
NVDA,2023-05-04,0.7593950070512028,0.2175243060915295,0.023080702776864026,0.7363143042743387,0.7363143042743387,5,1
NVDA,2023-05-05,0.9119078693792075,0.07170981822010124,0.0163822900219958,0.8955255793572118,0.8955255793572118,5,1
NVDA,2023-05-08,0.8564041428982735,0.11774061089799558,0.02585520650948736,0.8305489363887861,0.8305489363887861,5,1
NVDA,2023-05-09,0.2013852995982375,0.15760355098061576,0.6410111397854088,0.4396258401871713,-0.4396258401871713,5,1
NVDA,2023-05-10,0.6929223483623349,0.29750114839040587,0.009576486646751304,0.6833458617155836,0.6833458617155836,5,1
NVDA,2023-05-11,0.38826569052426746,0.027198916644822175,0.584535431481213,0.19626974095694555,-0.19626974095694555,5,1
NVDA,2023-05-12,0.8885160762802594,0.09999160000722315,0.011492305804536926,0.8770237704757224,0.8770237704757224,5,1
NVDA,2023-05-15,0.20341687089669097,0.36338448810255647,0.43319861519279373,0.22978174429610276,-0.22978174429610276,5,1
NVDA,2023-05-16,0.5888511479160485,0.1578145064335194,0.25333433342659345,0.3355168144894551,0.3355168144894551,5,1
NVDA,2023-05-17,0.4146272935890523,0.1399553956454264,0.4454172980688337,0.030790004479781363,-0.030790004479781363,5,1
NVDA,2023-05-18,0.7344633693994228,0.050538452067875744,0.21499816997929339,0.5194651994201294,0.5194651994201294,5,1
NVDA,2023-05-19,0.7520875433787728,0.04017260329942456,0.2077398553424691,0.5443476880363037,0.5443476880363037,5,1
NVDA,2023-05-22,0.010995298692345423,0.020402760523287912,0.9686019400499646,0.9576066413576192,-0.9576066413576192,5,1
NVDA,2023-05-23,0.5086736483065006,0.09478067745800964,0.3965457134675361,0.11212793483896455,0.11212793483896455,5,1
NVDA,2023-05-24,0.009139982362811104,0.018279190402238448,0.9725808471420619,0.9634408647792508,-0.9634408647792508,5,1
NVDA,2023-05-25,0.011879928101989642,0.02328322633160251,0.9648368330417146,0.952956904939725,-0.952956904939725,5,1
NVDA,2023-05-26,0.2014640465558089,0.024358585851702346,0.7741773711289544,0.5727133245731455,-0.5727133245731455,5,1
NVDA,2023-05-30,0.38589691490285855,0.023270922803054147,0.5908321649829948,0.2049352500801363,-0.2049352500801363,5,1
NVDA,2023-05-31,0.012574516413201876,0.019953041395963215,0.9674724119661293,0.9548978955529275,-0.9548978955529275,5,1
NVDA,2023-06-01,0.5654051048968075,0.025889658714106936,0.40870522825968125,0.15669987663712626,0.15669987663712626,5,1
NVDA,2023-06-02,0.9368789698799894,0.043690090172630563,0.019430919184103838,0.9174480506958855,0.9174480506958855,5,1
NVDA,2023-06-05,0.5458182261425024,0.06439993334516207,0.3897818112404932,0.1560364149020092,0.1560364149020092,5,1
NVDA,2023-06-06,0.67088029500849,0.10620381898327196,0.2229158837137472,0.4479644112947428,0.4479644112947428,5,1
NVDA,2023-06-07,0.7170548116454962,0.06074320421131321,0.22220199329246482,0.4948528183530314,0.4948528183530314,5,1
NVDA,2023-06-08,0.18394582661654588,0.02974081443757012,0.7863133617455076,0.6023675351289617,-0.6023675351289617,5,1
NVDA,2023-06-09,0.5618304312052519,0.03104796461989815,0.40712162687828696,0.15470880432696493,0.15470880432696493,5,1
NVDA,2023-06-12,0.9223719193045532,0.050146467409019985,0.027481612805848613,0.8948903064987046,0.8948903064987046,5,1
NVDA,2023-06-13,0.9434418399588628,0.03464673240016062,0.021911450498504757,0.921530389460358,0.921530389460358,5,1
NVDA,2023-06-14,0.6952285435171439,0.08811359576642253,0.2166578565631231,0.47857068695402083,0.47857068695402083,5,1
NVDA,2023-06-15,0.361294171257681,0.03722238810612689,0.6014834396215186,0.24018926836383764,-0.24018926836383764,5,1
NVDA,2023-06-16,0.9487191211445913,0.03369686895354156,0.01758399076146145,0.9311351303831299,0.9311351303831299,5,1
NVDA,2023-06-20,0.5523992153971109,0.04052306945942753,0.40707771824638095,0.14532149715072995,0.14532149715072995,5,1
NVDA,2023-06-21,0.38976743339844705,0.025754336055652798,0.5844782381224012,0.19471080472395413,-0.19471080472395413,5,1
NVDA,2023-06-22,0.7261033526811808,0.048524718156555104,0.22537191994578926,0.5007314327353916,0.5007314327353916,5,1
NVDA,2023-06-23,0.19958932894106798,0.020888140191398168,0.7795225296820184,0.5799332007409504,-0.5799332007409504,5,1
NVDA,2023-06-26,0.5074285177760932,0.08434518961362017,0.4082263075325952,0.09920221024349801,0.09920221024349801,5,1
NVDA,2023-06-27,0.7487568643012433,0.031165448329865796,0.22007772259233227,0.5286791417089111,0.5286791417089111,5,1
NVDA,2023-06-28,0.009313535927378377,0.020370291331692852,0.9703161618815098,0.9610026259541314,-0.9610026259541314,5,1
NVDA,2023-06-29,0.3725943827695189,0.026426048896896915,0.6009796149172143,0.2283852321476954,-0.2283852321476954,5,1
NVDA,2023-06-30,0.94561356229709,0.03760401756769053,0.016782421038859578,0.9288311412582304,0.9288311412582304,5,1
NVDA,2023-07-03,0.9475138527689865,0.034027324895336254,0.01845880797915877,0.9290550447898277,0.9290550447898277,5,1
NVDA,2023-07-05,0.023203434217423578,0.016489113521096898,0.9603074772191403,0.9371040430017168,-0.9371040430017168,5,1
NVDA,2023-07-06,0.4218217312101042,0.05806994148651234,0.5201083331133244,0.0982866019032202,-0.0982866019032202,5,1
NVDA,2023-07-07,0.19464251082592637,0.022948173721558274,0.782409323727836,0.5877668129019096,-0.5877668129019096,5,1
NVDA,2023-07-10,0.8078039610100122,0.16071135021678568,0.031484685537190804,0.7763192754728214,0.7763192754728214,5,1
NVDA,2023-07-11,0.8912577482327406,0.09607648612950241,0.012665774404562158,0.8785919738281784,0.8785919738281784,5,1
NVDA,2023-07-12,0.9394559195150086,0.034925177431796295,0.025618891824707803,0.9138370276903008,0.9138370276903008,5,1
NVDA,2023-07-13,0.7559981270292786,0.02863514772059657,0.21536671669473614,0.5406314103345424,0.5406314103345424,5,1
NVDA,2023-07-14,0.7546091957018781,0.03976077905968367,0.20563004634837462,0.5489791493535034,0.5489791493535034,5,1
NVDA,2023-07-17,0.7091394108898478,0.17721592720746338,0.11364465374943411,0.5954947571404137,0.5954947571404137,5,1
NVDA,2023-07-18,0.5595316051739182,0.04283965832681041,0.3976287325002077,0.1619028726737105,0.1619028726737105,5,1
NVDA,2023-07-19,0.5649624344893042,0.060710290997372574,0.37432731544125164,0.19063511904805253,0.19063511904805253,5,1
NVDA,2023-07-20,0.5606364990054646,0.036012205992985866,0.4033513193024125,0.1572851797030521,0.1572851797030521,5,1
NVDA,2023-07-21,0.5645924365855176,0.05765767235145274,0.3777498608322,0.18684257575331759,0.18684257575331759,5,1
NVDA,2023-07-24,0.7338520383162858,0.04199383952057023,0.2241540745217453,0.5096979637945405,0.5096979637945405,5,1
NVDA,2023-07-25,0.9267133298902229,0.05631331166084192,0.01697334761818551,0.9097399822720375,0.9097399822720375,5,1
NVDA,2023-07-26,0.7540137526534934,0.05253900300705932,0.19344723777916062,0.5605665148743327,0.5605665148743327,5,1
NVDA,2023-07-27,0.7479520129799512,0.03598186921262723,0.21606611580055335,0.5318858971793978,0.5318858971793978,5,1
NVDA,2023-07-28,0.7351767140565972,0.041782457727076484,0.22304082866558042,0.5121358853910168,0.5121358853910168,5,1
NVDA,2023-07-31,0.7216561073262744,0.07198855015810231,0.2063553528331732,0.5153007544931012,0.5153007544931012,5,1
NVDA,2023-08-01,0.5781367184050874,0.04847895550697289,0.3733843521128672,0.2047523662922202,0.2047523662922202,5,1
NVDA,2023-08-02,0.013575360853718386,0.016432633836104018,0.9699919715323689,0.9564166106786506,-0.9564166106786506,5,1
NVDA,2023-08-03,0.012830105495869359,0.017517684589486136,0.9696522089771399,0.9568221034812705,-0.9568221034812705,5,1
NVDA,2023-08-04,0.37250995939522114,0.054509062615007806,0.5729809446954955,0.2004709853002744,-0.2004709853002744,5,1
NVDA,2023-08-07,0.20272140463375746,0.03753121927195029,0.7597473797846671,0.5570259751509097,-0.5570259751509097,5,1
NVDA,2023-08-08,0.6934920078557301,0.08870552929638661,0.21780245370450746,0.4756895541512226,0.4756895541512226,5,1
NVDA,2023-08-09,0.008024521977053941,0.01766150791571124,0.9743139929150343,0.9662894709379803,-0.9662894709379803,5,1
NVDA,2023-08-10,0.19851627608329986,0.019698921293015058,0.7817847998973884,0.5832685238140884,-0.5832685238140884,5,1
NVDA,2023-08-11,0.011645117852968543,0.01641962365169332,0.9719352510747618,0.9602901332217932,-0.9602901332217932,5,1
NVDA,2023-08-14,0.5693996577859061,0.023160414357094827,0.4074399427267233,0.16195971505918277,0.16195971505918277,5,1
NVDA,2023-08-15,0.01321475419623417,0.01497582279367515,0.9718094460934272,0.958594691897193,-0.958594691897193,5,1
NVDA,2023-08-16,0.3807547658263389,0.031148011909768975,0.588097201323055,0.2073424354967161,-0.2073424354967161,5,1
NVDA,2023-08-17,0.35722124650237475,0.044943966775358904,0.5978347524080618,0.2406135059056871,-0.2406135059056871,5,1
NVDA,2023-08-18,0.3837677046050886,0.02110178709484983,0.5951305124391986,0.21136280783411,-0.21136280783411,5,1
NVDA,2023-08-21,0.7550059594913382,0.027544822531502252,0.2174492226759638,0.5375567368153744,0.5375567368153744,5,1
NVDA,2023-08-22,0.19454517427752546,0.019684534113651352,0.7857702871586351,0.5912251128811096,-0.5912251128811096,5,1
NVDA,2023-08-23,0.5685285672823035,0.026262836517572836,0.4052086054028839,0.1633199618794196,0.1633199618794196,5,1
NVDA,2023-08-24,0.012888183628199403,0.014996379414917665,0.9721154054826971,0.9592272218544977,-0.9592272218544977,5,1
NVDA,2023-08-25,0.014304568575881142,0.021574826256355217,0.9641206212067359,0.9498160526308548,-0.9498160526308548,5,1
NVDA,2023-08-28,0.5619396551034906,0.03170969684287475,0.4063506308388256,0.15558902426466503,0.15558902426466503,5,1
NVDA,2023-08-29,0.5746507229363862,0.02938009225796969,0.3959692195187367,0.1786815034176495,0.1786815034176495,5,1
NVDA,2023-08-30,0.74541761135496,0.0485773179004119,0.20600510464705976,0.5394125067079002,0.5394125067079002,5,1
NVDA,2023-08-31,0.7622542503530243,0.02728476206864974,0.21046098221510415,0.5517932681379202,0.5517932681379202,5,1
NVDA,2023-09-01,0.3755796416847771,0.019509669318921927,0.6049107120687319,0.22933107038395484,-0.22933107038395484,5,1
NVDA,2023-09-05,0.01705102721011617,0.019157434118544123,0.9637915610477438,0.9467405338376276,-0.9467405338376276,5,1
NVDA,2023-09-06,0.010522318023641883,0.016338989630946883,0.9731387180319732,0.9626164000083313,-0.9626164000083313,5,1
NVDA,2023-09-07,0.008585520639068214,0.01674451356208325,0.9746699497896217,0.9660844291505535,-0.9660844291505535,5,1
NVDA,2023-09-08,0.7456340231003828,0.038625882534888765,0.21574010940106178,0.529893913699321,0.529893913699321,5,1
NVDA,2023-09-11,0.3715861780211817,0.026846775481851198,0.6015670511154642,0.22998087309428245,-0.22998087309428245,5,1
NVDA,2023-09-12,0.762603746753296,0.039791841028762126,0.19760440211285754,0.5649993446404384,0.5649993446404384,5,1
NVDA,2023-09-13,0.9268513733115564,0.05980356981806378,0.01334504390556014,0.9135063294059963,0.9135063294059963,5,1
NVDA,2023-09-14,0.7545308012244211,0.03063338283415008,0.2148358000325084,0.5396950011919126,0.5396950011919126,5,1
NVDA,2023-09-15,0.19363372827245842,0.018912599186406993,0.7874536927278875,0.5938199644554291,-0.5938199644554291,5,1
NVDA,2023-09-18,0.19607739985472727,0.02942092165612283,0.7745016863651737,0.5784242865104464,-0.5784242865104464,5,1
NVDA,2023-09-19,0.37437529450592577,0.03414395293644546,0.5914807738437804,0.21710547933785462,-0.21710547933785462,5,1
NVDA,2023-09-20,0.5622746708934486,0.029814501340277424,0.40791084727151883,0.1543638236219298,0.1543638236219298,5,1
NVDA,2023-09-21,0.011808268491370701,0.015775817799566775,0.9724158881985069,0.9606076197071362,-0.9606076197071362,5,1
NVDA,2023-09-22,0.011548648112109518,0.021153555776264852,0.967297807988598,0.9557491598764885,-0.9557491598764885,5,1
NVDA,2023-09-25,0.2065914752465601,0.015517762626990911,0.7778907553761015,0.5712992801295415,-0.5712992801295415,5,1
NVDA,2023-09-26,0.2163587109799967,0.08946835044831665,0.6941729406527026,0.4778142296727059,-0.4778142296727059,5,1
NVDA,2023-09-27,0.3779606427412445,0.02896913563447921,0.5930702043542483,0.21510956161300376,-0.21510956161300376,5,1
NVDA,2023-09-28,0.3480929868285091,0.04799162341370127,0.6039154077691551,0.255822420940646,-0.255822420940646,5,1
NVDA,2023-09-29,0.3799882251041365,0.025280197144452805,0.5947315835130893,0.2147433584089528,-0.2147433584089528,5,1
NVDA,2023-10-02,0.02136949267120438,0.01621806153862126,0.9624124624783351,0.9410429698071308,-0.9410429698071308,5,1
NVDA,2023-10-03,0.38159960589550973,0.030334068856140924,0.5880663615344723,0.2064667556389626,-0.2064667556389626,5,1
NVDA,2023-10-04,0.36584824071563965,0.028541290377073467,0.6056104567147201,0.23976221599908049,-0.23976221599908049,5,1
NVDA,2023-10-05,0.5737121712497381,0.03836177813989281,0.38792602806295123,0.18578614318678682,0.18578614318678682,5,1
NVDA,2023-10-06,0.3780066130162873,0.024950992248794022,0.5970423891827278,0.2190357761664405,-0.2190357761664405,5,1
NVDA,2023-10-09,0.013600192207081717,0.016699773936141193,0.9697000466124527,0.9560998544053709,-0.9560998544053709,5,1
NVDA,2023-10-10,0.9269027588186818,0.05280756663818503,0.020289695115431425,0.9066130637032503,0.9066130637032503,5,1
NVDA,2023-10-11,0.9468666498640536,0.0387618847545174,0.014371418925712818,0.9324952309383407,0.9324952309383407,5,1
NVDA,2023-10-12,0.5732033431574287,0.027275842547214373,0.3995207891479411,0.17368255400948762,0.17368255400948762,5,1
NVDA,2023-10-13,0.20221170791706036,0.02386455360140424,0.7739237530402554,0.5717120451231951,-0.5717120451231951,5,1
NVDA,2023-10-16,0.3843887213351671,0.037986467445511075,0.5776248154342983,0.19323609409913123,-0.19323609409913123,5,1
NVDA,2023-10-17,0.008900384980673352,0.018905510833283578,0.9721941305077514,0.963293745527078,-0.963293745527078,5,1
NVDA,2023-10-18,0.012310443650032194,0.01595388414750673,0.9717356719958549,0.9594252283458227,-0.9594252283458227,5,1
NVDA,2023-10-19,0.3584755316951562,0.1653441345254892,0.4761803085466298,0.11770477685147357,-0.11770477685147357,5,1
NVDA,2023-10-20,0.748951812797037,0.02432378089968673,0.2267244177325258,0.5222273950645112,0.5222273950645112,5,1
NVDA,2023-10-23,0.75157618013323,0.03734726459696887,0.21107656628642932,0.5404996138468007,0.5404996138468007,5,1
NVDA,2023-10-24,0.5616571129937115,0.04453239770506631,0.3938104811584623,0.16784663183524917,0.16784663183524917,5,1
NVDA,2023-10-25,0.38186397202978883,0.03658339743687904,0.5815526385816228,0.19968866655183393,-0.19968866655183393,5,1
NVDA,2023-10-26,0.42788090995348843,0.11995383803603801,0.4521652282149109,0.024284318261422466,-0.024284318261422466,5,1
NVDA,2023-10-27,0.5736584092649563,0.023520814648485235,0.40282077527408056,0.1708376339908757,0.1708376339908757,5,1
NVDA,2023-10-30,0.5671512536433025,0.05641011484413445,0.3764386414098827,0.19071261223341984,0.19071261223341984,5,1
NVDA,2023-10-31,0.00947411938853107,0.017816133811509947,0.9727097309709752,0.9632356115824442,-0.9632356115824442,5,1
NVDA,2023-11-01,0.3974780074143049,0.022674603369031866,0.579847396779008,0.1823693893647031,-0.1823693893647031,5,1
NVDA,2023-11-02,0.9282455871706041,0.05418172112221114,0.01757266448371929,0.9106729226868848,0.9106729226868848,5,1
NVDA,2023-11-03,0.7404966716332145,0.03995991045854314,0.21954343552037514,0.5209532361128394,0.5209532361128394,5,1
NVDA,2023-11-06,0.910722097564768,0.06292158773853021,0.026356301850578988,0.8843657957141889,0.8843657957141889,5,1
NVDA,2023-11-07,0.7371033895191146,0.050760274060875556,0.21213634726570157,0.524967042253413,0.524967042253413,5,1
NVDA,2023-11-08,0.9252535505334912,0.05630072488775244,0.018445724900162573,0.9068078256333286,0.9068078256333286,5,1
NVDA,2023-11-09,0.22776264669778754,0.035847096469067065,0.7363902674245666,0.508627620726779,-0.508627620726779,5,1
NVDA,2023-11-10,0.7616621766023077,0.025605060911588057,0.21273271968371538,0.5489294569185923,0.5489294569185923,5,1
NVDA,2023-11-13,0.9428867871290727,0.04089789464369762,0.016215347214220178,0.9266714399148526,0.9266714399148526,5,1
NVDA,2023-11-14,0.9438577534005511,0.04133274463105974,0.014809526087177146,0.929048227313374,0.929048227313374,5,1
NVDA,2023-11-15,0.715790923134363,0.1051172222673538,0.17909182293803727,0.5366991001963257,0.5366991001963257,5,1
NVDA,2023-11-16,0.7145060241292752,0.05429068872287007,0.23120329934896652,0.48330272478030867,0.48330272478030867,5,1
NVDA,2023-11-17,0.9489279396803311,0.030600946234416525,0.020471093957610792,0.9284568457227202,0.9284568457227202,5,1
NVDA,2023-11-20,0.1921358057898843,0.021286294695378793,0.7865778984474007,0.5944420926575164,-0.5944420926575164,5,1
NVDA,2023-11-21,0.010273572633475038,0.016373020843769945,0.9733534102100269,0.9630798375765518,-0.9630798375765518,5,1
NVDA,2023-11-22,0.013309674821412067,0.021468290836610324,0.9652220244098374,0.9519123495884253,-0.9519123495884253,5,1
NVDA,2023-11-24,0.19445461706255465,0.021355406423116192,0.7841899696381088,0.5897353525755542,-0.5897353525755542,5,1
NVDA,2023-11-27,0.5627803400981425,0.036108120869480294,0.4011115608332515,0.16166877926489098,0.16166877926489098,5,1
NVDA,2023-11-28,0.5392943377352185,0.05081461641029822,0.4098910293114419,0.12940330842377662,0.12940330842377662,5,1
NVDA,2023-11-29,0.9247305910543366,0.05184114339027162,0.023428295352703982,0.9013022957016327,0.9013022957016327,5,1
NVDA,2023-11-30,0.19726708127123524,0.037323604576863595,0.7654093183735561,0.5681422371023208,-0.5681422371023208,5,1
NVDA,2023-12-01,0.9366188189455402,0.040082216174568044,0.0232989859815411,0.9133198329639991,0.9133198329639991,5,1
NVDA,2023-12-04,0.013586087052654823,0.015492033189380987,0.9709218759139425,0.9573357888612877,-0.9573357888612877,5,1
NVDA,2023-12-05,0.013580829873986733,0.01656525747196467,0.9698539043370771,0.9562730744630903,-0.9562730744630903,5,1
NVDA,2023-12-06,0.37220116163170486,0.028322354914524835,0.5994764552028156,0.2272752935711107,-0.2272752935711107,5,1
NVDA,2023-12-07,0.5619767084929217,0.031027607817023028,0.4069957067969418,0.1549810016959799,0.1549810016959799,5,1
NVDA,2023-12-08,0.7480861335608934,0.04162034274845802,0.21029355113847414,0.5377925824224192,0.5377925824224192,5,1
NVDA,2023-12-11,0.8678342112270798,0.12198121471302739,0.010184568387311278,0.8576496428397685,0.8576496428397685,5,1
NVDA,2023-12-12,0.8993277228375605,0.08681481180315159,0.013857479460516327,0.8854702433770442,0.8854702433770442,5,1
NVDA,2023-12-13,0.8457186514285725,0.12879591658382422,0.025485425211542966,0.8202332262170295,0.8202332262170295,5,1
NVDA,2023-12-14,0.9402252404992247,0.04357773794143859,0.016197008462120514,0.9240282320371043,0.9240282320371043,5,1
NVDA,2023-12-15,0.9411367334511608,0.039279682606467435,0.01958357229089837,0.9215531611602624,0.9215531611602624,5,1
PCG,2018-11-09,0.007726869105361197,0.028653406912388567,0.96361971453904,0.9558928454336788,-0.9558928454336788,5,1
PCG,2018-11-12,0.008652978185865594,0.02202137804376662,0.9693256234091469,0.9606726452232812,-0.9606726452232812,5,1
PCG,2018-11-13,0.2481472169397255,0.11175797875424531,0.6400947925511319,0.39194757561140636,-0.39194757561140636,5,1
PCG,2018-11-14,0.00791293129936612,0.022266974415907036,0.9698200898420736,0.9619071585427075,-0.9619071585427075,5,1
PCG,2018-11-15,0.01197492536861955,0.03082312738205736,0.9572019900730141,0.9452270647043945,-0.9452270647043945,5,1
PCG,2018-11-16,0.013872022202009535,0.020277388526094932,0.9658505608011061,0.9519785385990965,-0.9519785385990965,5,1
PCG,2018-11-19,0.013715630588164027,0.021140539650828603,0.9651438222932741,0.9514281917051101,-0.9514281917051101,5,1
PCG,2018-11-20,0.4906717460258795,0.07522268182301517,0.4341056178465411,0.05656612817933837,0.05656612817933837,5,1
PCG,2018-11-21,0.03138576207765564,0.13026141987945922,0.8383528012638128,0.8069670391861572,-0.8069670391861572,5,1
PCG,2018-11-23,0.028044756307815097,0.40734701326309736,0.5646082336078705,0.5365634773000554,-0.5365634773000554,2,1
PCG,2018-11-26,0.4218249310025799,0.13427828155763458,0.4438968135514095,0.02207188254882958,-0.02207188254882958,5,1
PCG,2018-11-27,0.9473134355112198,0.026362265018902736,0.026324318306156395,0.9209891172050634,0.9209891172050634,2,1
PCG,2018-11-28,0.08987578043666494,0.10372396325432687,0.8064002573845889,0.716524476947924,-0.716524476947924,5,1
PCG,2018-11-29,0.33762316147566157,0.18455354552293535,0.4778233225732992,0.1402001610976376,-0.1402001610976376,5,1
PCG,2018-11-30,0.11041853285887902,0.8527526493132748,0.03682885698037462,0.0735896758785044,0.0735896758785044,3,1
PCG,2018-12-03,0.028267644345760345,0.8114655613899231,0.16026677191257477,0.13199912756681442,-0.13199912756681442,1,1
PCG,2018-12-04,0.3588896530539542,0.034063200609001476,0.6070471499100739,0.2481574968561197,-0.2481574968561197,5,1
PCG,2018-12-06,0.09677805751562119,0.8917323350906372,0.011489583179354668,0.08528847433626652,0.08528847433626652,1,1
PCG,2018-12-07,0.025630474090576172,0.9508820176124573,0.023487478494644165,0.002142995595932007,0.002142995595932007,1,1
PCG,2018-12-10,0.4720078216958109,0.05504666660664492,0.47294549402774005,0.0009376723319291513,-0.0009376723319291513,2,1
PCG,2018-12-11,0.024007122533041866,0.10582151690814276,0.870171369984657,0.8461642474516152,-0.8461642474516152,2,1
PCG,2018-12-12,0.4478274999562935,0.30834218462377666,0.24383030941696693,0.20399719053932658,0.20399719053932658,3,1
PCG,2018-12-13,0.7171823382377625,0.1580159068107605,0.12480171769857407,0.5923806205391884,0.5923806205391884,1,1
PCG,2018-12-14,0.0486784295352502,0.0712966365215028,0.8800249628755514,0.8313465333403012,-0.8313465333403012,5,1
PCG,2018-12-17,0.02635725650102266,0.09734808661258598,0.8762946433410613,0.8499373868400387,-0.8499373868400387,5,1
PCG,2018-12-18,0.0,0.0,0.0,0.0,0.0,0,0
PCG,2018-12-19,0.015442100803277336,0.060590421101243803,0.9239674494442558,0.9085253486409784,-0.9085253486409784,2,1
PCG,2018-12-20,0.04051006957888603,0.8935202956199646,0.06596969813108444,0.02545962855219841,-0.02545962855219841,1,1
PCG,2018-12-21,0.058790914714336395,0.8045017123222351,0.1367073655128479,0.0779164507985115,-0.0779164507985115,1,1
PCG,2018-12-24,0.3081519842232795,0.22173232014314906,0.4701157183983874,0.1619637341751079,-0.1619637341751079,5,1
PCG,2018-12-26,0.29764269438879376,0.17964764018560858,0.5227096152140682,0.22506692082527446,-0.22506692082527446,3,1
PCG,2018-12-27,0.008334539922285271,0.020059808922570338,0.9716056912190798,0.9632711512967945,-0.9632711512967945,2,1
PCG,2018-12-28,0.07837829738855362,0.6130314469337463,0.3085903227329254,0.2302120253443718,-0.2302120253443718,1,1
PCG,2018-12-31,0.020099426691413395,0.15555994884383542,0.8243406300723328,0.8042412033809194,-0.8042412033809194,5,1
PCG,2019-01-02,0.01804291730174779,0.05984515464467625,0.9221118609148968,0.904068943613149,-0.904068943613149,4,1
PCG,2019-01-03,0.17817747592926025,0.8083979487419128,0.013424654491245747,0.1647528214380145,0.1647528214380145,1,1
PCG,2019-01-04,0.35963197329570057,0.08939083025651631,0.550977199380336,0.1913452260846354,-0.1913452260846354,5,1
PCG,2019-01-07,0.010695982460945778,0.02705646025390824,0.9622475814711969,0.9515515990102511,-0.9515515990102511,5,1
PCG,2019-01-08,0.010103035446520251,0.01792169684635907,0.9719752608420861,0.9618722253955658,-0.9618722253955658,5,1
PCG,2019-01-09,0.31331010959116107,0.11527264028020685,0.5714172684344077,0.2581071588432466,-0.2581071588432466,5,1
PCG,2019-01-10,0.022269062183578922,0.020350481834337204,0.9573804684411426,0.9351114062575636,-0.9351114062575636,5,1
PCG,2019-01-11,0.011921514232438014,0.03973776250179451,0.9483407141768232,0.9364191999443852,-0.9364191999443852,5,1
PCG,2019-01-14,0.008256546635786217,0.018109127950418413,0.9736343462012363,0.9653777995654501,-0.9653777995654501,5,1
PCG,2019-01-15,0.00830339462563504,0.020657018632817537,0.971039563853565,0.96273616922793,-0.96273616922793,5,1
PCG,2019-01-16,0.144873247808215,0.07262740417832107,0.7824993595400465,0.6376261117318315,-0.6376261117318315,5,1
PCG,2019-01-17,0.6093170493910569,0.14317042991129245,0.24751253064352094,0.36180451874753594,0.36180451874753594,5,1
PCG,2019-01-18,0.2790480893416512,0.1730330369207377,0.5479188822999005,0.2688707929582493,-0.2688707929582493,5,1
PCG,2019-01-22,0.39002771315850393,0.018286984278189804,0.5916853243027933,0.20165761114428937,-0.20165761114428937,5,1
PCG,2019-01-23,0.20005262083198544,0.14951269230142653,0.6504347144124074,0.45038209358042197,-0.45038209358042197,5,1
PCG,2019-01-24,0.011039753634913762,0.027636687483901218,0.9613235467206399,0.9502837930857262,-0.9502837930857262,5,1
PCG,2019-01-25,0.3742147004413088,0.03008818113262735,0.5956971264127733,0.2214824259714645,-0.2214824259714645,5,1
PCG,2019-01-28,0.19177248490781684,0.02501314511148906,0.7832143795730111,0.5914418946651943,-0.5914418946651943,5,1
PCG,2019-01-29,0.38264536147692035,0.03459787852874554,0.5827567737652019,0.2001114122882815,-0.2001114122882815,5,1
PCG,2019-01-30,0.3879916997419153,0.273444832806095,0.33856347095904893,0.049428228782866346,0.049428228782866346,5,1
PCG,2019-01-31,0.6519968509674072,0.33889928460121155,0.0091039277613163,0.6428929232060909,0.6428929232060909,1,1
PCG,2019-02-01,0.40721607273249116,0.1174293900371054,0.47535455068765037,0.0681384779551592,-0.0681384779551592,5,1
PCG,2019-02-04,0.09704301506280899,0.8669998645782471,0.035957079380750656,0.061085935682058334,0.061085935682058334,1,1
PCG,2019-02-05,0.09509267121115711,0.810034000879471,0.0948733065794769,0.0002193646316802078,0.0002193646316802078,3,1
PCG,2019-02-06,0.05875057424370222,0.5483038441066239,0.3929455601940051,0.3341949859503029,-0.3341949859503029,3,1
PCG,2019-02-07,0.7457587268352045,0.22190501084544334,0.03233623682642061,0.7134224900087839,0.7134224900087839,4,1
PCG,2019-02-08,0.07401039181686442,0.03708272550724932,0.8889069084794221,0.8148965166625577,-0.8148965166625577,2,1
PCG,2019-02-11,0.01576678284442437,0.14187869403951414,0.8423544937315532,0.8265877108871289,-0.8265877108871289,5,1
PCG,2019-02-12,0.09101991779217401,0.6087338973133528,0.3002461283938018,0.20922621060162783,-0.20922621060162783,2,1
PCG,2019-02-13,0.16273230420436674,0.2693773598314057,0.5678903383639493,0.40515803415958257,-0.40515803415958257,4,1
PCG,2019-02-14,0.05013859574330131,0.9104794575358504,0.03938196951108444,0.010756626232216869,0.010756626232216869,4,1
PCG,2019-02-15,0.7028883655391867,0.28504213471316614,0.01206950555876509,0.6908188599804216,0.6908188599804216,5,1
PCG,2019-02-19,0.9225562959491755,0.054885011930117356,0.022558689402045102,0.8999976065471305,0.8999976065471305,5,1
PCG,2019-02-20,0.1293080108389055,0.7577365870178263,0.11295542594710548,0.016352584891800026,0.016352584891800026,5,1
PCG,2019-02-21,0.21069425451234577,0.04296684750669546,0.7463389066813173,0.5356446521689715,-0.5356446521689715,5,1
PCG,2019-02-22,0.10341810764436987,0.08754126634062273,0.809040636086785,0.7056225284424151,-0.7056225284424151,5,1
PCG,2019-02-25,0.1033784715143874,0.8572619500204188,0.03935964539106534,0.06401882612332205,0.06401882612332205,3,1
PCG,2019-02-26,0.3868133960088126,0.39641684826622514,0.21676976456036814,0.17004363144844445,0.17004363144844445,5,1
PCG,2019-02-27,0.010162337530102985,0.05572080456444241,0.9341168710333385,0.9239545335032355,-0.9239545335032355,5,1
PCG,2019-02-28,0.5148320804271161,0.17048442763839528,0.31468349758297065,0.2001485828441455,0.2001485828441455,5,1
PCG,2019-03-01,0.07002421494513417,0.9043973602598615,0.025578449813808732,0.044445765131325435,0.044445765131325435,2,1
PCG,2019-03-04,0.1848135172935251,0.30687823511170215,0.5083082678874772,0.32349475059395205,-0.32349475059395205,5,1
PCG,2019-03-05,0.025427610044147217,0.09285634070170613,0.8817160294982638,0.8562884194541166,-0.8562884194541166,4,1
PCG,2019-03-06,0.03249524547547424,0.28828591172978046,0.679218845835893,0.6467236003604188,-0.6467236003604188,5,1
PCG,2019-03-07,0.38597819189963034,0.02981021493649773,0.5842116216563248,0.19823342975669445,-0.19823342975669445,5,1
PCG,2019-03-08,0.3390140634740038,0.4273734887307798,0.23361248217383423,0.10540158130016958,0.10540158130016958,3,1
PCG,2019-03-11,0.11866072565317154,0.87020343542099,0.011135865934193134,0.1075248597189784,0.1075248597189784,1,1
PCG,2019-03-12,0.07160557108773676,0.26128745350893917,0.6671069443738981,0.5955013732861613,-0.5955013732861613,3,1
PCG,2019-03-13,0.12599670377331004,0.24819501443499808,0.6258082590561344,0.4998115552828243,-0.4998115552828243,4,1
PCG,2019-03-14,0.02735779620707035,0.0983763113617897,0.8742658495903015,0.8469080533832312,-0.8469080533832312,1,1
PCG,2019-03-15,0.2491000320769007,0.5406436790242819,0.2102563044903631,0.03884372758653762,0.03884372758653762,3,1
PCG,2019-03-18,0.4546105191494284,0.4482518987243271,0.09713758343573257,0.3574729357136958,0.3574729357136958,5,1
PCG,2019-03-19,0.19087114930152893,0.7884829640388489,0.020645886659622192,0.17022526264190674,0.17022526264190674,1,1
PCG,2019-03-20,0.1475777303248731,0.7600425076608935,0.09237978452955838,0.055197945795314715,0.055197945795314715,2,1
PCG,2019-03-21,0.18016768991947174,0.6395555138587952,0.1802767664194107,0.00010907649993896484,-0.00010907649993896484,1,1
PCG,2019-03-22,0.0917919590505324,0.07832991380057787,0.8298780970984141,0.7380861380478817,-0.7380861380478817,2,1
PCG,2019-03-25,0.025313589721918106,0.8595535159111023,0.11513292789459229,0.08981933817267418,-0.08981933817267418,1,1
PCG,2019-03-26,0.03889642655849457,0.8003094792366028,0.16079409420490265,0.12189766764640808,-0.12189766764640808,1,1
PCG,2019-03-27,0.522733897413608,0.19343166939631917,0.2838344422353649,0.23889945517824307,0.23889945517824307,3,1
PCG,2019-03-28,0.018132490306116078,0.20045295499595334,0.7814145563284084,0.7632820660222923,-0.7632820660222923,5,1
PCG,2019-03-29,0.9533824324607849,0.026434993371367455,0.020182546228170395,0.9331998862326145,0.9331998862326145,1,1
PCG,2019-04-01,0.0,0.0,0.0,0.0,0.0,0,0
PCG,2019-04-02,0.0260607113850943,0.2057261955347261,0.7682131283867875,0.7421524170016932,-0.7421524170016932,5,1
PCG,2019-04-03,0.18162354481748544,0.2252345283240785,0.5931419542698457,0.4115184094523603,-0.4115184094523603,5,1
PCG,2019-04-04,0.15154569129976744,0.7315986076910517,0.11685572636480476,0.03468996493496268,0.03468996493496268,4,1
PCG,2019-04-05,0.4338579497213481,0.486239714137897,0.07990232226447298,0.35395562745687514,0.35395562745687514,5,1
PCG,2019-04-08,0.6531502174599466,0.2665675755832839,0.08028222979126998,0.5728679876686766,0.5728679876686766,4,1
PCG,2019-04-09,0.016898695057599267,0.1544935198475955,0.8286077944399559,0.8117090993823567,-0.8117090993823567,5,1
PCG,2019-04-10,0.0,0.0,0.0,0.0,0.0,0,0
PCG,2019-04-11,0.21343732687488248,0.7157677146976639,0.07079498079595258,0.1426423460789299,0.1426423460789299,3,1
PCG,2019-04-12,0.7336300158876325,0.07899068910332988,0.18737930127028854,0.546250714617344,0.546250714617344,5,1
PCG,2019-04-15,0.6689056092009623,0.2585579586481354,0.07253642610052204,0.5963691831004403,0.5963691831004403,5,1
PCG,2019-04-16,0.8190628965052398,0.09478782183200975,0.08614931479263263,0.7329135817126071,0.7329135817126071,3,1
PCG,2019-04-17,0.029557039961218834,0.9492117166519165,0.021231206133961678,0.008325833827257156,0.008325833827257156,1,1
PCG,2019-04-18,0.17796068632866976,0.8118770814397231,0.010162225625906069,0.1677984607027637,0.1677984607027637,2,1
PCG,2019-04-22,0.5730426545397252,0.4112029118284558,0.015754447943267965,0.5572882065964573,0.5572882065964573,3,1
PCG,2019-04-23,0.07330676772208278,0.33356038249959025,0.593132867270662,0.5198260995485792,-0.5198260995485792,4,1
PCG,2019-04-24,0.7071632351442921,0.12546462834283284,0.16737217240850027,0.5397910627357918,0.5397910627357918,5,1
PCG,2019-04-25,0.0,0.0,0.0,0.0,0.0,0,0
PCG,2019-04-26,0.04099342858528886,0.9281767518594637,0.030829760042188497,0.01016366854310036,0.01016366854310036,2,1
PCG,2019-04-29,0.021922282874584198,0.8132224678993225,0.1648552268743515,0.1429329439997673,-0.1429329439997673,1,1
PCG,2019-04-30,0.03409720957279205,0.9205313324928284,0.0453714057803154,0.011274196207523346,-0.011274196207523346,1,1
PCG,2019-05-01,0.06281927973031998,0.922407865524292,0.014772802591323853,0.048046477138996124,0.048046477138996124,1,1
PCG,2019-05-02,0.13046944954568404,0.06440101115389207,0.8051295454754381,0.6746600959297541,-0.6746600959297541,5,1
PCG,2019-05-03,0.03983129060427585,0.2304369317102167,0.7297318072147783,0.6899005166105024,-0.6899005166105024,5,1
PCG,2019-05-06,0.20504336059093475,0.4394005835056305,0.35555610060691833,0.15051274001598358,-0.15051274001598358,1,1
PCG,2019-05-07,0.02256738974562028,0.3648219077344095,0.6126107313331498,0.5900433415875295,-0.5900433415875295,2,1
PCG,2019-05-08,0.0,0.0,0.0,0.0,0.0,0,0
PCG,2019-05-09,0.5951894398786418,0.3317829104485301,0.07302760686802792,0.5221618330106139,0.5221618330106139,2,1
PCG,2019-05-10,0.009638383053243162,0.01947304978966713,0.9708885550498964,0.9612501719966532,-0.9612501719966532,1,1
PCG,2019-05-13,0.1028475183009007,0.42845742310483054,0.4686950932723022,0.36584757497140147,-0.36584757497140147,5,1
PCG,2019-05-14,0.04101719372858448,0.5610742680163058,0.39790855538952075,0.35689136166093627,-0.35689136166093627,2,1
PCG,2019-05-15,0.0750709823879733,0.13965411844146097,0.7852749099455913,0.7102039275576181,-0.7102039275576181,5,1
PCG,2019-05-16,0.04591462679049828,0.6069570418136012,0.34712835119957147,0.3012137244090732,-0.3012137244090732,5,1
PCG,2019-05-17,0.10253183138041704,0.8817319537912839,0.015736169989782,0.08679566139063503,0.08679566139063503,2,1
PCG,2019-05-20,0.045515657354805755,0.8760278091402863,0.0784565452688689,0.03294088791406315,-0.03294088791406315,4,1
PCG,2019-05-21,0.0,0.0,0.0,0.0,0.0,0,0
PCG,2019-05-22,0.6106755675504122,0.1233929912646285,0.26593142840692335,0.34474413914348884,0.34474413914348884,5,1
PCG,2019-05-23,0.12087156733764161,0.8668582993120557,0.012270110335803405,0.10860145700183821,0.10860145700183821,4,1
PCG,2019-05-24,0.008385340576788698,0.04030648957397377,0.9513082335570663,0.9429228929802775,-0.9429228929802775,2,1
PCG,2019-05-28,0.029546357691287994,0.9440504908561707,0.026403121650218964,0.0031432360410690308,0.0031432360410690308,1,1
PCG,2019-05-29,0.027025881152991545,0.24914748027892195,0.7238266290392916,0.6968007478863001,-0.6968007478863001,2,1
PCG,2019-05-30,0.7153649311999964,0.25918675985149153,0.025448326072363883,0.6899166051276325,0.6899166051276325,3,1
PCG,2019-05-31,0.4549314942417172,0.06022045722674682,0.4848480919850208,0.02991659774330363,-0.02991659774330363,4,1
PCG,2019-06-03,0.0,0.0,0.0,0.0,0.0,0,0
PCG,2019-06-04,0.0888170559696678,0.33916611375537753,0.5720168862304578,0.48319983026078994,-0.48319983026078994,5,1
PCG,2019-06-05,0.7363223893934291,0.13088252402495432,0.13279508265845832,0.6035273067349708,0.6035273067349708,5,1
PCG,2019-06-06,0.06897604705785126,0.4229310987231398,0.5080928250923226,0.4391167780344713,-0.4391167780344713,4,1
PCG,2019-06-07,0.11160297307912927,0.22957772956612174,0.6588192985950725,0.5472163255159432,-0.5472163255159432,3,1
PCG,2019-06-10,0.030783487483859062,0.858893096446991,0.11032344400882721,0.07953995652496815,-0.07953995652496815,1,1
PCG,2019-06-11,0.08204880356788635,0.8474187254905701,0.07053247094154358,0.011516332626342773,0.011516332626342773,1,1
PCG,2019-06-12,0.0,0.0,0.0,0.0,0.0,0,0
PCG,2019-06-13,0.0,0.0,0.0,0.0,0.0,0,0
PCG,2019-06-14,0.1389603082694882,0.11014096324593514,0.7508987789076418,0.6119384706381537,-0.6119384706381537,4,1
PCG,2019-06-17,0.5948464274406433,0.1335706263780594,0.27158287167549133,0.323263555765152,0.323263555765152,1,1
PCG,2019-06-18,0.07071464231399256,0.10282042417317784,0.8264649468363793,0.7557503045223867,-0.7557503045223867,3,1
PCG,2019-06-19,0.6938327141372634,0.09691670297633062,0.20925058744023747,0.48458212669702594,0.48458212669702594,5,1
PCG,2019-06-20,0.6660605097479733,0.1376181865192019,0.1963212887321333,0.46973922101584,0.46973922101584,5,1
PCG,2019-06-21,0.6949158239760345,0.1719931311533211,0.13309104782021827,0.5618247761558162,0.5618247761558162,5,1
PCG,2019-06-24,0.018490980217778414,0.10494163044037158,0.8765673666636001,0.8580763864458217,-0.8580763864458217,3,1
PCG,2019-06-25,0.23045541354319468,0.27446941401158004,0.4950751769659233,0.26461976342272864,-0.26461976342272864,5,1
PCG,2019-06-26,0.012329912744462492,0.06226573511958123,0.9254043102264404,0.9130743974819779,-0.9130743974819779,1,1
PCG,2019-06-27,0.1663972271952937,0.07058959603477555,0.763013213326118,0.5966159861308243,-0.5966159861308243,4,1
PCG,2019-06-28,0.023099730861610265,0.03347318991051086,0.9434270632711098,0.9203273324094996,-0.9203273324094996,5,1
PCG,2019-07-01,0.19805318117141724,0.6339290142059326,0.16801777482032776,0.030035406351089478,0.030035406351089478,1,1
PCG,2019-07-02,0.06410281597819886,0.8859621451198649,0.049934994943409784,0.014167821034789078,0.014167821034789078,2,1
PCG,2019-07-03,0.06313804537057877,0.9242731332778931,0.012588809244334698,0.05054923612624407,0.05054923612624407,1,1
PCG,2019-07-05,0.02080734446644783,0.2088817059993744,0.7703109383583069,0.749503593891859,-0.749503593891859,1,1
PCG,2019-07-08,0.6127144292862902,0.03347613720599733,0.3538094122173837,0.25890501706890645,0.25890501706890645,3,1
PCG,2019-07-09,0.8755769432847095,0.08552605896129224,0.038897020824847056,0.8366799224598624,0.8366799224598624,5,1
PCG,2019-07-10,0.052604524814962694,0.7611624941113485,0.18623301221461167,0.13362848739964897,-0.13362848739964897,3,1
PCG,2019-07-11,0.3765823210112075,0.15273336063726484,0.47068430022477314,0.09410197921356567,-0.09410197921356567,5,1
PCG,2019-07-12,0.19849520932675083,0.15571147874647778,0.6457933299031908,0.44729812057644003,-0.44729812057644003,5,1
PCG,2019-07-15,0.576509338745863,0.12362229348576777,0.29986836961563496,0.276640969130228,0.276640969130228,5,1
PCG,2019-07-16,0.057500159178535494,0.5595108114073764,0.3829890386759251,0.3254888794973896,-0.3254888794973896,5,1
PCG,2019-07-17,0.009471653029322624,0.019044816493988037,0.9714835286140442,0.9620118755847216,-0.9620118755847216,1,1
PCG,2019-07-18,0.011348205618560316,0.026164466515183445,0.9624872803688048,0.9511390747502445,-0.9511390747502445,1,1
PCG,2019-07-19,0.6748174635114925,0.0689613646821723,0.2562211566957491,0.41859630681574345,0.41859630681574345,2,1
PCG,2019-07-22,0.0,0.0,0.0,0.0,0.0,0,0
PCG,2019-07-23,0.5705701204368326,0.020342454975143552,0.4090874696501944,0.16148265078663826,0.16148265078663826,2,1
PCG,2019-07-24,0.015619203655940911,0.2598607767732332,0.7245200383964178,0.7089008347404768,-0.7089008347404768,5,1
PCG,2019-07-25,0.6037592757373944,0.326026021415603,0.07021469323546546,0.5335445825019289,0.5335445825019289,4,1
PCG,2019-07-26,0.06933795609063534,0.9097747127513374,0.020887306776450464,0.04845064931418487,0.04845064931418487,3,1
PCG,2019-07-29,0.7928624807743115,0.16897679882916627,0.038160769358393215,0.7547017114159184,0.7547017114159184,2,1
PCG,2019-07-30,0.10731765627861023,0.7896140217781067,0.1030682697892189,0.004249386489391327,0.004249386489391327,1,1
PCG,2019-07-31,0.020676772278708715,0.10534269163452062,0.8739805863940064,0.8533038141152978,-0.8533038141152978,3,1
PCG,2019-08-01,0.2277713443280032,0.4202581791474578,0.35197047006780724,0.12419912573980404,-0.12419912573980404,2,1
PCG,2019-08-02,0.7003014087677002,0.06673876941204071,0.23295985162258148,0.4673415571451187,0.4673415571451187,1,1
PCG,2019-08-05,0.7919492546728962,0.19124974329641325,0.01680100758821734,0.7751482470846789,0.7751482470846789,3,1
PCG,2019-08-06,0.11279633720484414,0.8640367260469894,0.02316698928000333,0.08962934792484081,0.08962934792484081,2,1
PCG,2019-08-07,0.8101151561267095,0.12793487027595274,0.061949945417733646,0.7481652107089758,0.7481652107089758,2,1
PCG,2019-08-08,0.192962655629924,0.564420028105176,0.24261731129326686,0.049654655663342845,-0.049654655663342845,5,1
PCG,2019-08-09,0.43093734204203227,0.06591021597326231,0.5031524579333688,0.07221511589133656,-0.07221511589133656,5,1
PCG,2019-08-12,0.023281887035179027,0.046717115147970216,0.9300010201641769,0.9067191331289979,-0.9067191331289979,3,1
PCG,2019-08-13,0.6696815657990888,0.30897178166277944,0.021346672101761218,0.6483348936973276,0.6483348936973276,5,1
PCG,2019-08-14,0.05385651750216535,0.24621839385497124,0.6999251458638237,0.6460686283616583,-0.6460686283616583,5,1
PCG,2019-08-15,0.03038365374542371,0.2472264544981358,0.7223898912156602,0.6920062374702365,-0.6920062374702365,5,1
PCG,2019-08-16,0.3927182432877854,0.5502962545739485,0.056985507045052126,0.33573273624273325,0.33573273624273325,5,1
PCG,2019-08-19,0.3738386117006024,0.023814098228637268,0.6023472903275575,0.22850867862695512,-0.22850867862695512,5,1
PCG,2019-08-20,0.15241931514229098,0.7308602907713359,0.11672038008843429,0.0356989350538567,0.0356989350538567,5,1
PCG,2019-08-21,0.13258955726034555,0.7962917096588917,0.07111876955049547,0.06147078770985008,0.06147078770985008,4,1
PCG,2019-08-22,0.029766410686460888,0.1328920322153614,0.8373415944876471,0.8075751838011862,-0.8075751838011862,3,1
PCG,2019-08-23,0.046001513274033484,0.22471073650825926,0.729287734774457,0.6832862215004235,-0.6832862215004235,5,1
PCG,2019-08-26,0.07162255793809891,0.05140914395451546,0.8769683241844177,0.8053457662463188,-0.8053457662463188,1,1
PCG,2019-08-27,0.0,0.0,0.0,0.0,0.0,0,0
PCG,2019-08-28,0.0,0.0,0.0,0.0,0.0,0,0
PCG,2019-08-29,0.2978704273700714,0.35851964354515076,0.34360989928245544,0.04573947191238403,-0.04573947191238403,1,1
PCG,2019-08-30,0.059586833643669616,0.9241851292950116,0.016228075894278614,0.043358757749391005,0.043358757749391005,3,1
PCG,2019-09-03,0.3181886165286192,0.1990151314382756,0.4827962733000869,0.16460765677146771,-0.16460765677146771,3,1
PCG,2019-09-04,0.0,0.0,0.0,0.0,0.0,0,0
PCG,2019-09-05,0.05978668619942203,0.2082426922289007,0.7319706767865131,0.672183990587091,-0.672183990587091,3,1
PCG,2019-09-06,0.22066129393535733,0.11539334700786523,0.6639453589868686,0.44328406505151124,-0.44328406505151124,5,1
PCG,2019-09-09,0.22471367113308593,0.23766819935437716,0.5376181581223569,0.312904486989271,-0.312904486989271,5,1
PCG,2019-09-10,0.02960019631200418,0.30040327980284254,0.669996518004416,0.6403963216924118,-0.6403963216924118,5,1
PCG,2019-09-11,0.3320210576057434,0.38733962178230286,0.2806393504142761,0.051381707191467285,0.051381707191467285,1,1
PCG,2019-09-12,0.07020594148211799,0.9158023481357086,0.013991708986363408,0.056214232495754586,0.056214232495754586,3,1
PCG,2019-09-13,0.8320077055433046,0.0496876234286916,0.11830464520125969,0.7137030603420449,0.7137030603420449,5,1
PCG,2019-09-16,0.276250133460481,0.3638510873595616,0.35989877653927016,0.08364864307878916,-0.08364864307878916,5,1
PCG,2019-09-17,0.6142350101779179,0.3498658311252288,0.03589915857292395,0.578335851604994,0.578335851604994,3,1
PCG,2019-09-18,0.36229411272514667,0.02346757953452279,0.614238295706673,0.2519441829815263,-0.2519441829815263,5,1
PCG,2019-09-19,0.13077492024893161,0.8520138980935086,0.017211177449166774,0.11356374279976483,0.11356374279976483,2,1
PCG,2019-09-20,0.028067572556550433,0.16725123052482352,0.8046812037505272,0.7766136311939768,-0.7766136311939768,5,1
PCG,2019-09-23,0.23529873023928838,0.09402384045274738,0.6706774061794196,0.43537867594013124,-0.43537867594013124,5,1
PCG,2019-09-24,0.014784802554877421,0.06738037467908516,0.9178348481192399,0.9030500455643624,-0.9030500455643624,4,1
PCG,2019-09-25,0.012596837042965199,0.09377385532654318,0.8936293171622732,0.881032480119308,-0.881032480119308,3,1
PCG,2019-09-26,0.2739709560990834,0.30082053002717446,0.4252085204918747,0.1512375643927913,-0.1512375643927913,5,1
PCG,2019-09-27,0.008878192864358427,0.018267497420310974,0.9728542566299438,0.9639760637655854,-0.9639760637655854,1,1
PCG,2019-09-30,0.0,0.0,0.0,0.0,0.0,0,0
PCG,2019-10-01,0.4512672968764155,0.4636781044920909,0.08505459730881718,0.3662126995675983,0.3662126995675983,4,1
PCG,2019-10-02,0.018269363339937165,0.10208065377356257,0.8796500408626204,0.8613806775226833,-0.8613806775226833,4,1
PCG,2019-10-03,0.10887378337792117,0.7377458961771118,0.15338031010176842,0.04450652672384725,-0.04450652672384725,3,1
PCG,2019-10-04,0.6587936914508064,0.23199865976669665,0.109207602155354,0.5495860892954524,0.5495860892954524,5,1
PCG,2019-10-07,0.3719816580710002,0.04692907879152772,0.581089299507738,0.20910764143673782,-0.20910764143673782,5,1
PCG,2019-10-08,0.1801869355942909,0.1392016555297399,0.6806114428424578,0.5004245072481669,-0.5004245072481669,5,1
PCG,2019-10-09,0.016323059604658706,0.10332773680866299,0.880349219170827,0.8640261595661682,-0.8640261595661682,5,1
PCG,2019-10-10,0.011918571147166991,0.024914000645137283,0.9631674249253921,0.9512488537782251,-0.9512488537782251,5,1
PCG,2019-10-11,0.011393053138559005,0.030330482448205725,0.9582764708044695,0.9468834176659106,-0.9468834176659106,5,1
PCG,2019-10-14,0.17955772353976215,0.18359479696688139,0.636847469656796,0.45728974611703377,-0.45728974611703377,5,1
PCG,2019-10-15,0.42753831195708014,0.5257410837828843,0.046720644876181466,0.3808176670808987,0.3808176670808987,5,1
PCG,2019-10-16,0.16448535025119781,0.7350672483444214,0.10044748336076736,0.06403786689043045,0.06403786689043045,1,1
PCG,2019-10-17,0.7632086691076153,0.19666763443261737,0.0401236851807136,0.7230849839269017,0.7230849839269017,4,1
PCG,2019-10-18,0.11977269191228702,0.7742321025075558,0.10599518705841945,0.01377750485386757,0.01377750485386757,3,1
PCG,2019-10-21,0.15228924889779424,0.31801199235048266,0.5296987551155077,0.3774095062177134,-0.3774095062177134,5,1
PCG,2019-10-22,0.2473264328862392,0.05016419298752279,0.7025093744995176,0.4551829416132783,-0.4551829416132783,4,1
PCG,2019-10-23,0.03587256162180558,0.287166052190158,0.6769613914436066,0.6410888298218009,-0.6410888298218009,4,1
PCG,2019-10-24,0.1269083046084439,0.24064900470988343,0.632442719472257,0.5055344148638131,-0.5055344148638131,5,1
PCG,2019-10-25,0.00785047825507535,0.020932170366064737,0.9712173188468911,0.9633668405918158,-0.9633668405918158,5,1
PCG,2019-10-28,0.008957899071762991,0.01870432824517849,0.9723378041614101,0.9633799050896471,-0.9633799050896471,5,1
PCG,2019-10-29,0.4122558416067506,0.12771296705019416,0.4600312021649407,0.047775360558190094,-0.047775360558190094,5,1
PCG,2019-10-30,0.5638451827057168,0.030657814562099758,0.4054969955053409,0.1583481872003759,0.1583481872003759,5,1
PCG,2019-10-31,0.2914943324491325,0.08169232744062942,0.6268133488537323,0.3353190164045998,-0.3353190164045998,5,1
PCG,2019-11-01,0.628004519647147,0.14393858113079136,0.2280568922181817,0.3999476274289653,0.3999476274289653,5,1
PCG,2019-11-04,0.37338231393742144,0.0218958127885359,0.6047218850980012,0.23133957116057974,-0.23133957116057974,5,1
PCG,2019-11-05,0.7436091363418,0.1477542871641665,0.10863656095059401,0.634972575391206,0.634972575391206,5,1
PCG,2019-11-06,0.013384265765110172,0.06008207636686697,0.9265336468185043,0.913149381053394,-0.913149381053394,5,1
PCG,2019-11-07,0.18955360992784043,0.027579935537271793,0.7828664341106136,0.5933128241827732,-0.5933128241827732,5,1
PCG,2019-11-08,0.46645845363138355,0.11810242650857479,0.4154391056191279,0.05101934801225566,0.05101934801225566,5,1
TSLA,2022-12-14,0.01265965173876774,0.018752838313362177,0.9685874911463288,0.9559278394075611,-0.9559278394075611,5,1
TSLA,2022-12-15,0.013685701869013722,0.015749066045079346,0.970565243826883,0.9568795419578693,-0.9568795419578693,5,1
TSLA,2022-12-16,0.19659549987441416,0.04678076921864351,0.7566237121247593,0.5600282122503452,-0.5600282122503452,5,1
TSLA,2022-12-19,0.010038478345614303,0.017865252157558256,0.972096268245529,0.9620577898999146,-0.9620577898999146,5,1
TSLA,2022-12-20,0.2252943161273239,0.051213639828693286,0.7234920658706328,0.4981977497433089,-0.4981977497433089,5,1
TSLA,2022-12-21,0.014119403848249962,0.03503835237811427,0.9508422381340929,0.9367228342858429,-0.9367228342858429,5,1
TSLA,2022-12-22,0.010437251160653352,0.02014466414933727,0.9694180792925227,0.9589808281318694,-0.9589808281318694,5,1
TSLA,2022-12-23,0.010645362480149823,0.02004296229615353,0.9693116355416059,0.9586662730614561,-0.9586662730614561,5,1
TSLA,2022-12-27,0.007480452686848266,0.018573904320343986,0.9739456287266647,0.9664651760398164,-0.9664651760398164,5,1
TSLA,2022-12-28,0.010905703662945625,0.017258147325804055,0.9718361793512352,0.9609304756882896,-0.9609304756882896,5,1
TSLA,2022-12-29,0.01178172839918536,0.021994435886085767,0.9662238464856693,0.9544421180864839,-0.9544421180864839,5,1
TSLA,2022-12-30,0.00845364134484881,0.018756253104515307,0.9727901206921842,0.9643364793473354,-0.9643364793473354,5,1
TSLA,2023-01-03,0.007974357563797219,0.018489896341628773,0.9735357531484804,0.9655613955846831,-0.9655613955846831,5,1
TSLA,2023-01-04,0.011182958802298944,0.01788625656885066,0.970930801230585,0.959747842428286,-0.959747842428286,5,1
TSLA,2023-01-05,0.009750203649108466,0.017020915497027306,0.9732288838429225,0.963478680193814,-0.963478680193814,5,1
TSLA,2023-01-06,0.011857362844790817,0.02223912479923524,0.965903520361431,0.9540461575166402,-0.9540461575166402,5,1
TSLA,2023-01-09,0.01335888595830173,0.0248438510013308,0.9617972572050676,0.9484383712467659,-0.9484383712467659,5,1
TSLA,2023-01-10,0.17044590911538982,0.03676692237532851,0.7927871479935394,0.6223412388781496,-0.6223412388781496,5,1
TSLA,2023-01-11,0.013752861985320145,0.03497713719437249,0.9512699847202514,0.9375171227349313,-0.9375171227349313,5,1
TSLA,2023-01-12,0.01040811638949484,0.02335293158828319,0.966238916758376,0.9558308003688812,-0.9558308003688812,5,1
TSLA,2023-01-13,0.00865403992822299,0.018950181510144905,0.9723957731578217,0.9637417332295987,-0.9637417332295987,5,1
TSLA,2023-01-17,0.016453844399127615,0.022858504066870483,0.9606876606635013,0.9442338162643737,-0.9442338162643737,5,1
TSLA,2023-01-18,0.04668096918609279,0.05292405257827807,0.9003949758888412,0.8537140067027484,-0.8537140067027484,5,1
TSLA,2023-01-19,0.009598950550319514,0.01924281216215365,0.9711582224316897,0.9615592718813701,-0.9615592718813701,5,1
TSLA,2023-01-20,0.1937302301615001,0.02031495383773481,0.7859547994199969,0.5922245692584969,-0.5922245692584969,5,1
TSLA,2023-01-23,0.19656122066824722,0.019338127002390276,0.7841006404151784,0.5875394197469311,-0.5875394197469311,5,1
TSLA,2023-01-24,0.4685445142922218,0.1471620630117197,0.3842934131681791,0.08425110112404272,0.08425110112404272,5,1
TSLA,2023-01-25,0.008371452990576447,0.01818185136485099,0.9734467089901208,0.9650752559995444,-0.9650752559995444,5,1
TSLA,2023-01-26,0.3808102326488356,0.029474710873223352,0.5897150837008546,0.20890485105201895,-0.20890485105201895,5,1
TSLA,2023-01-27,0.1928824119329766,0.0346764521195996,0.7724411457127808,0.5795587337798042,-0.5795587337798042,5,1
TSLA,2023-01-30,0.573968240906538,0.026153614013251565,0.3998781603807678,0.17409008052577019,0.17409008052577019,5,1
TSLA,2023-01-31,0.5474366013128781,0.06175263873376592,0.3908107336448829,0.1566258676679952,0.1566258676679952,5,1
TSLA,2023-02-01,0.19549549679457554,0.02365131967708352,0.7808531795789321,0.5853576827843565,-0.5853576827843565,5,1
TSLA,2023-02-02,0.3745022968036743,0.02545437190572231,0.6000433202859176,0.22554102348224325,-0.22554102348224325,5,1
TSLA,2023-02-03,0.013116595858193804,0.021476410175616613,0.965406987267284,0.9522903914090902,-0.9522903914090902,5,1
TSLA,2023-02-06,0.20172418965862746,0.02267741323038045,0.775598411933247,0.5738742222746195,-0.5738742222746195,5,1
TSLA,2023-02-07,0.48935124649707756,0.08832871981228013,0.42232005962644575,0.06703118687063181,0.06703118687063181,5,1
TSLA,2023-02-08,0.9251888617036823,0.0588304192919883,0.01598073968352738,0.9092081220201549,0.9092081220201549,5,1
TSLA,2023-02-09,0.39291471705222397,0.04257214182854922,0.564513138949546,0.17159842189732205,-0.17159842189732205,5,1
TSLA,2023-02-10,0.008904140168879993,0.01869578246087815,0.9724001011073102,0.9634959609384303,-0.9634959609384303,5,1
TSLA,2023-02-13,0.025225662900082733,0.026352192909072484,0.9484221803846152,0.9231965174845325,-0.9231965174845325,5,1
TSLA,2023-02-14,0.19742492963961436,0.020984900901480974,0.781590182753295,0.5841652531136806,-0.5841652531136806,5,1
TSLA,2023-02-15,0.5576598614927478,0.0324856340376182,0.4098545003661061,0.14780536112664172,0.14780536112664172,5,1
TSLA,2023-02-16,0.011269722359834521,0.016621968900001147,0.9721083113935083,0.9608385890336738,-0.9608385890336738,5,1
TSLA,2023-02-17,0.3733725006337736,0.03402409161089067,0.5926034083359144,0.21923090770214082,-0.21923090770214082,5,1
TSLA,2023-02-21,0.01519957536805066,0.017412251284757707,0.9673881966662168,0.9521886212981662,-0.9521886212981662,5,1
TSLA,2023-02-22,0.3048245299259824,0.041975520035362875,0.6531999494121218,0.34837541948613937,-0.34837541948613937,5,1
TSLA,2023-02-23,0.5581167414181231,0.0440898687467837,0.39779339559853083,0.16032334581959223,0.16032334581959223,5,1
TSLA,2023-02-24,0.00902860312495801,0.018732473465493036,0.9722389246519073,0.9632103215269493,-0.9632103215269493,5,1
TSLA,2023-02-27,0.725157285398054,0.043215293872859065,0.23162745205721097,0.49352983334084305,0.49352983334084305,5,1
TSLA,2023-02-28,0.5468992425949172,0.06119563186463352,0.39190511564467706,0.15499412695024012,0.15499412695024012,5,1
TSLA,2023-03-01,0.012565974939073542,0.017346824918180636,0.9700872106874446,0.9575212357483711,-0.9575212357483711,5,1
TSLA,2023-03-02,0.009986000164861873,0.017698008890354697,0.9723159836722907,0.9623299835074288,-0.9623299835074288,5,1
TSLA,2023-03-03,0.1986186298127492,0.02397792445184462,0.7774034443707043,0.578784814557955,-0.578784814557955,5,1
TSLA,2023-03-06,0.36529358926926986,0.03883889002384828,0.5958675202583505,0.2305739309890807,-0.2305739309890807,5,1
TSLA,2023-03-07,0.1944197375337682,0.024388929238609688,0.7811913500443485,0.5867716125105803,-0.5867716125105803,5,1
TSLA,2023-03-08,0.011487251977812609,0.017422268643354732,0.9710905031721828,0.9596032511943702,-0.9596032511943702,5,1
TSLA,2023-03-09,0.3308944051376659,0.05596404498332236,0.6131415482209772,0.28224714308331134,-0.28224714308331134,5,1
TSLA,2023-03-10,0.3580696830195362,0.04286969014808799,0.5990606174820481,0.2409909344625119,-0.2409909344625119,5,1
TSLA,2023-03-13,0.46842457638363527,0.12435158695061481,0.40722384376768206,0.06120073261595321,0.06120073261595321,5,1
TSLA,2023-03-14,0.5786199969695851,0.04102654731631659,0.38035344506303675,0.19826655190654835,0.19826655190654835,5,1
TSLA,2023-03-15,0.43076234601305446,0.13602780312863824,0.4332098465423198,0.002447500529265345,-0.002447500529265345,5,1
TSLA,2023-03-16,0.3888988699724168,0.5089812404834463,0.10211987919721734,0.28677899077519947,0.28677899077519947,4,1
TSLA,2023-03-17,0.7303382110195565,0.054452269014599486,0.21520954888982083,0.5151286621297357,0.5151286621297357,5,1
TSLA,2023-03-20,0.35603563336191696,0.11223385766291595,0.531730514348875,0.175694880986958,-0.175694880986958,5,1
TSLA,2023-03-21,0.3759244688450699,0.03063482148740466,0.5934407126609235,0.21751624381585355,-0.21751624381585355,5,1
TSLA,2023-03-22,0.809989957726743,0.12482087368344118,0.06518918407149266,0.7448007736552503,0.7448007736552503,5,1
TSLA,2023-03-23,0.41054465064973306,0.2225082401957555,0.36694707854969694,0.04359757210003612,0.04359757210003612,5,1
TSLA,2023-03-24,0.7944834289535319,0.1861711251260226,0.019345429081446007,0.7751379998720859,0.7751379998720859,5,1
TSLA,2023-03-27,0.19823245148757732,0.04995696583774882,0.7518106075524023,0.553578156064825,-0.553578156064825,5,1
TSLA,2023-03-28,0.4023678732683856,0.13007771052679518,0.46755440044673474,0.06518652717834916,-0.06518652717834916,5,1
TSLA,2023-03-29,0.7604770718109354,0.06141953867962876,0.17810339022967417,0.5823736815812612,0.5823736815812612,5,1
TSLA,2023-03-30,0.7544557665469279,0.03831246421509612,0.20723179437093278,0.5472239721759952,0.5472239721759952,5,1
TSLA,2023-03-31,0.5700150965222343,0.0323462841832258,0.397638632537977,0.17237646398425727,0.17237646398425727,5,1
TSLA,2023-04-03,0.0090789126438623,0.017869052778925008,0.9730520066064176,0.9639730939625553,-0.9639730939625553,5,1
TSLA,2023-04-04,0.5698004132247281,0.029837379805485852,0.4003622010157565,0.1694382122089716,0.1694382122089716,5,1
TSLA,2023-04-05,0.010238043026140753,0.016855631824260822,0.9729063494024306,0.9626683063762899,-0.9626683063762899,5,1
TSLA,2023-04-06,0.010643536868880681,0.017540165919186713,0.9718162877320617,0.9611727508631811,-0.9611727508631811,5,1
TSLA,2023-04-10,0.192679189593797,0.03629657316644201,0.7710242246006271,0.5783450350068301,-0.5783450350068301,5,1
TSLA,2023-04-11,0.4890301331543455,0.1419151136081555,0.3690547473896715,0.11997538576467404,0.11997538576467404,5,1
TSLA,2023-04-12,0.016132803470266566,0.03199449883304251,0.9518726840852372,0.9357398806149706,-0.9357398806149706,5,1
TSLA,2023-04-13,0.38959708616727484,0.0496955507455399,0.5607073704248471,0.17111028425757224,-0.17111028425757224,5,1
TSLA,2023-04-14,0.195816230852463,0.02489118061018512,0.7792925930665475,0.5834763622140845,-0.5834763622140845,5,1
TSLA,2023-04-17,0.19736034309890496,0.01991454691741143,0.7827251062867999,0.585364763187895,-0.585364763187895,5,1
TSLA,2023-04-18,0.03622535134016871,0.03719951364956238,0.9265751332974342,0.8903497819572656,-0.8903497819572656,5,1
TSLA,2023-04-19,0.00866438725801561,0.017637025794522556,0.9736986111991661,0.9650342239411505,-0.9650342239411505,5,1
TSLA,2023-04-20,0.007648251511506249,0.019549596150963508,0.9728021538378149,0.9651539023263086,-0.9651539023263086,5,1
TSLA,2023-04-21,0.00902752115570718,0.017717550142518287,0.9732549581176873,0.9642274369619801,-0.9642274369619801,5,1
TSLA,2023-04-24,0.015644681924617997,0.018095094058610258,0.9662602170228224,0.9506155350982044,-0.9506155350982044,5,1
TSLA,2023-04-25,0.2073144135972463,0.022711102731066548,0.7699744686529375,0.5626600550556912,-0.5626600550556912,5,1
TSLA,2023-04-26,0.3841319636696408,0.03129301036234419,0.584575018574189,0.20044305490454822,-0.20044305490454822,5,1
TSLA,2023-04-27,0.5456406377103149,0.08533756962398012,0.36902177983120305,0.17661885787911186,0.17661885787911186,5,1
TSLA,2023-04-28,0.38417474263715556,0.04544312359738151,0.5703821485035817,0.18620740586642615,-0.18620740586642615,5,1
TSLA,2023-05-01,0.20965687202400476,0.04728481464377522,0.743058334408575,0.5334014623845703,-0.5334014623845703,5,1
TSLA,2023-05-02,0.5722908397335015,0.030309585975065844,0.3973995761261707,0.17489126360733076,0.17489126360733076,5,1
TSLA,2023-05-03,0.19956895704248473,0.03262577971579477,0.7678052725436302,0.5682363155011454,-0.5682363155011454,5,1
TSLA,2023-05-04,0.5124089672582891,0.23427383937222754,0.2533171914402004,0.25909177581808873,0.25909177581808873,5,1
TSLA,2023-05-05,0.19560602175294298,0.023512663918439074,0.7808812932345183,0.5852752714815753,-0.5852752714815753,5,1
TSLA,2023-05-08,0.012844088812268424,0.02020543058285315,0.96695048313074,0.9541063943184716,-0.9541063943184716,5,1
TSLA,2023-05-09,0.18840397286006091,0.024003880679827883,0.787592114055301,0.5991881411952401,-0.5991881411952401,5,1
TSLA,2023-05-10,0.5636802660208555,0.018731764623697567,0.4175879592029562,0.1460923068178993,0.1460923068178993,5,1
TSLA,2023-05-11,0.18212118843011324,0.047775926515435205,0.7701028739110809,0.5879816854809676,-0.5879816854809676,5,1
TSLA,2023-05-12,0.010598246688387615,0.015852505077772635,0.9735492892296257,0.9629510425412381,-0.9629510425412381,5,1
TSLA,2023-05-15,0.49756491417430976,0.1302407858099253,0.37219427662395393,0.12537063755035582,0.12537063755035582,5,1
TSLA,2023-05-16,0.49750455610117933,0.07526353702755767,0.4272319277636372,0.07027262833754211,0.07027262833754211,5,1
TSLA,2023-05-17,0.7493605243206473,0.034479281236937546,0.21616016327763335,0.5332003610430139,0.5332003610430139,5,1
TSLA,2023-05-18,0.8009748177952547,0.1764931434154353,0.022532010211365677,0.7784428075838891,0.7784428075838891,5,1
TSLA,2023-05-19,0.5159649058540744,0.06780371805519263,0.41623136122337206,0.09973354463070233,0.09973354463070233,5,1
TSLA,2023-05-22,0.357141959541092,0.04837859697988152,0.5944794424241486,0.23733748288305662,-0.23733748288305662,5,1
TSLA,2023-05-23,0.7236440524348748,0.13869217482440477,0.13766377438260402,0.5859802780522708,0.5859802780522708,5,1
TSLA,2023-05-24,0.4787873727904057,0.12715831789239465,0.39405432821841685,0.08473304457198882,0.08473304457198882,5,1
TSLA,2023-05-25,0.27913925032924586,0.13515709164020315,0.5857036607178665,0.30656441038862065,-0.30656441038862065,5,1
TSLA,2023-05-26,0.3881619008650832,0.028465594930996586,0.5833724807683476,0.1952105799032644,-0.1952105799032644,5,1
TSLA,2023-05-30,0.20143242325241745,0.02024003007300883,0.7783275379923552,0.5768951147399377,-0.5768951147399377,5,1
TSLA,2023-05-31,0.8904555099159794,0.06487257873625638,0.0446719132497211,0.8457835966662584,0.8457835966662584,5,1
TSLA,2023-06-01,0.3760592627452895,0.0801365557483957,0.5438041706760753,0.16774490793078584,-0.16774490793078584,5,1
TSLA,2023-06-02,0.7285830921817891,0.05610005790529404,0.21531684157454653,0.5132662506072425,0.5132662506072425,5,1
TSLA,2023-06-05,0.9239297966500702,0.057806604458022944,0.018263593988097713,0.9056662026619725,0.9056662026619725,5,1
TSLA,2023-06-06,0.35738102989369863,0.09605521492763715,0.5465637405970037,0.1891827107033051,-0.1891827107033051,5,1
TSLA,2023-06-07,0.37569148759791426,0.023801326887266053,0.6005071543616699,0.22481566676375564,-0.22481566676375564,5,1
TSLA,2023-06-08,0.0647952753100762,0.016314206188544643,0.9188904867604644,0.8540952114503881,-0.8540952114503881,5,1
TSLA,2023-06-09,0.383896001990967,0.02867809990471323,0.5874258638273946,0.20352986183642757,-0.20352986183642757,5,1
TSLA,2023-06-12,0.7480120799574776,0.043432182543728874,0.2085557663869027,0.539456313570575,0.539456313570575,5,1
TSLA,2023-06-13,0.752482762532716,0.036342491437046286,0.21117474141799986,0.5413080211147161,0.5413080211147161,5,1
TSLA,2023-06-14,0.7334136051616397,0.05785957696657105,0.20872682266529619,0.5246867824963435,0.5246867824963435,5,1
TSLA,2023-06-15,0.1911848300807863,0.02966493789132335,0.7791502257448757,0.5879653956640893,-0.5879653956640893,5,1
TSLA,2023-06-16,0.37659203883445797,0.045029248021652674,0.578378714770787,0.20178667593632899,-0.20178667593632899,5,1
TSLA,2023-06-20,0.018260710945307186,0.01794087659570263,0.9637984231899981,0.9455377122446909,-0.9455377122446909,5,1
TSLA,2023-06-21,0.014528853945556627,0.019712584038420848,0.9657585688444091,0.9512297148988526,-0.9512297148988526,5,1
TSLA,2023-06-22,0.1698701421600969,0.0413943463086725,0.7887354902556805,0.6188653480955836,-0.6188653480955836,5,1
TSLA,2023-06-23,0.012495813240534266,0.018316448844964396,0.9691877163872504,0.9566919031467161,-0.9566919031467161,5,1
TSLA,2023-06-26,0.011532775055749048,0.017687840862897077,0.9707793502695156,0.9592465752137666,-0.9592465752137666,5,1
TSLA,2023-06-27,0.3708898600104949,0.03465735885591341,0.5944527856197185,0.22356292560922358,-0.22356292560922358,5,1
TSLA,2023-06-28,0.3896602403886295,0.036091122145186234,0.574248605355732,0.18458836496710246,-0.18458836496710246,5,1
TSLA,2023-06-29,0.36392138189416784,0.041953790167788475,0.5941248125439514,0.2302034306497836,-0.2302034306497836,5,1
TSLA,2023-06-30,0.5637554248640704,0.03805334564333579,0.3981912395784277,0.16556418528564265,0.16556418528564265,5,1
TSLA,2023-07-03,0.1955906358330424,0.02253561919947087,0.7818737325421515,0.5862830967091092,-0.5862830967091092,5,1
TSLA,2023-07-05,0.38230433389935836,0.024545104235130233,0.5931505869355445,0.2108462530361861,-0.2108462530361861,5,1
TSLA,2023-07-06,0.19057304143744905,0.034645743029799066,0.7747812429682017,0.5842082015307527,-0.5842082015307527,5,1
TSLA,2023-07-07,0.015804066590565696,0.01710912662461221,0.9670868365024702,0.9512827699119045,-0.9512827699119045,5,1
TSLA,2023-07-10,0.5502963110089231,0.033960059230792046,0.4157436260765317,0.13455268493239136,0.13455268493239136,5,1
TSLA,2023-07-11,0.9203867485445745,0.059338386775732846,0.020274832276298442,0.900111916268276,0.900111916268276,5,1
TSLA,2023-07-12,0.5541913494601738,0.035463430080033914,0.4103452354522422,0.14384611400793157,0.14384611400793157,5,1
TSLA,2023-07-13,0.5428939659208453,0.07894184342887034,0.37816419104963267,0.1647297748712126,0.1647297748712126,5,1
TSLA,2023-07-14,0.7421265122186465,0.05418614130974385,0.20368733193495037,0.5384391802836961,0.5384391802836961,5,1
TSLA,2023-07-17,0.010379839895409006,0.020920021863491255,0.9687001338271497,0.9583202939317407,-0.9583202939317407,5,1
TSLA,2023-07-18,0.5661902678995396,0.03554131788175705,0.39826840387199614,0.1679218640275435,0.1679218640275435,5,1
TSLA,2023-07-19,0.37824672680540544,0.01958203716010295,0.6021712494920727,0.22392452268666724,-0.22392452268666724,5,1
TSLA,2023-07-20,0.008139506557514085,0.016793216754563974,0.975067242504549,0.966927735947035,-0.966927735947035,5,1
TSLA,2023-07-21,0.010281433307718569,0.016223425115900653,0.9734951477950748,0.9632137144873563,-0.9632137144873563,5,1
TSLA,2023-07-24,0.020447876990146416,0.030387249596466753,0.9491648539577696,0.9287169769676232,-0.9287169769676232,5,1
TSLA,2023-07-25,0.5789208433259753,0.03874504320540092,0.3823341166380091,0.19658672668796617,0.19658672668796617,5,1
TSLA,2023-07-26,0.5697563523311314,0.04545207728944105,0.38479157270620584,0.18496477962492558,0.18496477962492558,5,1
TSLA,2023-07-27,0.5958358946327488,0.03371358317721697,0.3704505332362866,0.22538536139646215,0.22538536139646215,5,1
TSLA,2023-07-28,0.3822894447157258,0.03851583319644776,0.5791946911567936,0.19690524644106777,-0.19690524644106777,5,1
TSLA,2023-07-31,0.921120172181055,0.05557485465532428,0.02330494776479585,0.8978152244162592,0.8978152244162592,5,1
TSLA,2023-08-01,0.009235614576863772,0.017156009220670163,0.9736083679760412,0.9643727533991775,-0.9643727533991775,5,1
TSLA,2023-08-02,0.016149194622241587,0.019382243274932712,0.9644685680149797,0.9483193733927381,-0.9483193733927381,5,1
TSLA,2023-08-03,0.013561444414231617,0.017414717578774577,0.9690238170040024,0.9554623725897708,-0.9554623725897708,5,1
TSLA,2023-08-04,0.5302289900131182,0.07609159334238176,0.39367943062222477,0.13654955939089342,0.13654955939089342,5,1
TSLA,2023-08-07,0.1988827631334886,0.02183043332401603,0.7792868210758552,0.5804040579423666,-0.5804040579423666,5,1
TSLA,2023-08-08,0.20080451480398648,0.01836231116496762,0.7808331569869293,0.5800286421829428,-0.5800286421829428,5,1
TSLA,2023-08-09,0.010762519601909194,0.01573022391499529,0.9735072738816168,0.9627447542797076,-0.9627447542797076,5,1
TSLA,2023-08-10,0.28308323460502977,0.1285778716879244,0.5883388403768056,0.30525560577177585,-0.30525560577177585,5,1
TSLA,2023-08-11,0.012499081303607315,0.015332985713106583,0.9721679315265352,0.9596688502229279,-0.9596688502229279,5,1
TSLA,2023-08-14,0.011429727891154453,0.016354159597673956,0.9722161048636444,0.9607863769724899,-0.9607863769724899,5,1
TSLA,2023-08-15,0.011728447053793197,0.017912443004087376,0.970359123926889,0.9586306768730958,-0.9586306768730958,5,1
TSLA,2023-08-16,0.01143173782316817,0.016300803875054986,0.9722674274865828,0.9608356896634146,-0.9608356896634146,5,1
TSLA,2023-08-17,0.027761833634718926,0.07776008939886646,0.8944780894804781,0.8667162558457592,-0.8667162558457592,5,1
TSLA,2023-08-18,0.012252548802131481,0.019386888061925685,0.9683605669869854,0.9561080181848539,-0.9561080181848539,5,1
TSLA,2023-08-21,0.5573682651978172,0.02609905152266161,0.4165326675182581,0.1408355976795591,0.1408355976795591,5,1
TSLA,2023-08-22,0.5879481241246272,0.051727077090816226,0.36032477144723113,0.22762335267739603,0.22762335267739603,5,1
TSLA,2023-08-23,0.5654139362184334,0.027893167837632817,0.40669290517600565,0.15872103104242774,0.15872103104242774,5,1
TSLA,2023-08-24,0.012615598588800955,0.018166081180554405,0.9692183546758021,0.9566027560870012,-0.9566027560870012,5,1
TSLA,2023-08-25,0.21947057817395754,0.021646242383642537,0.7588831847313614,0.5394126065574039,-0.5394126065574039,5,1
TSLA,2023-08-28,0.5536474552595485,0.036343699696742865,0.4100088152924474,0.14363863996710108,0.14363863996710108,5,1
TSLA,2023-08-29,0.5458433457353035,0.06115669280321716,0.3929999606441814,0.15284338509112205,0.15284338509112205,5,1
TSLA,2023-08-30,0.3719398295966366,0.029926483955935695,0.5981336872230408,0.22619385762640426,-0.22619385762640426,5,1
TSLA,2023-08-31,0.399303623489496,0.04422433999874068,0.5564720092869585,0.1571683857974625,-0.1571683857974625,5,1
TSLA,2023-09-01,0.2061580358563588,0.016179135073013197,0.7776628525377609,0.5715048166814021,-0.5715048166814021,5,1
TSLA,2023-09-05,0.20791328504589165,0.014842997545074378,0.7772437148564834,0.5693304298105917,-0.5693304298105917,5,1
TSLA,2023-09-06,0.01052381734373789,0.016690736853442703,0.972785447443697,0.9622616300999591,-0.9622616300999591,5,1
TSLA,2023-09-07,0.00813041842145504,0.017098084620590193,0.9747714789091265,0.9666410604876715,-0.9666410604876715,5,1
TSLA,2023-09-08,0.38109123483111534,0.051041220526950044,0.5678675835628428,0.1867763487317275,-0.1867763487317275,5,1
TSLA,2023-09-11,0.19596274917206366,0.02208441382952697,0.7819528473886148,0.5859900982165511,-0.5859900982165511,5,1
TSLA,2023-09-12,0.19721604556447456,0.015365548280652456,0.7874184187091571,0.5902023731446825,-0.5902023731446825,5,1
TSLA,2023-09-13,0.3807388868069334,0.055710885719790694,0.5635502359401449,0.18281134913321145,-0.18281134913321145,5,1
TSLA,2023-09-14,0.3635793377150875,0.04151183432790038,0.594908791703943,0.23132945398885546,-0.23132945398885546,5,1
TSLA,2023-09-15,0.6884335476307968,0.09578750269706364,0.21577891731695162,0.47265463031384514,0.47265463031384514,5,1
TSLA,2023-09-18,0.010777713898820299,0.015476073021867673,0.9737461992465022,0.9629684853476819,-0.9629684853476819,5,1
TSLA,2023-09-19,0.3879163807274373,0.0357382745164407,0.576345347840261,0.18842896711282375,-0.18842896711282375,5,1
TSLA,2023-09-20,0.3858921186089856,0.02119229759507682,0.5929155958954433,0.2070234772864577,-0.2070234772864577,5,1
TSLA,2023-09-21,0.19708719280479306,0.019953772177850982,0.782959042918916,0.585871850114123,-0.585871850114123,5,1
TSLA,2023-09-22,0.18861622556316443,0.022636054968620926,0.7887477265783001,0.6001315010151356,-0.6001315010151356,5,1
TSLA,2023-09-25,0.0152440587408218,0.01792976746932393,0.9668261782891522,0.9515821195483304,-0.9515821195483304,5,1
TSLA,2023-09-26,0.008501246115916343,0.018319388320179902,0.9731793887157612,0.9646781425998449,-0.9646781425998449,5,1
TSLA,2023-09-27,0.19689868267769245,0.03192340402809508,0.7711779333308242,0.5742792506531318,-0.5742792506531318,5,1
TSLA,2023-09-28,0.19576786825307957,0.03015049969991498,0.774081615455914,0.5783137472028345,-0.5783137472028345,5,1
TSLA,2023-09-29,0.19647270891880103,0.02282590222007171,0.7807014172970718,0.5842287083782707,-0.5842287083782707,5,1
TSLA,2023-10-02,0.19872975868920412,0.02296563729981939,0.778304611810518,0.5795748531213138,-0.5795748531213138,5,1
TSLA,2023-10-03,0.010935549015102018,0.017038957782337823,0.9720255265204518,0.9610899775053499,-0.9610899775053499,5,1
TSLA,2023-10-04,0.012877887453854176,0.016933168702638023,0.9701889564488358,0.9573110689949816,-0.9573110689949816,5,1
TSLA,2023-10-05,0.1885466874440538,0.029060157202054685,0.7823931344416095,0.5938464469975557,-0.5938464469975557,5,1
TSLA,2023-10-06,0.01069207204683843,0.016883867232090146,0.9724240582864835,0.9617319862396451,-0.9617319862396451,5,1
TSLA,2023-10-09,0.009834462299013426,0.01660891742094358,0.9735566443280573,0.9637221820290439,-0.9637221820290439,5,1
TSLA,2023-10-10,0.33238510987603914,0.13449189456136756,0.5331230132040959,0.2007379033280568,-0.2007379033280568,5,1
TSLA,2023-10-11,0.744993618985819,0.03962684963542535,0.21537953315940367,0.5296140858264153,0.5296140858264153,5,1
TSLA,2023-10-12,0.19423864836884686,0.02137047603778839,0.7843908568242586,0.5901522084554117,-0.5901522084554117,5,1
TSLA,2023-10-13,0.19893369705236574,0.033172529884389984,0.7678937488718198,0.5689600518194541,-0.5689600518194541,5,1
TSLA,2023-10-16,0.20176119402326714,0.027223378054640323,0.7710153996511264,0.5692542056278593,-0.5692542056278593,5,1
TSLA,2023-10-17,0.37241412328142953,0.0507583119881188,0.5768275676075794,0.20441344432614983,-0.20441344432614983,5,1
TSLA,2023-10-18,0.009050625939503922,0.01775250255562261,0.9731968908666427,0.9641462649271388,-0.9641462649271388,5,1
TSLA,2023-10-19,0.010659091619796241,0.016972230368856586,0.9723686448523998,0.9617095532326035,-0.9617095532326035,5,1
TSLA,2023-10-20,0.01290048092975497,0.01683978230315058,0.970259727587286,0.957359246657531,-0.957359246657531,5,1
TSLA,2023-10-23,0.1642145531479945,0.05168013211355724,0.7841053334699382,0.6198907803219437,-0.6198907803219437,5,1
TSLA,2023-10-24,0.19925281251222887,0.025825833270526545,0.7749213421055943,0.5756685295933655,-0.5756685295933655,5,1
TSLA,2023-10-25,0.36473669707500056,0.04687509555198426,0.5883882070896169,0.22365151001461636,-0.22365151001461636,5,1
TSLA,2023-10-26,0.008412009025928,0.01799860893133394,0.9735893859184582,0.9651773768925302,-0.9651773768925302,5,1
TSLA,2023-10-27,0.010744668113941258,0.019438324211042333,0.9698169946639472,0.959072326550006,-0.959072326550006,5,1
TSLA,2023-10-30,0.010871675291826293,0.018943848037406955,0.9701844726437786,0.9593127973519523,-0.9593127973519523,5,1
TSLA,2023-10-31,0.011127614740401623,0.021497634996206657,0.9673747687778347,0.9562471540374331,-0.9562471540374331,5,1
TSLA,2023-11-01,0.01572659638243879,0.020015378154650675,0.9642580292477453,0.9485314328653065,-0.9485314328653065,5,1
TSLA,2023-11-02,0.36447320127962957,0.03687011412761277,0.5986566730358224,0.2341834717561928,-0.2341834717561928,5,1
TSLA,2023-11-03,0.18575334667002605,0.02784765789239404,0.7863989710339999,0.6006456243639738,-0.6006456243639738,5,1
TSLA,2023-11-06,0.38116883250210415,0.035368788842749486,0.58346239928666,0.20229356678455584,-0.20229356678455584,5,1
TSLA,2023-11-07,0.14483480694065148,0.08639014671778854,0.7687750660692141,0.6239402591285625,-0.6239402591285625,5,1
TSLA,2023-11-08,0.013603667052990926,0.023484929293315696,0.9629113920217164,0.9493077249687255,-0.9493077249687255,5,1
TSLA,2023-11-09,0.38057123641307056,0.03348039009395995,0.5859483908974613,0.20537715448439076,-0.20537715448439076,5,1
TSLA,2023-11-10,0.024317903268275928,0.020737396029244872,0.954944730778139,0.9306268275098631,-0.9306268275098631,5,1
TSLA,2023-11-13,0.012686463408892852,0.020832653653531027,0.9664808943479464,0.9537944309390535,-0.9537944309390535,5,1
TSLA,2023-11-14,0.5704813878056588,0.044394021776182443,0.3851245814190977,0.1853568063865611,0.1853568063865611,5,1
TSLA,2023-11-15,0.1969056881252649,0.02833842436357637,0.7747559049998981,0.5778502168746332,-0.5778502168746332,5,1
TSLA,2023-11-16,0.5837692010552324,0.10662249726756355,0.3096082901829065,0.27416091087232597,0.27416091087232597,5,1
TSLA,2023-11-17,0.011527793547019615,0.025107346709553807,0.9633648605784675,0.9518370670314479,-0.9518370670314479,5,1
TSLA,2023-11-20,0.7546879168096872,0.06686920018410783,0.17844287095145828,0.5762450458582289,0.5762450458582289,5,1
TSLA,2023-11-21,0.20492510140792322,0.04253611979437655,0.7525388182509497,0.5476137168430265,-0.5476137168430265,5,1
TSLA,2023-11-22,0.38883173944494753,0.062401560298728224,0.5487667120473979,0.15993497260245038,-0.15993497260245038,5,1
TSLA,2023-11-24,0.7476441781849335,0.040248541036287326,0.21210725939774347,0.53553691878719,0.53553691878719,5,1
TSLA,2023-11-27,0.010999792724505453,0.03235319558657256,0.9566470134806139,0.9456472207561084,-0.9456472207561084,5,1
TSLA,2023-11-28,0.7735428327818025,0.09396572665062464,0.132491452907324,0.6410513798744785,0.6410513798744785,5,1
TSLA,2023-11-29,0.5759047046918095,0.0357617376482426,0.3883335779221987,0.18757112676961085,0.18757112676961085,5,1
TSLA,2023-11-30,0.01512177153104575,0.03990111107913288,0.9449771302347688,0.929855358703723,-0.929855358703723,5,1
TSLA,2023-12-01,0.010798182936921088,0.019910475269073274,0.9692913498002251,0.958493166863304,-0.958493166863304,5,1
TSLA,2023-12-04,0.1953885884407848,0.039035131027734406,0.7655762810933688,0.5701876926525841,-0.5701876926525841,5,1
TSLA,2023-12-05,0.01398563528139778,0.017009828566153466,0.9690045296852011,0.9550188944038034,-0.9550188944038034,5,1
TSLA,2023-12-06,0.3026900237891213,0.09839930467880209,0.5989106856740782,0.29622066188495694,-0.29622066188495694,5,1
TSLA,2023-12-07,0.18145190715762557,0.03738088867633296,0.781167230529951,0.5997153233723254,-0.5997153233723254,5,1
TSLA,2023-12-08,0.37807407646135793,0.04150296438771505,0.5804229419508089,0.20234886548945097,-0.20234886548945097,5,1
TSLA,2023-12-11,0.5701509427036245,0.032973002043938174,0.39687601072451906,0.17327493197910548,0.17327493197910548,5,1
TSLA,2023-12-12,0.35316062680864563,0.057909470560755245,0.5889298928073456,0.23576926599870002,-0.23576926599870002,5,1
TSLA,2023-12-13,0.7375912736374102,0.04542352429191238,0.2169851824922455,0.5206060911451647,0.5206060911451647,5,1
TSLA,2023-12-14,0.5821979121200364,0.04396306186002902,0.37383905284926605,0.2083588592707703,0.2083588592707703,5,1
WFC,2016-09-07,0.8052779550426253,0.13331163197958068,0.06141040257961356,0.7438675524630117,0.7438675524630117,5,1
WFC,2016-09-08,0.03851190573707938,0.04170968004734634,0.919778414578878,0.8812665088417986,-0.8812665088417986,5,1
WFC,2016-09-09,0.009945254226633327,0.04728517693184478,0.9427695462563723,0.932824292029739,-0.932824292029739,5,1
WFC,2016-09-12,0.7211610750572583,0.07330983196422929,0.20552911658291972,0.5156319584743386,0.5156319584743386,5,1
WFC,2016-09-13,0.6530449039256534,0.09657281551165076,0.2503822966635867,0.4026626072620667,0.4026626072620667,5,1
WFC,2016-09-14,0.17068587922713924,0.10933102160145138,0.7199831193066075,0.5492972400794682,-0.5492972400794682,5,1
WFC,2016-09-15,0.19412289491099916,0.05259642639166429,0.7532806924304015,0.5591577975194024,-0.5591577975194024,5,1
WFC,2016-09-16,0.19420695086178588,0.028545890040689477,0.7772471745010511,0.5830402236392652,-0.5830402236392652,5,1
WFC,2016-09-19,0.2202766707555785,0.13798992696595383,0.6417334251640318,0.42145675440845326,-0.42145675440845326,5,1
WFC,2016-09-20,0.17743203850966965,0.07949235481663633,0.7430756003141789,0.5656435618045093,-0.5656435618045093,5,1
WFC,2016-09-21,0.33017648322723714,0.10444197321628047,0.5653815083558986,0.23520502512866148,-0.23520502512866148,5,1
WFC,2016-09-22,0.1730458141162127,0.04924908620121255,0.7777051339923338,0.6046593198761211,-0.6046593198761211,5,1
WFC,2016-09-23,0.3755345848739211,0.3164086845180359,0.30805672042028054,0.06747786445364057,0.06747786445364057,5,1
WFC,2016-09-26,0.19110754469070798,0.16434507608570606,0.6445473551757075,0.4534398104849995,-0.4534398104849995,5,1
WFC,2016-09-27,0.16636401055081093,0.09848010213070217,0.7351558631901725,0.5687918526393615,-0.5687918526393615,5,1
WFC,2016-09-28,0.35676412934337465,0.07418171564572011,0.5690541431806964,0.2122900138373217,-0.2122900138373217,5,1
WFC,2016-09-29,0.15601740264804803,0.05577040911188003,0.7882122059901376,0.6321948033420897,-0.6321948033420897,5,1
WFC,2016-09-30,0.017653595929489563,0.058851242055825245,0.9234951804429529,0.9058415845134633,-0.9058415845134633,5,1
WFC,2016-10-03,0.01566762817654982,0.02719727640797611,0.9571350927985158,0.9414674646219661,-0.9414674646219661,5,1
WFC,2016-10-04,0.022143539191402748,0.047831560212685226,0.9300248688609186,0.9078813296695158,-0.9078813296695158,5,1
WFC,2016-10-05,0.13979378016444877,0.11805132311108592,0.7421548687277103,0.6023610885632615,-0.6023610885632615,5,1
WFC,2016-10-06,0.28001626253328277,0.1675870433844885,0.552396685041814,0.2723804225085313,-0.2723804225085313,5,1
WFC,2016-10-07,0.33421868220100737,0.06750133068005816,0.5982800060181668,0.2640613238171594,-0.2640613238171594,5,1
WFC,2016-10-10,0.7001360101466434,0.16417435340075,0.1356896317092758,0.5644463784373676,0.5644463784373676,5,1
WFC,2016-10-11,0.1597108612028442,0.07544323555903236,0.7648459080925096,0.6051350468896655,-0.6051350468896655,5,1
WFC,2016-10-12,0.5331703433180394,0.10497527892444637,0.36185440772177985,0.17131593559625952,0.17131593559625952,5,1
WFC,2016-10-13,0.012272591112873689,0.02507042131706385,0.9626569943337342,0.9503844032208605,-0.9503844032208605,5,1
WFC,2016-10-14,0.3775231677604167,0.02895663912673046,0.5935201966762969,0.21599702891588013,-0.21599702891588013,5,1
WFC,2016-10-17,0.20134122550166456,0.03004280831764691,0.7686159692027154,0.5672747437010508,-0.5672747437010508,5,1
WFC,2016-10-18,0.6903416263758354,0.1362238623378737,0.17343452356320443,0.516907102812631,0.516907102812631,5,1
WFC,2016-10-19,0.42824190231430637,0.09597582056146187,0.4757822843343344,0.04754038202002803,-0.04754038202002803,5,1
WFC,2016-10-20,0.14058546034685798,0.22108867335830287,0.6383258806678861,0.4977404203210281,-0.4977404203210281,3,1
WFC,2016-10-21,0.7472290916967896,0.16214034725387155,0.09063061320537458,0.6565984784914151,0.6565984784914151,5,1
WFC,2016-10-24,0.5959930837858811,0.3790050042660055,0.02500188223726314,0.5709912015486179,0.5709912015486179,2,1
WFC,2016-10-25,0.03606422245502472,0.14215171337127686,0.8217841386795044,0.7857199162244797,-0.7857199162244797,1,1
WFC,2016-10-26,0.019863788038492203,0.9458864331245422,0.03424983471632004,0.014386046677827835,-0.014386046677827835,1,1
WFC,2016-10-27,0.8166715506552229,0.11216292678258481,0.07116554065029018,0.7455060100049327,0.7455060100049327,5,1
WFC,2016-10-28,0.5492960885176726,0.2191308677789629,0.2315730703329961,0.3177230181846765,0.3177230181846765,5,1
WFC,2016-10-31,0.07579886349704304,0.2397835617053086,0.6844176230471972,0.6086187595501542,-0.6086187595501542,2,1
WFC,2016-11-01,0.027663022541890035,0.21431007404201174,0.7580268739550208,0.7303638514131308,-0.7303638514131308,2,1
WFC,2016-11-02,0.6470533451059284,0.07877524986723937,0.2741714426887562,0.3728819024171722,0.3728819024171722,5,1
WFC,2016-11-03,0.6350244076779911,0.26707326165188006,0.0979023411942927,0.5371220664836984,0.5371220664836984,5,1
WFC,2016-11-04,0.6688128347010129,0.11004917004877267,0.22113801545534748,0.44767481924566543,0.44767481924566543,5,1
WFC,2016-11-07,0.7779800578921319,0.13082149509593424,0.09119841649144829,0.6867816414006835,0.6867816414006835,5,1
WFC,2016-11-08,0.5508274763466172,0.10418199496802036,0.3449905557809575,0.20583692056565972,0.20583692056565972,5,1
WFC,2016-11-09,0.6640984117580507,0.085451156397331,0.25045043697773234,0.4136479747803184,0.4136479747803184,5,1
WFC,2016-11-10,0.9153152704238892,0.030462775379419327,0.054221928119659424,0.8610933423042297,0.8610933423042297,1,1
WFC,2016-11-11,0.6753716913877101,0.2210825930960039,0.10354576943197784,0.5718259219557323,0.5718259219557323,4,1
WFC,2016-11-14,0.5075252015292256,0.19143346749774198,0.3010413338215769,0.20648386770764876,0.20648386770764876,4,1
WFC,2016-11-15,0.49650964559868777,0.19036386266118774,0.313126523939774,0.18338312165891374,0.18338312165891374,5,1
WFC,2016-11-16,0.015750673780000397,0.07733886372627646,0.9069104683029037,0.8911597945229033,-0.8911597945229033,4,1
WFC,2016-11-17,0.1199827978749678,0.09892523525550585,0.7810919636442678,0.6611091657693,-0.6611091657693,5,1
WFC,2016-11-18,0.3220418515566391,0.23790673149732577,0.4400514037133998,0.11800955215676068,-0.11800955215676068,5,1
WFC,2016-11-21,0.5440236804467037,0.3040921695159366,0.1518841473032307,0.392139533143473,0.392139533143473,5,1
WFC,2016-11-22,0.6843765811634253,0.2908541806760622,0.02476914982390826,0.659607431339517,0.659607431339517,5,1
WFC,2016-11-23,0.7494810819625854,0.1531575620174408,0.09736138582229614,0.6521196961402893,0.6521196961402893,1,1
WFC,2016-11-25,0.7736307248651881,0.1683597177820834,0.058009541027131996,0.7156211838380562,0.7156211838380562,5,1
WFC,2016-11-28,0.029466632029966012,0.2195682141029231,0.7509651957128582,0.7214985636828922,-0.7214985636828922,5,1
WFC,2016-11-29,0.6262039407765941,0.11441946832005419,0.2593765785234613,0.36682736225313284,0.36682736225313284,5,1
WFC,2016-11-30,0.7018570403216886,0.1068130936468,0.1913298554592584,0.5105271848624302,0.5105271848624302,5,1
WFC,2016-12-01,0.39102457268777463,0.1883904084578414,0.42058501814014104,0.029560445452366413,-0.029560445452366413,5,1
WFC,2016-12-02,0.0,0.0,0.0,0.0,0.0,0,0
WFC,2016-12-05,0.09491147845983505,0.7773569226264954,0.1277315467596054,0.032820068299770355,-0.032820068299770355,1,1
WFC,2016-12-06,0.8303798853394438,0.09986845292285286,0.06975165524951252,0.7606282300899313,0.7606282300899313,5,1
WFC,2016-12-07,0.5393945840996925,0.11481735964424603,0.3457880398340804,0.19360654426561213,0.19360654426561213,5,1
WFC,2016-12-08,0.6132040601291815,0.3106660607179872,0.07612988877838697,0.5370741713507945,0.5370741713507945,3,1
WFC,2016-12-09,0.19988590829826375,0.20617844008426453,0.593935642338509,0.3940497340402453,-0.3940497340402453,4,1
WFC,2016-12-12,0.015361874052458254,0.025007233938592527,0.9596308278881237,0.9442689538356654,-0.9442689538356654,2,1
WFC,2016-12-13,0.01575672604908921,0.09104390244701327,0.8931993710083309,0.8774426449592417,-0.8774426449592417,5,1
WFC,2016-12-14,0.45411720214406615,0.06780560863892701,0.47807719291397555,0.0239599907699094,-0.0239599907699094,5,1
WFC,2016-12-15,0.34338339736171153,0.15668926207767656,0.4999273377001329,0.1565439403384214,-0.1565439403384214,5,1
WFC,2016-12-16,0.2960814949966415,0.2626680157520813,0.44125049433824587,0.14516899934160438,-0.14516899934160438,5,1
WFC,2016-12-19,0.08217820509300866,0.29981242629009003,0.6180093440609655,0.5358311389679569,-0.5358311389679569,5,1
WFC,2016-12-20,0.6588900188249882,0.25042722322007893,0.09068278102985798,0.5682072377951303,0.5682072377951303,5,1
WFC,2016-12-21,0.6024344098705321,0.18859904332345573,0.20896654610686757,0.3934678637636645,0.3934678637636645,4,1
WFC,2016-12-22,0.5551766071547534,0.3976756292382767,0.047147734984148384,0.508028872170605,0.508028872170605,5,1
WFC,2016-12-23,0.046505289071385535,0.05452286413900133,0.8989718544535475,0.852466565382162,-0.852466565382162,3,1
WFC,2016-12-27,0.8379910677595775,0.08957837783570241,0.07243059625417243,0.7655604715054051,0.7655604715054051,5,1
WFC,2016-12-28,0.4955170821068638,0.05196358481513646,0.45251932723978966,0.042997754867074134,0.042997754867074134,5,1
WFC,2016-12-29,0.3483617647341517,0.13274172530024103,0.5188965132171561,0.17053474848300443,-0.17053474848300443,5,1
WFC,2016-12-30,0.6891594331954735,0.06253009044655278,0.2483104508797823,0.44084898231569114,0.44084898231569114,5,1
WFC,2017-01-03,0.8242086625495406,0.10771897114088115,0.06807239687645288,0.7561362656730878,0.7561362656730878,5,1
WFC,2017-01-04,0.5776159253734215,0.23007302819589312,0.1923110501072037,0.3853048752662178,0.3853048752662178,5,1
WFC,2017-01-05,0.32505483295511306,0.6609146477878839,0.014030457495093554,0.3110243754600195,0.3110243754600195,2,1
WFC,2017-01-06,0.34609755862008024,0.0789896116581123,0.5749127932747556,0.2288152346546754,-0.2288152346546754,5,1
WFC,2017-01-09,0.43244581319152375,0.14857456875924815,0.4189796269782342,0.013466186213289544,0.013466186213289544,5,1
WFC,2017-01-10,0.6372287132968619,0.08823654066825988,0.27453479713987416,0.36269391615698776,0.36269391615698776,5,1
WFC,2017-01-11,0.4612103911903479,0.1520021924599105,0.3867874066742142,0.07442298451613372,0.07442298451613372,5,1
WFC,2017-01-12,0.295489088279087,0.11712726810097618,0.587383631254061,0.291894542974974,-0.291894542974974,5,1
WFC,2017-01-13,0.7493570654679595,0.031173872001833268,0.21946904043872495,0.5298880250292346,0.5298880250292346,5,1
WFC,2017-01-17,0.23927381848117868,0.1083591438587571,0.652367022628174,0.41309320414699535,-0.41309320414699535,5,1
WFC,2017-01-18,0.7381873701874733,0.0389687915293191,0.2228438294132209,0.5153435407742524,0.5153435407742524,5,1
WFC,2017-01-19,0.3057273670150256,0.5766983898468163,0.1175742264369153,0.18815314057811033,0.18815314057811033,5,1
WFC,2017-01-20,0.4786582597679814,0.15753773529465664,0.3638039776127176,0.11485428215526378,0.11485428215526378,5,1
WFC,2017-01-23,0.03153293579816818,0.9347090721130371,0.033758025616407394,0.002225089818239212,-0.002225089818239212,1,1
WFC,2017-01-24,0.5489578821618932,0.17094123102455633,0.28010090843549323,0.2688569737264,0.2688569737264,5,1
WFC,2017-01-25,0.6066948056854873,0.2100668268232544,0.18323836635321109,0.42345643933227617,0.42345643933227617,5,1
WFC,2017-01-26,0.7565114667274865,0.03819405022325854,0.2052944874350557,0.5512169792924307,0.5512169792924307,5,1
WFC,2017-01-27,0.2769191582710124,0.17743815177477862,0.5456426633188098,0.26872350504779746,-0.26872350504779746,5,1
WFC,2017-01-30,0.45737305776274734,0.09035735903742685,0.45226956661780093,0.005103491144946404,0.005103491144946404,5,1
WFC,2017-01-31,0.7776481270152819,0.14885557562609023,0.07349628886597363,0.7041518381493083,0.7041518381493083,5,1
WFC,2017-02-01,0.4638229916503351,0.1033584923039835,0.43281853698461886,0.03100445466571622,0.03100445466571622,5,1
WFC,2017-02-02,0.5976444342778301,0.13748249947170887,0.2648730943460152,0.3327713399318149,0.3327713399318149,5,1
WFC,2017-02-03,0.8627549162907565,0.08475029697994739,0.052494788654500996,0.8102601276362555,0.8102601276362555,5,1
WFC,2017-02-06,0.7640157553294323,0.1541566346183422,0.08182761160491192,0.6821881437245204,0.6821881437245204,5,1
WFC,2017-02-07,0.7718326528535634,0.13675339203027506,0.09141396918536493,0.6804186836681985,0.6804186836681985,5,1
WFC,2017-02-08,0.023615793875077774,0.27502978917535736,0.7013543500728052,0.6777385561977275,-0.6777385561977275,4,1
WFC,2017-02-09,0.010231810239023333,0.08883678861501626,0.9009314074553428,0.8906995972163195,-0.8906995972163195,3,1
WFC,2017-02-10,0.15877762962743433,0.5688389263676386,0.27238348638519666,0.11360585675776233,-0.11360585675776233,3,1
WFC,2017-02-13,0.0,0.0,0.0,0.0,0.0,0,0
WFC,2017-02-14,0.6594908799291422,0.25285732947374856,0.0876517772685226,0.5718391026606197,0.5718391026606197,5,1
WFC,2017-02-15,0.6955792259863632,0.1702892061573712,0.13413156620770955,0.5614476597786537,0.5614476597786537,5,1
WFC,2017-02-16,0.4770161878060239,0.0682221980653294,0.45476163960392996,0.022254548202093938,0.022254548202093938,3,1
WFC,2017-02-17,0.3688838619011742,0.18934293338652988,0.4417731755500121,0.07288931364883788,-0.07288931364883788,5,1
WFC,2017-02-21,0.3827115329282999,0.21378863134875187,0.4034998155186418,0.020788282590341878,-0.020788282590341878,5,1
WFC,2017-02-22,0.6102220704992436,0.1084023385741241,0.28137559726982203,0.32884647322942157,0.32884647322942157,4,1
WFC,2017-02-23,0.5967932253478433,0.10763438426444173,0.29557238393369,0.3012208414141533,0.3012208414141533,5,1
WFC,2017-02-24,0.6331417760997379,0.06886914488238692,0.29798907112049006,0.3351527049792478,0.3351527049792478,5,1
WFC,2017-02-27,0.6710862252140147,0.245618934828758,0.0832948744611218,0.5877913507528929,0.5877913507528929,4,1
WFC,2017-02-28,0.7749260577836763,0.14171126688552532,0.08336264454116073,0.6915634132425156,0.6915634132425156,5,1
WFC,2017-03-01,0.5908702659103077,0.1400340875111759,0.2690956523828327,0.321774613527475,0.321774613527475,5,1
WFC,2017-03-02,0.4856737306265167,0.16687782011517807,0.34744848627480995,0.13822524435170674,0.13822524435170674,3,1
WFC,2017-03-03,0.4255843576954338,0.21610350606143827,0.358312140534594,0.06727221716083981,0.06727221716083981,4,1
WFC,2017-03-06,0.818413459525324,0.1597943959086288,0.021792176718939026,0.7966212828063849,0.7966212828063849,5,1
WFC,2017-03-07,0.6401226357905571,0.10808306938067663,0.25179430531058083,0.3883283304799762,0.3883283304799762,5,1
WFC,2017-03-08,0.3965965301874511,0.41454674155545196,0.1888567447772504,0.20773978541020072,0.20773978541020072,4,1
WFC,2017-03-09,0.7502700342578723,0.19217708743030756,0.057552859980788636,0.6927171742770837,0.6927171742770837,5,1
WFC,2017-03-10,0.6164332868971126,0.11212488283114916,0.27144180437949295,0.3449914825176197,0.3449914825176197,5,1
WFC,2017-03-13,0.6512958218346871,0.25960610283868657,0.08909803023756104,0.5621977915971261,0.5621977915971261,5,1
WFC,2017-03-14,0.7645708640016122,0.144310305486075,0.09111882106399499,0.6734520429376172,0.6734520429376172,5,1
WFC,2017-03-15,0.7364206972658287,0.2202162223180724,0.04336308767924869,0.69305760958658,0.69305760958658,5,1
WFC,2017-03-16,0.6508033633896131,0.23094867598125807,0.11824794042321349,0.5325554229663996,0.5325554229663996,2,1
WFC,2017-03-17,0.283888557046657,0.6459382373858338,0.07017319486639607,0.21371536218026094,0.21371536218026094,2,1
WFC,2017-03-20,0.01709570356202033,0.03596013011943101,0.9469441921676475,0.9298484886056272,-0.9298484886056272,5,1
WFC,2017-03-21,0.27317657375629556,0.24547994874530035,0.4813434741376002,0.20816690038130464,-0.20816690038130464,5,1
WFC,2017-03-22,0.1791113639111097,0.10824904475971985,0.7126395980370109,0.5335282341259012,-0.5335282341259012,5,1
WFC,2017-03-23,0.6576480829612033,0.24992718667120278,0.09242473956859518,0.565223343392608,0.565223343392608,5,1
WFC,2017-03-24,0.37969916054019337,0.21724383803837094,0.4030569869845125,0.023357826444319107,-0.023357826444319107,5,1
WFC,2017-03-27,0.09440161422975475,0.20841083914389708,0.69718754665799,0.6027859324282352,-0.6027859324282352,5,1
WFC,2017-03-28,0.684411067091562,0.06574074118151543,0.2498482142799656,0.43456285281159635,0.43456285281159635,5,1
WFC,2017-03-29,0.48411459029034526,0.1854871341912645,0.330398279784361,0.15371631050598428,0.15371631050598428,5,1
WFC,2017-03-30,0.7774834811855417,0.15608438749434095,0.06643214113606544,0.7110513400494762,0.7110513400494762,3,1
WFC,2017-03-31,0.5199252704576738,0.18837322513690624,0.29170150118955807,0.22822376926811572,0.22822376926811572,3,1
WFC,2017-04-03,0.4820343083004499,0.08723363436824325,0.43073207610194225,0.05130223219850766,0.05130223219850766,4,1
WFC,2017-04-04,0.8156003892190561,0.13562801520381246,0.0487715951867208,0.7668287940323353,0.7668287940323353,2,1
WFC,2017-04-05,0.7218863764038722,0.0701083731305775,0.20800523260834675,0.5138811437955255,0.5138811437955255,5,1
WFC,2017-04-06,0.23391503400605143,0.20088109976110302,0.5652038763754236,0.33128884236937217,-0.33128884236937217,3,1
WFC,2017-04-07,0.42255869238134575,0.1247980365474699,0.4526432534669338,0.030084561085588046,-0.030084561085588046,5,1
WFC,2017-04-10,0.02404871757160732,0.06001381827370863,0.9159374693360232,0.8918887517644158,-0.8918887517644158,5,1
WFC,2017-04-11,0.5126453226501195,0.10253123922451461,0.384823426350706,0.12782189629941354,0.12782189629941354,5,1
WFC,2017-04-12,0.18032410980839747,0.05928019391743442,0.7603956868640047,0.5800715770556073,-0.5800715770556073,5,1
WFC,2017-04-13,0.010260999569395317,0.015530517754226111,0.9742084899074543,0.963947490338059,-0.963947490338059,5,1
WFC,2017-04-17,0.5564793409790414,0.05323916593090875,0.39028145667021064,0.16619788430883076,0.16619788430883076,5,1
WFC,2017-04-18,0.6864912448035894,0.08352887513270538,0.2299798821821163,0.45651136262147307,0.45651136262147307,5,1
WFC,2017-04-19,0.6677311534075304,0.12134669714282087,0.2109221546639368,0.4568089987435936,0.4568089987435936,5,1
WFC,2017-04-20,0.7889369820691926,0.18255236920283796,0.028510653960319758,0.7604263281088729,0.7604263281088729,5,1
WFC,2017-04-21,0.5175076811957566,0.058137162323761815,0.4243551720569643,0.0931525091387923,0.0931525091387923,5,1
WFC,2017-04-24,0.2292695077025265,0.08589728858849782,0.6848332446099473,0.4555637369074208,-0.4555637369074208,5,1
WFC,2017-04-25,0.19469699187220388,0.03339743241658514,0.7719055752044351,0.5772085833322312,-0.5772085833322312,5,1
WFC,2017-04-26,0.4358790153647774,0.09732369240546651,0.4667972596768542,0.030918244312076792,-0.030918244312076792,5,1
WFC,2017-04-27,0.4413283321764241,0.08219383872431821,0.47647779090288844,0.035149458726464355,-0.035149458726464355,5,1
WFC,2017-04-28,0.6273858334126223,0.17584754479932715,0.19676662885653973,0.4306192045560826,0.4306192045560826,5,1
WFC,2017-05-01,0.5094308327142449,0.11346923386979751,0.37709996092075576,0.13233087179348918,0.13233087179348918,5,1
WFC,2017-05-02,0.61204427156723,0.1066815063376433,0.28127421319308205,0.3307700583741479,0.3307700583741479,5,1
WFC,2017-05-03,0.6071021878194939,0.11408268417326416,0.2788150960750241,0.3282870917444698,0.3282870917444698,5,1
WFC,2017-05-04,0.29651962682970356,0.17062055167749632,0.5328598669735742,0.23634024014387067,-0.23634024014387067,5,1
WFC,2017-05-05,0.5448198888359316,0.15208470997464885,0.30309542548095253,0.24172446335497905,0.24172446335497905,5,1
WFC,2017-05-08,0.6915344777557868,0.2153206459748042,0.09314484007060611,0.5983896376851807,0.5983896376851807,5,1
WFC,2017-05-09,0.6904051359990082,0.2429216143432299,0.06667322249736625,0.6237319135016419,0.6237319135016419,4,1
WFC,2017-05-10,0.08681468973993967,0.6398434537885566,0.2733418322881758,0.18652714254823616,-0.18652714254823616,3,1
WFC,2017-05-11,0.30612977464528096,0.06145711561951944,0.6324131129994093,0.3262833383541283,-0.3262833383541283,4,1
WFC,2017-05-12,0.22913588681827188,0.15464978688357048,0.6162143211044809,0.387078434286209,-0.387078434286209,5,1
WFC,2017-05-15,0.3223535213185638,0.23536497619581312,0.4422814806875313,0.1199279593689675,-0.1199279593689675,5,1
WFC,2017-05-16,0.22756792434566406,0.20869185973942272,0.5637402258574578,0.33617230151179367,-0.33617230151179367,5,1
WFC,2017-05-17,0.18410414855346394,0.0519287471490096,0.7639671100277668,0.5798629614743029,-0.5798629614743029,5,1
WFC,2017-05-18,0.4411118950640907,0.18704265532729655,0.3718454926150026,0.0692664024490881,0.0692664024490881,5,1
WFC,2017-05-19,0.5156684437801207,0.4263682749242227,0.05796331204819323,0.45770513173192745,0.45770513173192745,2,1
WFC,2017-05-22,0.0,0.0,0.0,0.0,0.0,0,0
WFC,2017-05-23,0.29924613446395,0.10259036904337662,0.598163547178679,0.29891741271472905,-0.29891741271472905,3,1
WFC,2017-05-24,0.2930117714336846,0.09175632205372503,0.6152319320245678,0.3222201605908832,-0.3222201605908832,5,1
WFC,2017-05-25,0.5297834171195411,0.1935503384645705,0.2766662293242552,0.2531171877952859,0.2531171877952859,5,1
WFC,2017-05-26,0.8618309758573363,0.08148109089382499,0.056687954943196964,0.8051430209141393,0.8051430209141393,5,1
WFC,2017-05-30,0.8098394651375447,0.12049034728420971,0.06967020191499068,0.740169263222554,0.740169263222554,5,1
WFC,2017-05-31,0.5405197883496575,0.13640890766694613,0.3230713079973111,0.21744848035234643,0.21744848035234643,5,1
WFC,2017-06-01,0.4652969331992321,0.14305317433277961,0.3916498956737591,0.07364703752547302,0.07364703752547302,5,1
WFC,2017-06-02,0.7068132162094116,0.1951323300600052,0.09805434942245483,0.6087588667869568,0.6087588667869568,1,1
WFC,2017-06-05,0.038088670768444015,0.12320180529859329,0.838709511471076,0.800620840702632,-0.800620840702632,5,1
WFC,2017-06-06,0.8088756791722922,0.12889634872560102,0.06222799394627582,0.7466476852260164,0.7466476852260164,5,1
WFC,2017-06-07,0.7978021552732247,0.11601812185541442,0.08617973471613784,0.7116224205570869,0.7116224205570869,5,1
WFC,2017-06-08,0.6860497042283799,0.2614766341955306,0.05247368581656685,0.633576018411813,0.633576018411813,5,1
WFC,2017-06-09,0.5277153271496289,0.09965070249396969,0.3726339682856587,0.15508135886397018,0.15508135886397018,5,1
WFC,2017-06-12,0.8000473567074012,0.11793720289741898,0.08201543767731773,0.7180319190300835,0.7180319190300835,5,1
WFC,2017-06-13,0.43221528028425654,0.09021210921907122,0.47757264154192325,0.045357361257666706,-0.045357361257666706,5,1
WFC,2017-06-14,0.49492827414319684,0.16048985897839507,0.3445818364454188,0.15034643769777806,0.15034643769777806,5,1
WFC,2017-06-15,0.04535476337001702,0.08391056796982978,0.8707346788373806,0.8253799154673637,-0.8253799154673637,5,1
WFC,2017-06-16,0.37345652297750964,0.20687121310983864,0.41967221608235566,0.04621569310484602,-0.04621569310484602,5,1
WFC,2017-06-19,0.20785957323716114,0.19311888176416,0.5990215234485285,0.3911619502113674,-0.3911619502113674,5,1
WFC,2017-06-20,0.03082429233097529,0.10196284207106675,0.8672129380246351,0.8363886456936598,-0.8363886456936598,2,1
WFC,2017-06-21,0.29557555607545744,0.09372888335900588,0.6106955445410103,0.31511998846555284,-0.31511998846555284,5,1
WFC,2017-06-22,0.11927410641436896,0.8531038038430535,0.027622090687236433,0.09165201572713252,0.09165201572713252,2,1
WFC,2017-06-23,0.20866459727956055,0.4691402711167248,0.32219516567186796,0.11353056839230741,-0.11353056839230741,4,1
WFC,2017-06-26,0.2689614544213925,0.35188162874829604,0.37915693301216674,0.11019547859077422,-0.11019547859077422,3,1
WFC,2017-06-27,0.8033312518132172,0.11689120260008086,0.07977755200045003,0.7235536998127672,0.7235536998127672,5,1
WFC,2017-06-28,0.8444161365384486,0.09709026615114512,0.058493586840050904,0.7859225496983977,0.7859225496983977,5,1
WFC,2017-06-29,0.5940092349632291,0.17000826252877804,0.2359825162630108,0.3580267187002183,0.3580267187002183,5,1
WFC,2017-06-30,0.842200751635955,0.09785903692219292,0.05994026124543251,0.7822604903905225,0.7822604903905225,5,1
WFC,2017-07-03,0.6087177675702207,0.144513664084895,0.2467685732362394,0.36194919433398126,0.36194919433398126,5,1
WFC,2017-07-05,0.3697083359649536,0.29419103128537505,0.33610062632787197,0.03360770963708165,0.03360770963708165,5,1
WFC,2017-07-06,0.20873178322296654,0.6320878048363741,0.15918040085071142,0.04955138237225512,0.04955138237225512,5,1
WFC,2017-07-07,0.20421386861004093,0.037987969637651935,0.75779816374096,0.5535842951309191,-0.5535842951309191,5,1
WFC,2017-07-10,0.32484937028160166,0.1263091951166675,0.548841458497216,0.22399208821561434,-0.22399208821561434,5,1
WFC,2017-07-11,0.6993629438105952,0.24759563181767258,0.05304138876164414,0.6463215550489511,0.6463215550489511,5,1
WFC,2017-07-12,0.325224848251471,0.08025311534746898,0.5945220129100703,0.2692971646585993,-0.2692971646585993,5,1
WFC,2017-07-13,0.6859528490139571,0.06473031719586937,0.24931680616319427,0.43663604285076285,0.43663604285076285,5,1
WFC,2017-07-14,0.010056330211823967,0.021495339181873623,0.9684483237328834,0.9583919935210594,-0.9583919935210594,5,1
WFC,2017-07-17,0.16863764303575943,0.1466265055393267,0.6847358478467869,0.5160982048110274,-0.5160982048110274,5,1
WFC,2017-07-18,0.664828379276688,0.15251442428180642,0.18265720070234417,0.4821711785743439,0.4821711785743439,5,1
WFC,2017-07-19,0.5169331530248011,0.07036737187649598,0.4126994694491669,0.10423368357563423,0.10423368357563423,5,1
WFC,2017-07-20,0.3773791954806284,0.15645469477437493,0.4661661196270247,0.08878692414639627,-0.08878692414639627,5,1
WFC,2017-07-21,0.5662595109795356,0.032014045706756984,0.40172645539675056,0.16453305558278508,0.16453305558278508,5,1
WFC,2017-07-24,0.24734020394471137,0.2959320632220544,0.4567277160340857,0.2093875120893743,-0.2093875120893743,5,1
WFC,2017-07-25,0.42407757175314514,0.08418983016836071,0.49173253556927504,0.0676549638161299,-0.0676549638161299,5,1
WFC,2017-07-26,0.7963266762719604,0.14800571531510362,0.05566759211805359,0.7406590841539068,0.7406590841539068,5,1
WFC,2017-07-27,0.6688323507556072,0.07601788095600412,0.2551497875724089,0.4136825631831983,0.4136825631831983,5,1
WFC,2017-07-28,0.4690584292023453,0.12060148076518344,0.41034011430237116,0.058718314899974144,0.058718314899974144,5,1
WFC,2017-07-31,0.4201471701527127,0.20221192529636817,0.37764087180797085,0.042506298344741844,0.042506298344741844,5,1
WFC,2017-08-01,0.5901607949972133,0.11186216888809335,0.29797702271514004,0.29218377228207326,0.29218377228207326,5,1
WFC,2017-08-02,0.6694133589182896,0.1146611375991294,0.21592548160646766,0.45348787731182194,0.45348787731182194,5,1
WFC,2017-08-03,0.4888995051239407,0.12948525060595747,0.38161527847578003,0.10728422664816067,0.10728422664816067,5,1
WFC,2017-08-04,0.3533775491848989,0.054093544085691565,0.5925289076701135,0.23915135848521457,-0.23915135848521457,5,1
WFC,2017-08-07,0.7543463851338573,0.17563037826502406,0.07002322821944183,0.6843231569144155,0.6843231569144155,5,1
WFC,2017-08-08,0.3240942799805468,0.11909084796099265,0.5568148444602586,0.23272056447971184,-0.23272056447971184,5,1
WFC,2017-08-09,0.07830355870742438,0.6712920902830478,0.25040432545291946,0.17210076674549507,-0.17210076674549507,5,1
WFC,2017-08-10,0.38904074064264016,0.19542455580274046,0.4155346910172815,0.026493950374641362,-0.026493950374641362,5,1
WFC,2017-08-11,0.2693556834108986,0.18329270073812873,0.5473516074735818,0.2779959240626832,-0.2779959240626832,5,1
WFC,2017-08-14,0.7387395785319674,0.18437882721706225,0.07688162535934642,0.661857953172621,0.661857953172621,5,1
WFC,2017-08-15,0.4137412984911884,0.2781254427771283,0.3081332535204653,0.10560804497072313,0.10560804497072313,5,1
WFC,2017-08-16,0.6926997674781257,0.23229476250702788,0.07500548460007175,0.617694282878054,0.617694282878054,4,1
WFC,2017-08-17,0.2136313613018114,0.24165938208550247,0.5447092929525827,0.3310779316507714,-0.3310779316507714,3,1
WFC,2017-08-18,0.1344680521633779,0.2894095334754908,0.5761224156423697,0.4416543634789918,-0.4416543634789918,4,1
WFC,2017-08-21,0.21307807084311953,0.1362356516805533,0.6506863057292545,0.43760823488613493,-0.43760823488613493,4,1
WFC,2017-08-22,0.5159785343643393,0.42328150968584694,0.06073994127290804,0.4552385930914312,0.4552385930914312,4,1
WFC,2017-08-23,0.2870280649991607,0.13248115670231525,0.5804907964058006,0.29346273140663987,-0.29346273140663987,5,1
WFC,2017-08-24,0.6414665671763475,0.17687500044921803,0.18165843344509708,0.45980813373125046,0.45980813373125046,3,1
WFC,2017-08-25,0.8552516417933297,0.1186133625649966,0.02613498963879791,0.8291166521545318,0.8291166521545318,3,1
WFC,2017-08-28,0.41733518652679696,0.2048253486714773,0.37783945429204374,0.03949573223475322,0.03949573223475322,5,1
WFC,2017-08-29,0.6696903016637086,0.0676531442850849,0.26265659564088756,0.407033706022821,0.407033706022821,5,1
WFC,2017-08-30,0.6833255003276312,0.12953115430150136,0.18714331081848806,0.4961821895091431,0.4961821895091431,5,1
WFC,2017-08-31,0.5900479634974561,0.04907038610828519,0.3608816533287182,0.22916631016873795,0.22916631016873795,5,1
WFC,2017-09-01,0.37663526229433897,0.2532130497290478,0.3701516742740354,0.006483588020303577,0.006483588020303577,5,1
WFC,2017-09-05,0.20359301697237941,0.21285257470763588,0.5835544200551216,0.3799614030827422,-0.3799614030827422,5,1
WFC,2017-09-06,0.8467115295940751,0.08572434604525425,0.0675641032389018,0.7791474263551733,0.7791474263551733,5,1
WFC,2017-09-07,0.2121907350136145,0.19535107636643853,0.5924582002809569,0.38026746526734234,-0.38026746526734234,4,1
WMT,2020-02-20,0.26817444802937795,0.0865289607987996,0.6452965934476851,0.37712214541830713,-0.37712214541830713,5,1
WMT,2020-02-21,0.0,0.0,0.0,0.0,0.0,0,0
WMT,2020-02-24,0.7766051504697652,0.03995570411495695,0.1834391064878554,0.5931660439819098,0.5931660439819098,2,1
WMT,2020-02-25,0.3916627702899871,0.031147726366521147,0.5771894537200779,0.18552668343009082,-0.18552668343009082,5,1
WMT,2020-02-26,0.7949995616771964,0.1823443807209533,0.022656047795454198,0.7723435138817423,0.7723435138817423,5,1
WMT,2020-02-27,0.5311444087059172,0.11060030431796897,0.3582552999525472,0.17288910875337,0.17288910875337,5,1
WMT,2020-02-28,0.17681140125526862,0.03666224437321413,0.7865263395491658,0.6097149382938972,-0.6097149382938972,5,1
WMT,2020-03-02,0.5679732935307459,0.03361019568966349,0.39841654087053757,0.1695567526602083,0.1695567526602083,5,1
WMT,2020-03-03,0.3649753526833437,0.04549281323802021,0.5895318302328515,0.2245564775495078,-0.2245564775495078,5,1
WMT,2020-03-04,0.014451816933772288,0.04138455130403577,0.9441636521902798,0.9297118352565075,-0.9297118352565075,3,1
WMT,2020-03-05,0.053283733153402235,0.1381139296354825,0.8086023652724491,0.7553186321190468,-0.7553186321190468,5,1
WMT,2020-03-06,0.36711790806965205,0.04270366535756459,0.5901784469386909,0.22306053886903887,-0.22306053886903887,5,1
WMT,2020-03-09,0.26996506227388595,0.06766114061452756,0.6623738059470351,0.39240874367314915,-0.39240874367314915,5,1
WMT,2020-03-10,0.6677053913543488,0.10097171221421986,0.23132291259772664,0.43638247875662217,0.43638247875662217,5,1
WMT,2020-03-11,0.033441756442588164,0.04349553108486641,0.9230626831577443,0.8896209267151561,-0.8896209267151561,5,1
WMT,2020-03-12,0.8767011236306036,0.1007086816747494,0.02259019228846617,0.8541109313421374,0.8541109313421374,3,1
WMT,2020-03-13,0.3260459391867827,0.17510118661996266,0.49885289722861853,0.17280695804183582,-0.17280695804183582,5,1
WMT,2020-03-16,0.0836804679229985,0.16042669457548797,0.7558928531207696,0.672212385197771,-0.672212385197771,5,1
WMT,2020-03-17,0.1870852534461936,0.03894381102311462,0.7739709477298815,0.586885694283688,-0.586885694283688,5,1
WMT,2020-03-18,0.2506705953637094,0.08661770395797486,0.6627117414104003,0.41204114604669095,-0.41204114604669095,5,1
WMT,2020-03-19,0.051449999668944806,0.08944217195844388,0.859107848329961,0.8076578486610162,-0.8076578486610162,5,1
WMT,2020-03-20,0.5564182446677156,0.0715900915669147,0.3719916762399638,0.1844265684277518,0.1844265684277518,5,1
WMT,2020-03-23,0.6194755260465128,0.15311422573010666,0.2274102617946232,0.3920652642518896,0.3920652642518896,5,1
WMT,2020-03-24,0.38562311847690156,0.05799748193166469,0.5563794233786568,0.1707563049017552,-0.1707563049017552,5,1
WMT,2020-03-25,0.3423920492953654,0.031253402446906824,0.6263545432124745,0.28396249391710915,-0.28396249391710915,5,1
WMT,2020-03-26,0.31099373605916697,0.11077496783760764,0.5782312432688861,0.2672375072097191,-0.2672375072097191,5,1
WMT,2020-03-27,0.4184692359573959,0.12224573396362148,0.4592850359039892,0.040815799946593345,-0.040815799946593345,5,1
WMT,2020-03-30,0.4656608626089427,0.023772267880411396,0.5105668589884065,0.0449059963794638,-0.0449059963794638,3,1
WMT,2020-03-31,0.5796271994055825,0.3403449921936003,0.08002783213316397,0.4995993672724185,0.4995993672724185,5,1
WMT,2020-04-01,0.21056817554764334,0.08303823970061767,0.7063935847567462,0.49582540920910284,-0.49582540920910284,5,1
WMT,2020-04-02,0.2869092046169059,0.06629975837885509,0.6467910456114959,0.35988184099459003,-0.35988184099459003,5,1
WMT,2020-04-03,0.7485817612601539,0.03770311271976876,0.21371515437975103,0.5348666068804029,0.5348666068804029,5,1
WMT,2020-04-06,0.3905012939699303,0.11719543247407717,0.4923032906097959,0.10180199663986561,-0.10180199663986561,5,1
WMT,2020-04-07,0.3949388199862435,0.0337054464065139,0.5713557085252139,0.17641688853897042,-0.17641688853897042,5,1
WMT,2020-04-08,0.6494804545632075,0.06124675942490363,0.2892728162223196,0.36020763834088787,0.36020763834088787,5,1
WMT,2020-04-09,0.5807811570366145,0.03717307532572276,0.38204578626894914,0.19873537076766534,0.19873537076766534,5,1
WMT,2020-04-13,0.38570829663322376,0.09522808435051705,0.5190636182864374,0.13335532165321368,-0.13335532165321368,5,1
WMT,2020-04-14,0.335671682401651,0.1173926745129856,0.5469356632501167,0.21126398084846565,-0.21126398084846565,5,1
WMT,2020-04-15,0.3891888480759989,0.024479810882044886,0.5863313389592315,0.1971424908832326,-0.1971424908832326,5,1
WMT,2020-04-16,0.1528614277771167,0.11327345059509167,0.7338651568165262,0.5810037290394094,-0.5810037290394094,5,1
WMT,2020-04-17,0.03648958460349755,0.040550066240907484,0.9229603472916948,0.8864707626881974,-0.8864707626881974,5,1
WMT,2020-04-20,0.3837464333166559,0.0972695804605372,0.5189839818430859,0.13523754852643,-0.13523754852643,5,1
WMT,2020-04-21,0.22279643078890968,0.05779252172032995,0.719411026574785,0.4966145957858753,-0.4966145957858753,5,1
WMT,2020-04-22,0.38616659629117145,0.041201539273575616,0.5726318744553112,0.18646527816413971,-0.18646527816413971,5,1
WMT,2020-04-23,0.3477470364325443,0.05388111313645609,0.5983718612268006,0.25062482479425635,-0.25062482479425635,5,1
WMT,2020-04-24,0.30363098331169514,0.1029337588168299,0.5934352404940497,0.2898042571823546,-0.2898042571823546,5,1
WMT,2020-04-27,0.9399726986885071,0.04115285724401474,0.018874380737543106,0.921098317950964,0.921098317950964,1,1
WMT,2020-04-28,0.39320152284673626,0.061277828599061133,0.5455206538380984,0.15231913099136218,-0.15231913099136218,5,1
WMT,2020-04-29,0.33630319663676517,0.04977795148367533,0.6139188663579341,0.27761566972116897,-0.27761566972116897,5,1
WMT,2020-04-30,0.34430559432302843,0.15890471586700536,0.49678966714142425,0.15248407281839582,-0.15248407281839582,5,1
WMT,2020-05-01,0.19122473590551928,0.021367545350422915,0.787407746681319,0.5961830107757997,-0.5961830107757997,5,1
WMT,2020-05-04,0.27918210036920804,0.1938967919494604,0.5269210663490579,0.24773896597984985,-0.24773896597984985,4,1
WMT,2020-05-05,0.008805889983956589,0.022097112623306516,0.9690969896602935,0.9602910996763369,-0.9602910996763369,2,1
WMT,2020-05-06,0.5292134813536402,0.05644598452559023,0.4143405087563685,0.1148729725972717,0.1148729725972717,5,1
WMT,2020-05-07,0.3828289556792953,0.07320666810644301,0.543964394222263,0.16113543854296764,-0.16113543854296764,4,1
WMT,2020-05-08,0.4230407265232165,0.11098371939304728,0.46597554969339955,0.042934823170183045,-0.042934823170183045,5,1
WMT,2020-05-11,0.4598836701926391,0.07474599676529854,0.46537033938018113,0.005486669187542037,-0.005486669187542037,3,1
WMT,2020-05-12,0.7913837973402587,0.11130349730949217,0.09731271754800416,0.6940710797922545,0.6940710797922545,5,1
WMT,2020-05-13,0.17530840811450835,0.07315708306911305,0.7515345203923918,0.5762261122778835,-0.5762261122778835,5,1
WMT,2020-05-14,0.24681094163798503,0.07277023894446395,0.680418803631732,0.433607861993747,-0.433607861993747,5,1
WMT,2020-05-15,0.5654314020939998,0.045320443523985475,0.3892481558893015,0.17618324620469827,0.17618324620469827,5,1
WMT,2020-05-18,0.4822595075044822,0.22926801923659557,0.28847243947775536,0.19378706802672685,0.19378706802672685,5,1
WMT,2020-05-19,0.20308251443005954,0.016748677910384507,0.7801687920297271,0.5770862775996676,-0.5770862775996676,5,1
WMT,2020-05-20,0.5623173222485536,0.024110439137960713,0.4135722360362556,0.14874508621229798,0.14874508621229798,5,1
WMT,2020-05-21,0.5600747790146842,0.0352920834131722,0.4046331202032852,0.15544165881139899,0.15544165881139899,5,1
WMT,2020-05-22,0.1343379508599492,0.06855222845317321,0.79710981899833,0.6627718681383807,-0.6627718681383807,5,1
WMT,2020-05-26,0.37576796246042427,0.09858420051244732,0.525647823787106,0.14987986132668168,-0.14987986132668168,5,1
WMT,2020-05-27,0.4572312897799576,0.04719126968549866,0.4955774380365709,0.03834614825661331,-0.03834614825661331,5,1
WMT,2020-05-28,0.43055040250564075,0.1031783137357225,0.4662713355883944,0.03572093308275365,-0.03572093308275365,5,1
WMT,2020-05-29,0.7244659410655333,0.035749044594414775,0.23978504104139192,0.4846809000241414,0.4846809000241414,5,1
WMT,2020-06-01,0.17311170391222572,0.030111536460266396,0.7967767784918773,0.6236650745796516,-0.6236650745796516,5,1
WMT,2020-06-02,0.11836096467660524,0.8062893902352394,0.07534962114455179,0.04301134353205345,0.04301134353205345,4,1
WMT,2020-06-03,0.3901961849843967,0.05409067789779928,0.5557130862811773,0.16551690129678065,-0.16551690129678065,5,1
WMT,2020-06-04,0.8006748212834914,0.08922442027219767,0.1101007382192582,0.6905740830642333,0.6905740830642333,4,1
WMT,2020-06-05,0.39728410296897904,0.07442776225153942,0.5282881473489033,0.13100404437992424,-0.13100404437992424,5,1
WMT,2020-06-08,0.7559280911825618,0.07084305163630411,0.17322887266559303,0.5826992185169687,0.5826992185169687,5,1
WMT,2020-06-09,0.7102088964927139,0.07103985816135668,0.2187512330087813,0.4914576634839326,0.4914576634839326,5,1
WMT,2020-06-10,0.4707188940850216,0.10596597773725856,0.4233151437926359,0.047403750292385693,0.047403750292385693,5,1
WMT,2020-06-11,0.5345142170946415,0.06045009712974959,0.4050356804963298,0.1294785365983117,0.1294785365983117,5,1
WMT,2020-06-12,0.45778816620171237,0.2210060477532752,0.32120577691555435,0.136582389286158,0.136582389286158,5,1
WMT,2020-06-15,0.5634880200826723,0.027527549599284697,0.4089844416270455,0.1545035784556268,0.1545035784556268,5,1
WMT,2020-06-16,0.6051004908759888,0.2813297707986179,0.11356973505424085,0.491530755821748,0.491530755821748,5,1
WMT,2020-06-17,0.5082160676341221,0.09970468610823903,0.39207923323242744,0.11613683440169464,0.11613683440169464,5,1
WMT,2020-06-18,0.920979170334474,0.06084545659051839,0.01817536077862783,0.9028038095558462,0.9028038095558462,5,1
WMT,2020-06-19,0.7600191272902912,0.22878726900565424,0.011193629853920658,0.7488254974363705,0.7488254974363705,5,1
WMT,2020-06-22,0.5626424608879907,0.044175527588985464,0.39318202891618376,0.169460431971807,0.169460431971807,5,1
WMT,2020-06-23,0.7528105643018962,0.037052721308813145,0.2101366998952819,0.5426738644066142,0.5426738644066142,5,1
WMT,2020-06-24,0.24860922719364947,0.11007028816466591,0.6413204809040246,0.39271125371037513,-0.39271125371037513,5,1
WMT,2020-06-25,0.7566156046329624,0.19867139086602909,0.04471297093292121,0.7119026337000411,0.7119026337000411,2,1
WMT,2020-06-26,0.39018122724230225,0.08753109242401093,0.522287707873716,0.13210648063141378,-0.13210648063141378,5,1
WMT,2020-06-29,0.19781673764935015,0.09340804085933226,0.7087751963304374,0.5109584586810872,-0.5109584586810872,5,1
WMT,2020-06-30,0.487158368265468,0.44808713696124086,0.06475451922293496,0.42240384904253303,0.42240384904253303,5,1
WMT,2020-07-01,0.5369810385296766,0.2758792313982555,0.18713973135417364,0.349841307175503,0.349841307175503,5,1
WMT,2020-07-02,0.5612663298717468,0.04434262545361887,0.3943910511197631,0.16687527875198377,0.16687527875198377,5,1
WMT,2020-07-06,0.27654761657409643,0.13303440315035903,0.5904179744794862,0.31387035790538975,-0.31387035790538975,5,1
WMT,2020-07-07,0.7035838319967631,0.0800173775469552,0.2163987776436473,0.4871850543531158,0.4871850543531158,5,1
WMT,2020-07-08,0.8232586330951993,0.13901505448624465,0.037726329032163754,0.7855323040630355,0.7855323040630355,5,1
WMT,2020-07-09,0.5746655955917704,0.10678854892151123,0.31854585792132895,0.2561197376704415,0.2561197376704415,5,1
WMT,2020-07-10,0.4721461708663892,0.10144151530158677,0.4264123234800078,0.04573384738638142,0.04573384738638142,5,1
WMT,2020-07-13,0.28672044032463384,0.7020410212165056,0.01123853747327587,0.275481902851358,0.275481902851358,3,1
WMT,2020-07-14,0.6883723091867535,0.06371667563877155,0.2479110166362321,0.4404612925505214,0.4404612925505214,5,1
WMT,2020-07-15,0.48377582445120126,0.11423028148601765,0.40199389405098207,0.0817819304002192,0.0817819304002192,5,1
WMT,2020-07-16,0.1254827651625462,0.2109918711954656,0.6635253614608309,0.5380425962982847,-0.5380425962982847,5,1
WMT,2020-07-17,0.5856665472983343,0.2158947381451043,0.19843871929559978,0.3872278280027346,0.3872278280027346,4,1
WMT,2020-07-20,0.7815256804564538,0.04673513856397828,0.17173916159678526,0.6097865188596685,0.6097865188596685,5,1
WMT,2020-07-21,0.4103028792292516,0.07161866919966162,0.5180784121839819,0.10777553295473025,-0.10777553295473025,5,1
WMT,2020-07-22,0.4663970273189762,0.31966832406813495,0.21393461469429334,0.25246241262468283,0.25246241262468283,5,1
WMT,2020-07-23,0.6895015679432722,0.07496354479463664,0.2355348624364252,0.45396670550684703,0.45396670550684703,5,1
WMT,2020-07-24,0.23734648387401733,0.19753332473341825,0.5651201883344594,0.3277737044604421,-0.3277737044604421,4,1
WMT,2020-07-27,0.8090003028186886,0.1516614558124811,0.03933820498624118,0.7696620978324474,0.7696620978324474,3,1
WMT,2020-07-28,0.6692253090664112,0.16824602023904472,0.16252867455518694,0.5066966345112243,0.5066966345112243,5,1
WMT,2020-07-29,0.07004367831690644,0.03819300737536305,0.8917633108393294,0.821719632522423,-0.821719632522423,5,1
WMT,2020-07-30,0.6190848991624928,0.13711864777895208,0.24379646787405135,0.3752884312884414,0.3752884312884414,5,1
WMT,2020-07-31,0.5229976791349134,0.10148628434285124,0.3755160234161129,0.14748165571880045,0.14748165571880045,5,1
WMT,2020-08-03,0.6630210985759103,0.2117040494777875,0.12527483566833908,0.5377462629075712,0.5377462629075712,5,1
WMT,2020-08-04,0.2465675844509564,0.07522697251138794,0.6782054314301821,0.4316378469792257,-0.4316378469792257,5,1
WMT,2020-08-05,0.5889043444162171,0.15997711981242893,0.2511185531694822,0.3377857912467349,0.3377857912467349,5,1
WMT,2020-08-06,0.025759353703681185,0.3679851662740472,0.606255458625015,0.5804961049213337,-0.5804961049213337,3,1
WMT,2020-08-07,0.6995819559500732,0.21463123765488967,0.08578680555691774,0.6137951503931555,0.6137951503931555,5,1
WMT,2020-08-10,0.0,0.0,0.0,0.0,0.0,0,0
WMT,2020-08-11,0.3537087599248188,0.16928616777069913,0.47700508410579023,0.12329632418097142,-0.12329632418097142,5,1
WMT,2020-08-12,0.7053622356037584,0.2423350506605325,0.052302710807213625,0.6530595247965448,0.6530595247965448,3,1
WMT,2020-08-13,0.5547849424253556,0.14526388367979312,0.2999511810822178,0.2548337613431378,0.2548337613431378,4,1
WMT,2020-08-14,0.5072763044679973,0.09093766035900534,0.40178604910950855,0.10549025535848877,0.10549025535848877,5,1
WMT,2020-08-17,0.9460593604597399,0.026284107764545227,0.02765657235565742,0.9184027881040825,0.9184027881040825,5,1
WMT,2020-08-18,0.014483360710838247,0.018690939897244734,0.9668256860011984,0.9523423252903602,-0.9523423252903602,5,1
WMT,2020-08-19,0.7522195062585424,0.028646391291941582,0.21913408102421164,0.5330854252343308,0.5330854252343308,5,1
WMT,2020-08-20,0.800693734786556,0.06490523702254225,0.13440102012290195,0.6662927146636541,0.6662927146636541,5,1
WMT,2020-08-21,0.5674485707712749,0.049964364501574716,0.3825870604489687,0.1848615103223062,0.1848615103223062,5,1
WMT,2020-08-24,0.0932411468640847,0.17020094419177267,0.7365578311548514,0.6433166842907667,-0.6433166842907667,2,1
WMT,2020-08-25,0.37016505785538806,0.0689014898405966,0.5609334499064981,0.19076839205111001,-0.19076839205111001,5,1
WMT,2020-08-26,0.3516297585931209,0.0742307309448639,0.5741395434058872,0.22250978481276634,-0.22250978481276634,5,1
WMT,2020-08-27,0.7529778079728808,0.03894173724873793,0.20808046803690455,0.5448973399359762,0.5448973399359762,5,1
WMT,2020-08-28,0.9412751462721988,0.040790529681775115,0.017934309422026055,0.9233408368501728,0.9233408368501728,5,1
WMT,2020-08-31,0.20305109157588155,0.018191137915263205,0.7787577690446309,0.5757066774687494,-0.5757066774687494,5,1
WMT,2020-09-01,0.5705264917441062,0.03255624281597853,0.3969172564228329,0.17360923532127331,0.17360923532127331,5,1
WMT,2020-09-02,0.5941997918060893,0.33014859591271334,0.07565157878738474,0.5185482130187046,0.5185482130187046,5,1
WMT,2020-09-03,0.35708065813876505,0.3649924570232761,0.2779269118437579,0.07915374629500715,0.07915374629500715,5,1
WMT,2020-09-04,0.7044807119712707,0.09014878930175872,0.2053705339647085,0.4991101780065622,0.4991101780065622,5,1
WMT,2020-09-08,0.41204454891819386,0.13515088060767239,0.4528045803925966,0.040760031474402714,-0.040760031474402714,4,1
WMT,2020-09-09,0.5639046939976937,0.04857150904734615,0.38752382825308884,0.17638086574460488,0.17638086574460488,5,1
WMT,2020-09-10,0.7317364905427906,0.24525501753979295,0.023008497950125925,0.7087279925926646,0.7087279925926646,4,1
WMT,2020-09-11,0.4056532325859426,0.08553149204173845,0.5088152892520406,0.10316205666609796,-0.10316205666609796,5,1
WMT,2020-09-14,0.9447906161608514,0.03478488613207251,0.020424480736977134,0.9243661354238742,0.9243661354238742,5,1
WMT,2020-09-15,0.8900298098943703,0.06789779975789206,0.042072403648167445,0.8479574062462029,0.8479574062462029,5,1
WMT,2020-09-16,0.7115984505955497,0.2641708504795458,0.02423071961173765,0.6873677309838121,0.6873677309838121,5,1
WMT,2020-09-17,0.5225505824080553,0.07565531824853022,0.40179410911362057,0.12075647329443473,0.12075647329443473,5,1
WMT,2020-09-18,0.8941419213522885,0.07555091725352876,0.03030716002159079,0.8638347613306977,0.8638347613306977,5,1
WMT,2020-09-21,0.3859290188506113,0.025708969421071176,0.5883620250732163,0.20243300622260502,-0.20243300622260502,5,1
WMT,2020-09-22,0.22016355810341323,0.04283082939507974,0.7370055777231238,0.5168420196197105,-0.5168420196197105,5,1
WMT,2020-09-23,0.1030042091122805,0.0806018355795992,0.8163939671454644,0.7133897580331839,-0.7133897580331839,5,1
WMT,2020-09-24,0.42817676288358236,0.18511114743293197,0.38671208893200304,0.04146467395157932,0.04146467395157932,5,1
WMT,2020-09-25,0.5762700375474934,0.060504855877897515,0.36322508684693294,0.21304495070056045,0.21304495070056045,5,1
WMT,2020-09-28,0.3233692984792728,0.09113846347267521,0.5854922283270401,0.26212292984776725,-0.26212292984776725,5,1
WMT,2020-09-29,0.7341361382609785,0.06002978546396697,0.2058340865192359,0.5283020517417425,0.5283020517417425,5,1
WMT,2020-09-30,0.520960193199549,0.20589760102294852,0.27314220175772747,0.24781799144182154,0.24781799144182154,5,1
WMT,2020-10-01,0.6598279205812946,0.30858323005499255,0.03158886995587138,0.6282390506254232,0.6282390506254232,5,1
WMT,2020-10-02,0.8368469207249766,0.15023139827228285,0.012921698884571538,0.8239252218404051,0.8239252218404051,5,1
WMT,2020-10-05,0.062288052718103684,0.1955274424416949,0.7421845042779931,0.6798964515598894,-0.6798964515598894,3,1
WMT,2020-10-06,0.5507180286192069,0.06376345067504106,0.3855185582267878,0.1651994703924191,0.1651994703924191,5,1
WMT,2020-10-07,0.058219715513842904,0.3012485024577625,0.6405317454731051,0.5823120299592622,-0.5823120299592622,5,1
WMT,2020-10-08,0.6747971135742222,0.1550172280238165,0.17018567867158846,0.5046114349026338,0.5046114349026338,5,1
WMT,2020-10-09,0.6611833149093902,0.2461992978350058,0.09261740713557978,0.5685659077738104,0.5685659077738104,5,1
WMT,2020-10-12,0.22266761246933614,0.045867613914938384,0.7314647629044058,0.5087971504350697,-0.5087971504350697,5,1
WMT,2020-10-13,0.6081855487826686,0.06603150736297018,0.3257829611129034,0.2824025876697652,0.2824025876697652,5,1
WMT,2020-10-14,0.5770855201041692,0.15806828316600074,0.2648461962903333,0.31223932381383596,0.31223932381383596,5,1
WMT,2020-10-15,0.6743098013488232,0.12925345101623711,0.1964367424205192,0.477873058928304,0.477873058928304,5,1
WMT,2020-10-16,0.7042146303967916,0.07077557889461611,0.22500978489697906,0.47920484549981246,0.47920484549981246,5,1
WMT,2020-10-19,0.538960806972031,0.17190080726238416,0.2891383878581324,0.24982241911389858,0.24982241911389858,5,1
WMT,2020-10-20,0.35463483483040836,0.1523866571538218,0.4929785092024197,0.13834367437201134,-0.13834367437201134,4,1
WMT,2020-10-21,0.7516091067131156,0.2342038817463214,0.014186963867627054,0.7374221428454886,0.7374221428454886,3,1
WMT,2020-10-22,0.4368475003955574,0.03611273701250575,0.5270397820463567,0.09019228165079929,-0.09019228165079929,5,1
WMT,2020-10-23,0.5471376197517454,0.10320998570289153,0.3496524089894337,0.19748521076231162,0.19748521076231162,5,1
WMT,2020-10-26,0.012969523523272313,0.03947672304780305,0.9475537202899547,0.9345841967666824,-0.9345841967666824,4,1
WMT,2020-10-27,0.6437567596379221,0.1857202532952117,0.17052304854584066,0.47323371109208145,0.47323371109208145,4,1
WMT,2020-10-28,0.3433960656900367,0.09275697646516196,0.563846941779988,0.22045087608995123,-0.22045087608995123,5,1
WMT,2020-10-29,0.37649522103794275,0.06644307640368532,0.5570617221924514,0.18056650115450867,-0.18056650115450867,5,1
WMT,2020-10-30,0.023661763974586178,0.08593521408825192,0.8904030610686654,0.8667412970940792,-0.8667412970940792,5,1
WMT,2020-11-02,0.04306912677665992,0.05926605311776464,0.8976648527882801,0.8545957260116201,-0.8545957260116201,4,1
WMT,2020-11-03,0.39602110212560127,0.23959697703004337,0.3643818846277068,0.031639217497894445,0.031639217497894445,5,1
WMT,2020-11-04,0.5139544469423145,0.18836097995902698,0.2976845875836117,0.2162698593587028,0.2162698593587028,5,1
WMT,2020-11-05,0.6411038129085109,0.3372835641317629,0.021612624335532425,0.6194911885729785,0.6194911885729785,4,1
WMT,2020-11-06,0.6561997324506822,0.15920000050204608,0.18460028745392917,0.471599444996753,0.471599444996753,5,1
WMT,2020-11-09,0.047606050968170166,0.07133513689041138,0.8810588717460632,0.8334528207778931,-0.8334528207778931,1,1
WMT,2020-11-10,0.4509148128177845,0.26905705132504526,0.28002815081910004,0.17088666199868446,0.17088666199868446,5,1
WMT,2020-11-11,0.34854117923465444,0.17556722052401505,0.4758916149136172,0.12735043567896276,-0.12735043567896276,3,1
WMT,2020-11-12,0.6796853118054003,0.09919450011409098,0.221120169790469,0.45856514201493126,0.45856514201493126,5,1
WMT,2020-11-13,0.6986599301834179,0.1665073611363824,0.13483268952727664,0.5638272406561412,0.5638272406561412,5,1
WMT,2020-11-16,0.6021350098073397,0.07446432238017515,0.3234006659389241,0.2787343438684156,0.2787343438684156,5,1
WMT,2020-11-17,0.013759908014076736,0.014751090949584536,0.971488998285863,0.9577290902717862,-0.9577290902717862,5,1
WMT,2020-11-18,0.6521970521021104,0.19121380651131434,0.1565891369845598,0.49560791511755065,0.49560791511755065,5,1
WMT,2020-11-19,0.3715166190497833,0.17821236336239873,0.45027101686194987,0.07875439781216659,-0.07875439781216659,5,1
WMT,2020-11-20,0.4474731038070319,0.16234466590230376,0.3901822189535797,0.05729088485345224,0.05729088485345224,5,1
WMT,2020-11-23,0.6658357609883703,0.1137955370158627,0.2203687116298853,0.44546704935848497,0.44546704935848497,5,1
WMT,2020-11-24,0.21586188518804664,0.05769333025502787,0.726444789131564,0.5105829039435174,-0.5105829039435174,5,1
WMT,2020-11-25,0.5771032331595314,0.11339854966207787,0.3094981982019902,0.2676050349575412,0.2676050349575412,5,1
WMT,2020-11-27,0.3309814018580642,0.08213538393284388,0.586883201234937,0.2559017993768728,-0.2559017993768728,5,1
WMT,2020-11-30,0.5125393617491214,0.07477593116848677,0.41268470140176927,0.09985466034735213,0.09985466034735213,5,1
WMT,2020-12-01,0.8418571822437542,0.13579113737940146,0.022351711198577453,0.8195054710451767,0.8195054710451767,3,1
WMT,2020-12-02,0.5248483268276639,0.06911402599311693,0.4060376418128802,0.1188106850147837,0.1188106850147837,5,1
WMT,2020-12-03,0.7190199051510953,0.06963279724358744,0.2113473279001579,0.5076725772509374,0.5076725772509374,5,1
WMT,2020-12-04,0.7350338248915075,0.1396238635196017,0.12534232240755244,0.6096915024839551,0.6096915024839551,5,1
WMT,2020-12-07,0.2075751509597641,0.05675142300086762,0.7356734373853627,0.5280982864255986,-0.5280982864255986,5,1
WMT,2020-12-08,0.6809416332418211,0.07354484371480681,0.24551352513110072,0.4354281081107204,0.4354281081107204,5,1
WMT,2020-12-09,0.6756435532319154,0.10676135190728726,0.21759507785790283,0.45804847537401255,0.45804847537401255,5,1
WMT,2020-12-10,0.8452261843097577,0.13216558716703566,0.022608228499776218,0.8226179558099815,0.8226179558099815,5,1
WMT,2020-12-11,0.7851320270920975,0.20228625029540587,0.01258171600011518,0.7725503110919824,0.7725503110919824,5,1
WMT,2020-12-14,0.5989301106178583,0.19937216738867858,0.2016977325163592,0.3972323781014991,0.3972323781014991,5,1
WMT,2020-12-15,0.8287956164369781,0.12783952195487377,0.04336487868086454,0.7854307377561135,0.7854307377561135,5,1
WMT,2020-12-16,0.5124611832713333,0.47618694954652013,0.01135186123460966,0.5011093220367236,0.5011093220367236,4,1
WMT,2020-12-17,0.8144243729028869,0.16918935922903708,0.01638628874183779,0.7980380841610492,0.7980380841610492,5,1
WMT,2020-12-18,0.8239026333411328,0.1112352503046652,0.06486214844509532,0.7590404848960375,0.7590404848960375,5,1
WMT,2020-12-21,0.6848289261317468,0.09716068966456515,0.21801039586635718,0.46681853026538966,0.46681853026538966,5,1
WMT,2020-12-22,0.1500336349698715,0.09820260298928116,0.751763787081421,0.6017301521115495,-0.6017301521115495,5,1
WMT,2020-12-23,0.8027322788684749,0.14285101676440173,0.054416712412120614,0.7483155664563542,0.7483155664563542,5,1
WMT,2020-12-24,0.7386544052565857,0.052291393869138024,0.20905421531159138,0.5296001899449942,0.5296001899449942,5,1
WMT,2020-12-28,0.36042971744952945,0.049285096872799875,0.590285165802916,0.22985544835338656,-0.22985544835338656,5,1
WMT,2020-12-29,0.5642368193360504,0.4252157289077272,0.01054744654345974,0.5536893727925907,0.5536893727925907,4,1
WMT,2020-12-30,0.7495015275154839,0.16054349551285785,0.08995500480662759,0.6595465227088564,0.6595465227088564,4,1
WMT,2020-12-31,0.7009119516406721,0.18255848450439469,0.11652959282658178,0.5843823588140903,0.5843823588140903,5,1
WMT,2021-01-04,0.6574026057234049,0.11311805484424178,0.22947935830838467,0.42792324741502025,0.42792324741502025,5,1
WMT,2021-01-05,0.5839061948979589,0.25738300628966415,0.15871081852046234,0.4251953763774966,0.4251953763774966,5,1
WMT,2021-01-06,0.6336625629867121,0.07613540099458126,0.290202053923977,0.34346050906273506,0.34346050906273506,5,1
WMT,2021-01-07,0.42203769856683737,0.13687864372529895,0.44108361689512826,0.01904591832829089,-0.01904591832829089,3,1
WMT,2021-01-08,0.5636234444442279,0.09385186192488183,0.34252473134641004,0.2210987130978178,0.2210987130978178,5,1
WMT,2021-01-11,0.644601664406244,0.34625644958728463,0.009141886040670613,0.6354597783655734,0.6354597783655734,3,1
WMT,2021-01-12,0.5543638148734403,0.047537650704237516,0.3980985334525626,0.15626528142087776,0.15626528142087776,5,1
WMT,2021-01-13,0.5779936377334467,0.10689748971849145,0.3151088867472453,0.2628847509862014,0.2628847509862014,5,1
WMT,2021-01-14,0.46571353535987875,0.09945182090191142,0.43483464529450144,0.030878890065377307,0.030878890065377307,5,1
WMT,2021-01-15,0.38893287534405385,0.023800213701432905,0.5872669254234583,0.1983340500794044,-0.1983340500794044,5,1
WMT,2021-01-19,0.9490913702081003,0.03483981613778919,0.016068827340142335,0.9330225428679579,0.9330225428679579,5,1
WMT,2021-01-20,0.8520811717873672,0.10082803989391041,0.04709083916490028,0.8049903326224669,0.8049903326224669,4,1
WMT,2021-01-21,0.2689489017206186,0.13094412096010502,0.6001069749950313,0.3311580732744127,-0.3311580732744127,5,1
WMT,2021-01-22,0.4732945035285693,0.20228172712116144,0.3244237216960373,0.148870781832532,0.148870781832532,5,1
WMT,2021-01-25,0.16952022418595725,0.4971431586159939,0.3333366272170612,0.16381640303110395,-0.16381640303110395,5,1
WMT,2021-01-26,0.601302383576515,0.3623038186403195,0.03639379191721686,0.5649085916592982,0.5649085916592982,3,1
WMT,2021-01-27,0.6288626201486801,0.35903134725230895,0.012106064191734356,0.6167565559569458,0.6167565559569458,4,1
WMT,2021-01-28,0.7948766633439153,0.1899294431471327,0.01519389338297996,0.7796827699609353,0.7796827699609353,5,1
WMT,2021-01-29,0.09737295878803737,0.2723737984130064,0.630253269445301,0.5328803106572637,-0.5328803106572637,3,1
WMT,2021-02-01,0.23775912336488944,0.17050035514156994,0.5917405627028144,0.3539814393379249,-0.3539814393379249,5,1
WMT,2021-02-02,0.5873258127360015,0.2750575322382694,0.1376166527071877,0.4497091600288138,0.4497091600288138,2,1
WMT,2021-02-03,0.6206274713591227,0.21388292071691453,0.1654896382568799,0.45513783310224276,0.45513783310224276,5,1
WMT,2021-02-04,0.4945982531219751,0.18167277195847478,0.3237289801593196,0.17086927296265547,0.17086927296265547,5,1
WMT,2021-02-05,0.1566458886588058,0.08731508124038095,0.7560389980419753,0.5993931093831695,-0.5993931093831695,5,1
WMT,2021-02-08,0.7457324536157728,0.23980556702543385,0.014462005133368771,0.731270448482404,0.731270448482404,4,1
WMT,2021-02-09,0.3035987146888039,0.6645991303242058,0.031802174567672994,0.2717965401211309,0.2717965401211309,4,1
WMT,2021-02-10,0.322112057514405,0.11523606821052353,0.5626518634494764,0.24053980593507135,-0.24053980593507135,5,1
WMT,2021-02-11,0.6120134963437599,0.1839851439060823,0.20400136303953062,0.40801213330422925,0.40801213330422925,4,1
WMT,2021-02-12,0.6940686963050101,0.08342600028808604,0.22250529793195364,0.4715633983730565,0.4715633983730565,5,1
WMT,2021-02-16,0.45913223207771475,0.23295402772825696,0.3079137713939036,0.15121846068381117,0.15121846068381117,5,1
WMT,2021-02-17,0.6351247712653709,0.07024547510456271,0.29462972310674734,0.3404950481586236,0.3404950481586236,4,1
WMT,2021-02-18,0.010420139601936438,0.015937754356769664,0.9736421352746993,0.9632219956727629,-0.9632219956727629,5,1
WMT,2021-02-19,0.0,0.0,0.0,0.0,0.0,0,0
XOM,2022-12-19,0.8240871050393902,0.15506642437191076,0.020846485026232972,0.8032406200131572,0.8032406200131572,5,1
XOM,2022-12-20,0.9232307077625931,0.05934235020604478,0.0174269062850804,0.9058038014775127,0.9058038014775127,5,1
XOM,2022-12-21,0.026417473042257573,0.1300663512639742,0.8435161229142151,0.8170986498719575,-0.8170986498719575,3,1
XOM,2022-12-22,0.39811927003117836,0.1344942786575195,0.4673864440607649,0.06926717402958654,-0.06926717402958654,4,1
XOM,2022-12-23,0.4515026380502202,0.5177995836953337,0.03069778686769926,0.4208048511825209,0.4208048511825209,2,1
XOM,2022-12-27,0.35211329714609985,0.05249641172993172,0.5953903220565332,0.24327702491043335,-0.24327702491043335,5,1
XOM,2022-12-28,0.39018898625861176,0.10927097127550163,0.500540024778026,0.11035103851941419,-0.11035103851941419,5,1
XOM,2022-12-29,0.0,0.0,0.0,0.0,0.0,0,0
XOM,2022-12-30,0.4953075125074351,0.18643386951286975,0.3182585993283602,0.1770489131790749,0.1770489131790749,5,1
XOM,2023-01-03,0.28152300934379465,0.16681831281033346,0.5516586799224004,0.2701356705786057,-0.2701356705786057,5,1
XOM,2023-01-04,0.7171440301991361,0.04430796690343767,0.2385480351714561,0.47859599502768,0.47859599502768,5,1
XOM,2023-01-05,0.29747793805667944,0.1531855268959761,0.5493365337375022,0.2518585956808228,-0.2518585956808228,5,1
XOM,2023-01-06,0.49587544788674914,0.15146172101402186,0.3526628656179661,0.14321258226878303,0.14321258226878303,5,1
XOM,2023-01-09,0.06736517309979044,0.13722205611218985,0.7954127395038137,0.7280475664040233,-0.7280475664040233,5,1
XOM,2023-01-10,0.6361845829216942,0.32101058156613294,0.04280482377196077,0.5933797591497334,0.5933797591497334,5,1
XOM,2023-01-11,0.13854485628733196,0.8494037031691268,0.012051493524235162,0.1264933627630968,0.1264933627630968,4,1
XOM,2023-01-12,0.8918643305381401,0.08967603980274912,0.018459599916018817,0.8734047306221212,0.8734047306221212,5,1
XOM,2023-01-13,0.7184774906736331,0.06741105808932545,0.21411145979830487,0.5043660308753282,0.5043660308753282,5,1
XOM,2023-01-17,0.5190469072560594,0.12267987728760577,0.3582732292133733,0.1607736780426861,0.1607736780426861,5,1
XOM,2023-01-18,0.35019196923363527,0.09933472538529735,0.5504732868221394,0.2002813175885041,-0.2002813175885041,5,1
XOM,2023-01-19,0.7304602963113965,0.21159605922519295,0.057943668318939025,0.6725166279924575,0.6725166279924575,4,1
XOM,2023-01-20,0.5303963075086049,0.056912053735286135,0.4126916593281447,0.11770464818046017,0.11770464818046017,5,1
XOM,2023-01-23,0.3896032460448494,0.09419360165555477,0.5162031689167648,0.12659992287191535,-0.12659992287191535,5,1
XOM,2023-01-24,0.32037413974472045,0.06923166787696594,0.6103941488575478,0.2900200091128274,-0.2900200091128274,5,1
XOM,2023-01-25,0.5385866282614169,0.10350693877249133,0.3579064365394615,0.18068019172195537,0.18068019172195537,5,1
XOM,2023-01-26,0.7346001162464583,0.07805637690037204,0.1873435023369736,0.5472566139094847,0.5472566139094847,5,1
XOM,2023-01-27,0.2265650163629198,0.03514553151084441,0.7382894533467517,0.5117244369838319,-0.5117244369838319,5,1
XOM,2023-01-30,0.6079929205790702,0.2793618535600669,0.11264521045623424,0.49534771012283596,0.49534771012283596,4,1
XOM,2023-01-31,0.1997515254876996,0.022420695056117275,0.777827791036337,0.5780762655486374,-0.5780762655486374,5,1
XOM,2023-02-01,0.8074824823581277,0.04688150172417767,0.14563601515654884,0.6618464672015789,0.6618464672015789,5,1
XOM,2023-02-02,0.34188772979280696,0.07279103082990802,0.585321284593288,0.24343355480048107,-0.24343355480048107,5,1
XOM,2023-02-03,0.17126492632228343,0.08306134837021047,0.7456737273436836,0.5744088010214002,-0.5744088010214002,5,1
XOM,2023-02-06,0.37122324150938946,0.10070912509647023,0.5280676308184253,0.15684438930903588,-0.15684438930903588,5,1
XOM,2023-02-07,0.6869890309236627,0.09670800315044362,0.2163029376566495,0.47068609326701316,0.47068609326701316,5,1
XOM,2023-02-08,0.5114541341553624,0.08151891100616808,0.4070269525295714,0.10442718162579107,0.10442718162579107,5,1
XOM,2023-02-09,0.5044586939865885,0.045913655248993886,0.4496276338053126,0.05483106018127587,0.05483106018127587,5,1
XOM,2023-02-10,0.8903835277773493,0.07118922969260186,0.038427287952438396,0.8519562398249109,0.8519562398249109,5,1
XOM,2023-02-13,0.6988861791317135,0.06944194772762562,0.23167187247663915,0.46721430665507435,0.46721430665507435,4,1
XOM,2023-02-14,0.14621939307153514,0.17715299379232724,0.6766276079070903,0.5304082148355551,-0.5304082148355551,5,1
XOM,2023-02-15,0.8469355674643179,0.13060803102670288,0.02245638570510124,0.8244791817592166,0.8244791817592166,5,1
XOM,2023-02-16,0.4025070367814398,0.05251944589741933,0.5449734934996927,0.14246645671825292,-0.14246645671825292,5,1
XOM,2023-02-17,0.43694144291513726,0.10916311080349037,0.4538954809897301,0.016954038074592837,-0.016954038074592837,5,1
XOM,2023-02-21,0.3129029473584936,0.042880233210638274,0.6442168630048918,0.33131391564639817,-0.33131391564639817,3,1
XOM,2023-02-22,0.23683744035845905,0.08524169188334983,0.6779208888710917,0.44108344851263265,-0.44108344851263265,5,1
XOM,2023-02-23,0.809202236415389,0.17649631331414922,0.01430146988878396,0.794900766526605,0.794900766526605,5,1
XOM,2023-02-24,0.49894493423687514,0.08958597259650247,0.4114691232907578,0.08747581094611734,0.08747581094611734,5,1
XOM,2023-02-27,0.025666843859391646,0.0764911809002791,0.8978419807304502,0.8721751368710585,-0.8721751368710585,4,1
XOM,2023-02-28,0.90257302364478,0.07779464018993366,0.019632422324000427,0.8829406013207796,0.8829406013207796,3,1
XOM,2023-03-01,0.6539304890405997,0.33219278818191905,0.01387670171561912,0.6400537873249805,0.6400537873249805,5,1
XOM,2023-03-02,0.2262029211703543,0.07825825815277968,0.6955388224814895,0.4693359013111352,-0.4693359013111352,5,1
XOM,2023-03-03,0.3733115245246299,0.04410020102035764,0.5825882840828881,0.2092767595582582,-0.2092767595582582,5,1
XOM,2023-03-06,0.7814087790833437,0.1898365109351002,0.028754693963455348,0.7526540851198884,0.7526540851198884,5,1
XOM,2023-03-07,0.6736074186397744,0.3149571434583475,0.011435454071812014,0.6621719645679623,0.6621719645679623,5,1
XOM,2023-03-08,0.468195932028201,0.1614782559993991,0.37032584677640085,0.09787008525180013,0.09787008525180013,5,1
XOM,2023-03-09,0.031238146265145438,0.12269101095331558,0.8460708591987169,0.8148327129335715,-0.8148327129335715,5,1
XOM,2023-03-10,0.4869235217304694,0.07067236186718101,0.4424041394267557,0.04451938230371366,0.04451938230371366,5,1
XOM,2023-03-13,0.37474636704186076,0.1574036100902387,0.4678500428138983,0.09310367577203754,-0.09310367577203754,5,1
XOM,2023-03-14,0.5639567421954542,0.10164953013988595,0.33439370704308624,0.22956303515236798,0.22956303515236798,5,1
XOM,2023-03-15,0.014179230866501484,0.06950541154015831,0.9163153485792395,0.9021361177127379,-0.9021361177127379,5,1
XOM,2023-03-16,0.2141080879381421,0.14944665220478046,0.6364452450417049,0.4223371571035628,-0.4223371571035628,5,1
XOM,2023-03-17,0.017367023160401222,0.077834617326133,0.9047983987270045,0.8874313755666033,-0.8874313755666033,3,1
XOM,2023-03-20,0.31119479459631727,0.5574311719663663,0.13137405830749102,0.17982073628882625,0.17982073628882625,5,1
XOM,2023-03-21,0.31518335539204173,0.08315619851106427,0.6016604444320702,0.2864770890400285,-0.2864770890400285,5,1
XOM,2023-03-22,0.3356861734890943,0.08567000057326646,0.5786438268964001,0.24295765340730585,-0.24295765340730585,5,1
XOM,2023-03-23,0.12017652108989792,0.18503302357541565,0.6947904395166089,0.574613918426711,-0.574613918426711,5,1
XOM,2023-03-24,0.4698809978483174,0.10832999644717517,0.4217890374363199,0.04809196041199748,0.04809196041199748,5,1
XOM,2023-03-27,0.30858737645883666,0.14442871704449692,0.5469839293921143,0.2383965529332776,-0.2383965529332776,5,1
XOM,2023-03-28,0.011830426642409854,0.08676362341095796,0.9014059839556059,0.889575557313196,-0.889575557313196,3,1
XOM,2023-03-29,0.7250333712283282,0.057809646428358494,0.2171569881439649,0.5078763830843633,0.5078763830843633,5,1
XOM,2023-03-30,0.4113302499370548,0.09644452558760011,0.4922252581499637,0.0808950082129089,-0.0808950082129089,5,1
XOM,2023-03-31,0.44976045465598713,0.5395235312628062,0.010716051920853125,0.439044402735134,0.439044402735134,4,1
XOM,2023-04-03,0.1981205027354751,0.021983831142412945,0.7798956433197158,0.5817751405842407,-0.5817751405842407,5,1
XOM,2023-04-04,0.3779145290991426,0.026285044364237033,0.5958004278370704,0.21788589873792785,-0.21788589873792785,5,1
XOM,2023-04-05,0.12632331924236595,0.054194213179545724,0.81948246124723,0.6931591420048641,-0.6931591420048641,5,1
XOM,2023-04-06,0.3604918055245797,0.09839363969519989,0.5411145403135103,0.18062273478893054,-0.18062273478893054,5,1
XOM,2023-04-10,0.38667616751058215,0.021236986082916885,0.5920868579935513,0.20541069048296917,-0.20541069048296917,5,1
XOM,2023-04-11,0.13096517021131707,0.17302119910076502,0.6960136444401605,0.5650484742288434,-0.5650484742288434,5,1
XOM,2023-04-12,0.5778273408903388,0.26636336780200154,0.15580929099818383,0.42201804989215497,0.42201804989215497,4,1
XOM,2023-04-13,0.12712794428005614,0.10397183498749007,0.7689002171703297,0.6417722728902736,-0.6417722728902736,5,1
XOM,2023-04-14,0.761328021528553,0.22271179041083775,0.015960206854136065,0.7453678146744169,0.7453678146744169,5,1
XOM,2023-04-17,0.17904636127690307,0.0990628549003177,0.7218908161310822,0.5428444548541791,-0.5428444548541791,5,1
XOM,2023-04-18,0.32661044745212087,0.15000482709309496,0.5233847250989005,0.19677427764677968,-0.19677427764677968,5,1
XOM,2023-04-19,0.762800597438628,0.02379072091982154,0.21340867471536884,0.5493919227232592,0.5493919227232592,5,1
XOM,2023-04-20,0.4277115727581766,0.08743086527682171,0.48485754560044475,0.05714597284226813,-0.05714597284226813,5,1
XOM,2023-04-21,0.3164785570466109,0.2030720264214992,0.480449396670045,0.16397083962343412,-0.16397083962343412,5,1
XOM,2023-04-24,0.2417335365989232,0.11321622635397804,0.6450502210792263,0.4033166844803031,-0.4033166844803031,5,1
XOM,2023-04-25,0.8367369124713294,0.10210020697515987,0.06116281424696494,0.7755740982243645,0.7755740982243645,4,1
XOM,2023-04-26,0.6367333064661116,0.31588465092486806,0.04738204043795597,0.5893512660281556,0.5893512660281556,5,1
XOM,2023-04-27,0.5217664043397702,0.05983093007880905,0.41840266251834246,0.10336374182142771,0.10336374182142771,5,1
XOM,2023-04-28,0.012180084877104104,0.01766912082452128,0.9701507800233741,0.95797069514627,-0.95797069514627,5,1
XOM,2023-05-01,0.7491143192376307,0.04887119949868002,0.20201447161172373,0.547099847625907,0.547099847625907,5,1
XOM,2023-05-02,0.19063755299341878,0.021584929358665673,0.7877775136007464,0.5971399606073277,-0.5971399606073277,5,1
XOM,2023-05-03,0.12054430665667906,0.08021170330501426,0.7992439513739974,0.6786996447173184,-0.6786996447173184,4,1
XOM,2023-05-04,0.7398694414634747,0.039846842044470566,0.22028372915094768,0.5195857123125269,0.5195857123125269,5,1
XOM,2023-05-05,0.4136108641541963,0.21984178731014484,0.36654734734918015,0.04706351680501614,0.04706351680501614,5,1
XOM,2023-05-08,0.029258098277630054,0.12484835039796133,0.8458935620492907,0.8166354637716606,-0.8166354637716606,5,1
XOM,2023-05-09,0.16775924413183177,0.07269883587989277,0.7595419333933089,0.5917826892614771,-0.5917826892614771,5,1
XOM,2023-05-10,0.03896457329392433,0.9459587335586548,0.015076782554388046,0.023887790739536285,0.023887790739536285,1,1
XOM,2023-05-11,0.4662221973327009,0.30095912481765513,0.23281865219275688,0.23340354513994405,0.23340354513994405,5,1
XOM,2023-05-12,0.4232439257185156,0.14260211224573063,0.43415396165655407,0.010910035938038465,-0.010910035938038465,5,1
XOM,2023-05-15,0.1349332768137588,0.22819338387646626,0.636873355243345,0.5019400784295862,-0.5019400784295862,5,1
XOM,2023-05-16,0.6926577721067354,0.285874964857555,0.02146728787974983,0.6711904842269856,0.6711904842269856,5,1
XOM,2023-05-17,0.2812382456054543,0.07922629539661044,0.639535480616064,0.3582972350106097,-0.3582972350106097,5,1
XOM,2023-05-18,0.5695615236041565,0.11231257653005551,0.31812593092346997,0.2514355926806865,0.2514355926806865,5,1
XOM,2023-05-19,0.5586288622270091,0.03911667389391967,0.4022544687219836,0.15637439350502552,0.15637439350502552,5,1
XOM,2023-05-22,0.42918981253495,0.11330748258127087,0.45750267967761027,0.028312867142660292,-0.028312867142660292,5,1
XOM,2023-05-23,0.7976388240401548,0.1830127043470828,0.019348414918355684,0.7782904091217991,0.7782904091217991,5,1
XOM,2023-05-24,0.6006782660992752,0.12967085790464847,0.2696508945335621,0.3310273715657131,0.3310273715657131,4,1
XOM,2023-05-25,0.39091533064440365,0.14684863187596311,0.4622360398398223,0.07132070919541866,-0.07132070919541866,5,1
XOM,2023-05-26,0.5484523287336257,0.16306701325133158,0.2884806605366002,0.2599716681970255,0.2599716681970255,5,1
XOM,2023-05-30,0.6973367438553061,0.2596642725718154,0.04299895033347657,0.6543377935218295,0.6543377935218295,5,1
XOM,2023-05-31,0.7211237713322883,0.21086870550967843,0.06800754073115128,0.6531162306011371,0.6531162306011371,5,1
XOM,2023-06-01,0.35248438304782126,0.1156851109729266,0.5318305188781031,0.1793461358302818,-0.1793461358302818,5,1
XOM,2023-06-02,0.301735977813725,0.06494885451005712,0.6333151705128554,0.33157919269913033,-0.33157919269913033,5,1
XOM,2023-06-05,0.5009007147012501,0.17504536140012222,0.3240539377286081,0.176846776972642,0.176846776972642,5,1
XOM,2023-06-06,0.14406380337398966,0.07196437971148564,0.7839718016534322,0.6399079982794424,-0.6399079982794424,5,1
XOM,2023-06-07,0.8495025343866267,0.12810666892170836,0.022390818842769937,0.8271117155438568,0.8271117155438568,3,1
XOM,2023-06-08,0.1855850206728194,0.16165661361802344,0.6527583809525337,0.4671733602797143,-0.4671733602797143,5,1
XOM,2023-06-09,0.17729746178470257,0.1586809432730142,0.6640216066778385,0.4867241448931359,-0.4867241448931359,5,1
XOM,2023-06-12,0.15815205618755926,0.348485127822861,0.4933628270076164,0.3352107708200571,-0.3352107708200571,5,1
XOM,2023-06-13,0.3874774685059918,0.16754909019472158,0.4449734260647823,0.0574959575587905,-0.0574959575587905,5,1
XOM,2023-06-14,0.6484944140863868,0.33738058174962726,0.014124984140112352,0.6343694299462744,0.6343694299462744,4,1
XOM,2023-06-15,0.10655293084209691,0.8821691115582956,0.011277943813656004,0.09527498702844091,0.09527498702844091,3,1
XOM,2023-06-16,0.30913854707318583,0.2508493202923258,0.4400121195496993,0.1308735724765135,-0.1308735724765135,5,1
XOM,2023-06-20,0.06313175708055496,0.9264850616455078,0.010383186861872673,0.05274857021868229,0.05274857021868229,1,1
XOM,2023-06-21,0.4360991839071148,0.03144235162472451,0.5324585004849234,0.0963593165778086,-0.0963593165778086,5,1
XOM,2023-06-22,0.547391202138036,0.12166172761400731,0.33094709588269206,0.216444106255344,0.216444106255344,5,1
XOM,2023-06-23,0.38882533121485063,0.16549371848750286,0.4456809184379471,0.05685558722309647,-0.05685558722309647,5,1
XOM,2023-06-26,0.27299843724940764,0.2278227261514767,0.4991788174489157,0.22618038019950804,-0.22618038019950804,5,1
XOM,2023-06-27,0.12448926626341283,0.8194007491959848,0.05610998645310692,0.06837927981030592,0.06837927981030592,3,1
XOM,2023-06-28,0.8211437731429365,0.16288992796966334,0.015966300559747237,0.8051774725831893,0.8051774725831893,5,1
XOM,2023-06-29,0.13353823502525777,0.21558706957646123,0.6508747158562366,0.5173364808309788,-0.5173364808309788,3,1
XOM,2023-06-30,0.03271410243009652,0.24904816179330097,0.7182377328868165,0.6855236304567199,-0.6855236304567199,5,1
XOM,2023-07-03,0.5851721590744581,0.036925962141395964,0.3779018908036443,0.2072702682708138,0.2072702682708138,5,1
XOM,2023-07-05,0.4538376403569146,0.12928919105652692,0.4168731866839045,0.0369644536730101,0.0369644536730101,5,1
XOM,2023-07-06,0.008968459153982668,0.017961255472178993,0.9730703244570045,0.9641018653030218,-0.9641018653030218,5,1
XOM,2023-07-07,0.6179099268080354,0.1246381212562627,0.2574519267357564,0.36045800007227896,0.36045800007227896,5,1
XOM,2023-07-10,0.44892004255822854,0.15704040428268368,0.3940395793604185,0.05488046319781004,0.05488046319781004,5,1
XOM,2023-07-11,0.3877816394077162,0.13631814784178053,0.4759002339077487,0.08811859450003251,-0.08811859450003251,4,1
XOM,2023-07-12,0.04345227554549454,0.20361956605961076,0.7529281506721306,0.709475875126636,-0.709475875126636,5,1
XOM,2023-07-13,0.5067543241492778,0.09146626517002182,0.4017794364684086,0.10497488768086921,0.10497488768086921,5,1
XOM,2023-07-14,0.5582089273721008,0.04314560735164545,0.3986455128898781,0.15956341448222272,0.15956341448222272,5,1
XOM,2023-07-17,0.7251225034768155,0.2435584639223857,0.03131906769864768,0.6938034357781678,0.6938034357781678,5,1
XOM,2023-07-18,0.3998348174324735,0.05180953362625795,0.5483556819204687,0.14852086448799517,-0.14852086448799517,4,1
XOM,2023-07-19,0.7269090001090921,0.235287809025664,0.03780316759479387,0.6891058325142982,0.6891058325142982,5,1
XOM,2023-07-20,0.6704220605738512,0.1033940502952125,0.22618388652648036,0.44423817404737087,0.44423817404737087,5,1
XOM,2023-07-21,0.022441086396199548,0.17698329350575973,0.8005755841459251,0.7781344977497255,-0.7781344977497255,4,1
XOM,2023-07-24,0.45939984210856416,0.06925703699769091,0.47134311921593997,0.011943277107375805,-0.011943277107375805,5,1
XOM,2023-07-25,0.8619964384782929,0.10180464011380684,0.03619894790625358,0.8257974905720393,0.8257974905720393,5,1
XOM,2023-07-26,0.1366346678181762,0.4153782230149611,0.4479870946784217,0.31135242686024545,-0.31135242686024545,5,1
XOM,2023-07-27,0.6823954514256594,0.2991936996303687,0.01841086138774333,0.6639845900379161,0.6639845900379161,5,1
XOM,2023-07-28,0.008512918270404459,0.016044537853573945,0.9754425332230465,0.9669296149526421,-0.9669296149526421,5,1
XOM,2023-07-31,0.523800973558284,0.06465642044279814,0.41154257414258094,0.11225839941570309,0.11225839941570309,5,1
XOM,2023-08-01,0.04776878354239942,0.08212135229630255,0.8701098537192955,0.8223410701768961,-0.8223410701768961,5,1
XOM,2023-08-02,0.4867300834519324,0.16286983948344982,0.350400049799448,0.13633003365248442,0.13633003365248442,2,1
XOM,2023-08-03,0.5812466502885152,0.1683362221223682,0.25041716123706914,0.33082948905144605,0.33082948905144605,5,1
XOM,2023-08-04,0.061123162124190236,0.9150102747548561,0.023866565180571717,0.03725659694361852,0.03725659694361852,4,1
XOM,2023-08-07,0.8075316798345776,0.16077220899118796,0.03169611685321127,0.7758355629813664,0.7758355629813664,4,1
XOM,2023-08-08,0.08405150473117828,0.9042268395423889,0.011721644550561905,0.07232986018061638,0.07232986018061638,1,1
XOM,2023-08-09,0.03462708587032483,0.054332105695410894,0.911040818797251,0.8764137329269261,-0.8764137329269261,3,1
XOM,2023-08-10,0.578296239008246,0.41105337675406706,0.010650390133530547,0.5676458488747155,0.5676458488747155,5,1
XOM,2023-08-11,0.606603558805738,0.10668369099536965,0.28671278745401885,0.31989077135171917,0.31989077135171917,5,1
XOM,2023-08-14,0.7147486791082628,0.17248507646342234,0.1127662325301985,0.6019824465780643,0.6019824465780643,3,1
XOM,2023-08-15,0.16755362631896095,0.1632356713196887,0.6692107251199467,0.5016570988009857,-0.5016570988009857,5,1
XOM,2023-08-16,0.34162646719759276,0.18491967782741547,0.47345384156118575,0.131827374363593,-0.131827374363593,5,1
XOM,2023-08-17,0.21519559522797027,0.015521570882546572,0.7692828549566335,0.5540872597286632,-0.5540872597286632,5,1
XOM,2023-08-18,0.202619206648024,0.040211493335860736,0.7571693172009266,0.5545501105529026,-0.5545501105529026,5,1
XOM,2023-08-21,0.5587480068206787,0.42740607261657715,0.01384599506855011,0.5449020117521286,0.5449020117521286,1,1
XOM,2023-08-22,0.8573177752136107,0.122853691173628,0.01982856381693328,0.8374892113966774,0.8374892113966774,5,1
XOM,2023-08-23,0.5194828799549575,0.09267030693708667,0.38784679613749634,0.1316360838174611,0.1316360838174611,5,1
XOM,2023-08-24,0.862828858342527,0.1148769295708679,0.022294186352396144,0.8405346719901309,0.8405346719901309,5,1
XOM,2023-08-25,0.1546930572762909,0.24010674477595173,0.6052002373840928,0.4505071801078019,-0.4505071801078019,3,1
XOM,2023-08-28,0.7216944836829567,0.21889993666021798,0.05940552193810115,0.6622889617448556,0.6622889617448556,5,1
XOM,2023-08-29,0.7590222039374521,0.23053595141770525,0.01044183207993071,0.7485803718575215,0.7485803718575215,2,1
XOM,2023-08-30,0.06987043856194713,0.1276067294846651,0.8025228169515654,0.7326523783896182,-0.7326523783896182,5,1
XOM,2023-08-31,0.7819225201905452,0.20115728167685473,0.016920182548940323,0.7650023376416049,0.7650023376416049,4,1
XOM,2023-09-01,0.7502372288739579,0.19746201191363963,0.05230073715718906,0.6979364917167689,0.6979364917167689,4,1
XOM,2023-09-05,0.8664366166384909,0.06930780771985104,0.06425554694180376,0.8021810696966871,0.8021810696966871,4,1
XOM,2023-09-06,0.8006723813438822,0.1744387308517212,0.024888892816941878,0.7757834885269403,0.7757834885269403,2,1
XOM,2023-09-07,0.3176925997829762,0.07771413931425554,0.6045932280962676,0.2869006283132914,-0.2869006283132914,5,1
XOM,2023-09-08,0.41232622491433263,0.06283554053900454,0.524838233257673,0.11251200834334035,-0.11251200834334035,5,1
XOM,2023-09-11,0.04738832731481659,0.18690871769602918,0.7657029153847323,0.7183145880699158,-0.7183145880699158,2,1
XOM,2023-09-12,0.712406279047836,0.05690796816256055,0.23068576678078687,0.48172051226704915,0.48172051226704915,5,1
XOM,2023-09-13,0.6754836504175773,0.11791791647228116,0.20659846167649576,0.46888518874108154,0.46888518874108154,5,1
XOM,2023-09-14,0.17794991810782942,0.8107346827241846,0.011315358440800704,0.16663455966702873,0.16663455966702873,3,1
XOM,2023-09-15,0.45449348067551626,0.22445627694547843,0.3210502115143984,0.13344326916111787,0.13344326916111787,4,1
XOM,2023-09-18,0.6019091400663368,0.05059150771423696,0.3474992967029559,0.2544098433633809,0.2544098433633809,5,1
XOM,2023-09-19,0.20260457331337925,0.02402321861991405,0.7733722061290101,0.5707676328156309,-0.5707676328156309,5,1
XOM,2023-09-20,0.4195300460826916,0.19950845855535196,0.3809615045481847,0.038568541534506895,0.038568541534506895,5,1
XOM,2023-09-21,0.40459931185874803,0.05426218788981208,0.5411384885815183,0.13653917672277022,-0.13653917672277022,5,1
XOM,2023-09-22,0.7585519110914449,0.035729980439820445,0.20571815089849868,0.5528337601929463,0.5528337601929463,5,1
XOM,2023-09-25,0.5155371851405118,0.09904236838635463,0.385420450352073,0.13011673478843883,0.13011673478843883,5,1
XOM,2023-09-26,0.3962604922946474,0.5921130256430234,0.01162649227258344,0.38463400002206394,0.38463400002206394,3,1
XOM,2023-09-27,0.5207105246402147,0.2278088253667303,0.25148065644470097,0.26922986819551376,0.26922986819551376,5,1
XOM,2023-09-28,0.40137405138829396,0.20889695575587275,0.3897290184916328,0.01164503289666119,0.01164503289666119,5,1
XOM,2023-09-29,0.47909795039065145,0.15833141268659964,0.36257063678862794,0.11652731360202351,0.11652731360202351,5,1
XOM,2023-10-02,0.40267818164999797,0.12004851941085697,0.4772732623016315,0.0745950806516335,-0.0745950806516335,5,1
XOM,2023-10-03,0.8268746812997316,0.16382772255710623,0.009297663865985609,0.817577017433746,0.817577017433746,2,1
XOM,2023-10-04,0.18431868369085247,0.049851716008758276,0.7658295814154404,0.581510897724588,-0.581510897724588,5,1
XOM,2023-10-05,0.19722910956346457,0.017956167247709865,0.7848147083606173,0.5875855987971528,-0.5875855987971528,5,1
XOM,2023-10-06,0.01065881949602943,0.01611860606792962,0.9732225685911452,0.9625637490951158,-0.9625637490951158,5,1
XOM,2023-10-09,0.01441584980424376,0.015949807426979535,0.9696343539584876,0.9552185041542439,-0.9552185041542439,5,1
XOM,2023-10-10,0.631683088741,0.1574673711364925,0.21084951211830977,0.4208335766226902,0.4208335766226902,5,1
XOM,2023-10-11,0.2010083991131373,0.022517212976867,0.7764743864627814,0.5754659873496442,-0.5754659873496442,5,1
XOM,2023-10-12,0.16038429407454705,0.2711800198463941,0.5684356850901756,0.4080513910156286,-0.4080513910156286,5,1
XOM,2023-10-13,0.0,0.0,0.0,0.0,0.0,0,0
XOM,2023-10-16,0.0,0.0,0.0,0.0,0.0,0,0
XOM,2023-10-17,0.32426573757619626,0.07473952532039034,0.6009947654730352,0.27672902789683895,-0.27672902789683895,5,1
XOM,2023-10-18,0.1953855735726765,0.022429503630311143,0.7821849592132221,0.5867993856405456,-0.5867993856405456,5,1
XOM,2023-10-19,0.6585432575833904,0.3300233486668802,0.011433411773256694,0.6471098458101336,0.6471098458101336,5,1
XOM,2023-10-20,0.34624584244320133,0.054384274624003096,0.5993698702060358,0.2531240277628345,-0.2531240277628345,5,1
XOM,2023-10-23,0.1997909890403412,0.028055853974001486,0.7721531305030137,0.5723621414626725,-0.5723621414626725,5,1
XOM,2023-10-24,0.8713138876606886,0.10917037883654179,0.019515726436394546,0.8517981612242941,0.8517981612242941,5,1
XOM,2023-10-25,0.21699566203100273,0.043078947897721265,0.7399254009528345,0.5229297389218318,-0.5229297389218318,5,1
XOM,2023-10-26,0.571660668677596,0.12208448643664557,0.3062548393060477,0.26540582937154833,0.26540582937154833,5,1
XOM,2023-10-27,0.010226017450673757,0.01618014783348976,0.9735938299190443,0.9633678124683706,-0.9633678124683706,5,1
XOM,2023-10-30,0.43131692999613586,0.13177097238073762,0.43691212882060626,0.005595198824470404,-0.005595198824470404,5,1
XOM,2023-10-31,0.21793248494662615,0.06796354402522416,0.714103985295868,0.4961715003492419,-0.4961715003492419,5,1
XOM,2023-11-01,0.5347936961531722,0.08772489804967987,0.3774813787211886,0.1573123174319836,0.1573123174319836,5,1
XOM,2023-11-02,0.7184817173972843,0.06241623349219019,0.2191020122349136,0.4993797051623707,0.4993797051623707,5,1
XOM,2023-11-03,0.635829803405996,0.12440642356737136,0.23976379623056604,0.39606600717543,0.39606600717543,5,1
XOM,2023-11-06,0.4565765001093987,0.10088284511572204,0.44254067821707765,0.014035821892321054,0.014035821892321054,2,1
XOM,2023-11-07,0.22202989439232224,0.06981168369319049,0.7081584028824838,0.48612850849016154,-0.48612850849016154,5,1
XOM,2023-11-08,0.33723584594884654,0.2643464747382898,0.3984176738414912,0.06118182789264465,-0.06118182789264465,5,1
XOM,2023-11-09,0.019543147221305898,0.11381198471970792,0.8666448578594926,0.8471017106381867,-0.8471017106381867,5,1
XOM,2023-11-10,0.7301431771153448,0.05240452791780488,0.2174522986506916,0.5126908784646532,0.5126908784646532,5,1
XOM,2023-11-13,0.5943174231891154,0.13305975395544656,0.27262279392094624,0.32169462926816916,0.32169462926816916,5,1
XOM,2023-11-14,0.6997959241172879,0.08418342563434109,0.21602066246468876,0.4837752616525991,0.4837752616525991,5,1
XOM,2023-11-15,0.6553776089354073,0.33357640206867034,0.011046022907527552,0.6443315860278798,0.6443315860278798,5,1
XOM,2023-11-16,0.21921244950985483,0.15247228148848663,0.6283152814511632,0.40910283194130836,-0.40910283194130836,5,1
XOM,2023-11-17,0.7877429309461972,0.12304310755084656,0.08921398040589998,0.6985289505402972,0.6985289505402972,5,1
XOM,2023-11-20,0.03543781489133835,0.3993329107761383,0.5652292966842651,0.5297914817929268,-0.5297914817929268,1,1
XOM,2023-11-21,0.8831991633198993,0.10615434535633454,0.010646511422759821,0.8725526518971395,0.8725526518971395,5,1
XOM,2023-11-22,0.47755519106709193,0.16765796023508442,0.35478683131026784,0.1227683597568241,0.1227683597568241,5,1
XOM,2023-11-24,0.5270770150022424,0.42590563630926404,0.04701733576642375,0.4800596792358186,0.4800596792358186,5,1
XOM,2023-11-27,0.8662609566708106,0.11682352990407177,0.016915571407381643,0.849345385263429,0.849345385263429,3,1
XOM,2023-11-28,0.32605008198003776,0.09914164485942162,0.5748082515069224,0.24875816952688462,-0.24875816952688462,5,1
XOM,2023-11-29,0.495863463394812,0.06916552207407618,0.4349710200776626,0.060892443317149436,0.060892443317149436,5,1
XOM,2023-11-30,0.6643491283878582,0.3122044299524069,0.023446458539837813,0.6409026698480204,0.6409026698480204,5,1
XOM,2023-12-01,0.6470540866617226,0.12682428447785657,0.22612162794904056,0.42093245871268203,0.42093245871268203,5,1
XOM,2023-12-04,0.1358465552330017,0.8348917365074158,0.029261671006679535,0.10658488422632217,0.10658488422632217,1,1
XOM,2023-12-05,0.6847879679815134,0.08686810219318085,0.22834394379131087,0.4564440241902026,0.4564440241902026,5,1
XOM,2023-12-06,0.3681039609739326,0.02949805794557796,0.6023979957468749,0.2342940347729423,-0.2342940347729423,5,1
XOM,2023-12-07,0.39070721872637604,0.03372208333588552,0.5755706949484112,0.18486347622203514,-0.18486347622203514,5,1
XOM,2023-12-08,0.010309867369378832,0.01971690406613083,0.9699732304147324,0.9596633630453536,-0.9596633630453536,5,1
XOM,2023-12-11,0.17454911057797878,0.03670316771110871,0.7887477088877566,0.6141985983097777,-0.6141985983097777,5,1
XOM,2023-12-12,0.4834079582239431,0.09843747854531451,0.41815456464236106,0.06525339358158205,0.06525339358158205,5,1
XOM,2023-12-13,0.6147825632906878,0.20886930333427547,0.17634815301961226,0.43843441027107555,0.43843441027107555,5,1
XOM,2023-12-14,0.23765667892011447,0.18344465145830413,0.5788986524991965,0.34124197357908204,-0.34124197357908204,5,1
XOM,2023-12-15,0.6790648378068533,0.07329396098349601,0.24764121155938162,0.4314236262474717,0.4314236262474717,5,1
